/*******************************************************************************
 * Size: 16 px
 * Bpp: 4
 * Opts: --no-compress --no-prefilter --bpp 4 --size 16 --format lvgl --force-fast-kern-format --lv-include lvgl.h --lv-font-name perch_font_16 -o src/fonts/perch_font_16.c --font .pio/libdeps/release/lvgl/scripts/built_in_font/Montserrat-Medium.ttf -r 0x20-0x7E,0xA0-0xFF,0x2013-0x2014,0x2018-0x2019,0x201C-0x201D,0x2022,0x2026,0x20AC --font .pio/libdeps/release/lvgl/scripts/built_in_font/DejaVuSans.ttf -r 0x391-0x3A1,0x3A3-0x3A9,0x3B1-0x3C9,0x3D1,0x3D5,0x3F5,0x2B0,0x2B2-0x2B3,0x2B7-0x2B8,0x2E1-0x2E3,0x1D40,0x1D43,0x1D47-0x1D49,0x1D4D,0x1D4F-0x1D50,0x1D52,0x1D56-0x1D58,0x1D5B,0x1D62-0x1D65,0x1D9C,0x1DA0,0x1DBB,0x2C7C,0x2070-0x2071,0x2074-0x208E,0x2090-0x209C,0x2032-0x2033,0x2044,0x2102,0x210F,0x2113,0x2115,0x211A,0x211D,0x2124,0x2150-0x215E,0x2190-0x2194,0x21D0-0x21D4,0x2200,0x2202-0x2203,0x2205,0x2207-0x2209,0x220F,0x2211-0x2213,0x2218-0x221B,0x221D-0x221E,0x2220,0x2225-0x222C,0x222E,0x2234-0x2235,0x223C,0x2245,0x2248,0x2260-0x2261,0x2264-0x2265,0x226A-0x226B,0x2282-0x2283,0x2286-0x2287,0x2295,0x2297,0x22A5,0x22C5,0x22EF,0x2308-0x230B,0x2713,0x2717 --font .pio/libdeps/release/lvgl/scripts/built_in_font/FontAwesome5-Solid+Brands+Regular.woff -r 61441,61448,61451,61452,61453,61457,61459,61461,61465,61468,61473,61478,61479,61480,61502,61507,61512,61515,61516,61517,61521,61522,61523,61524,61543,61544,61550,61552,61553,61556,61559,61560,61561,61563,61587,61589,61636,61637,61639,61641,61664,61671,61674,61683,61724,61732,61787,61931,62016,62017,62018,62019,62020,62087,62099,62212,62189,62810,63426,63650
 ******************************************************************************/

#ifdef LV_LVGL_H_INCLUDE_SIMPLE
#include "lvgl.h"
#else
#include "lvgl.h"
#endif

#ifndef PERCH_FONT_16
#define PERCH_FONT_16 1
#endif

#if PERCH_FONT_16

/*-----------------
 *    BITMAPS
 *----------------*/

/*Store the image of the glyphs*/
static LV_ATTRIBUTE_LARGE_CONST const uint8_t glyph_bitmap[] = {
    /* U+0020 " " */

    /* U+0021 "!" */
    0xbf, 0xb, 0xf0, 0xaf, 0xa, 0xe0, 0x9e, 0x8,
    0xd0, 0x8c, 0x7, 0xc0, 0x0, 0x0, 0x10, 0xbf,
    0x1a, 0xe0,

    /* U+0022 "\"" */
    0xf5, 0x1f, 0x3f, 0x51, 0xf3, 0xe4, 0xf, 0x3e,
    0x40, 0xf2, 0x72, 0x8, 0x10,

    /* U+0023 "#" */
    0x0, 0x6, 0xc0, 0x3, 0xe0, 0x0, 0x0, 0x7a,
    0x0, 0x5c, 0x0, 0x0, 0x9, 0x80, 0x7, 0xa0,
    0x1, 0xff, 0xff, 0xff, 0xff, 0xfd, 0x3, 0x3e,
    0x73, 0x3c, 0x83, 0x30, 0x0, 0xf2, 0x0, 0xc5,
    0x0, 0x0, 0xf, 0x10, 0xe, 0x30, 0x0, 0x2,
    0xf0, 0x0, 0xf2, 0x0, 0x9f, 0xff, 0xff, 0xff,
    0xff, 0x41, 0x38, 0xc3, 0x36, 0xe3, 0x30, 0x0,
    0x89, 0x0, 0x5c, 0x0, 0x0, 0xa, 0x70, 0x7,
    0xa0, 0x0,

    /* U+0024 "$" */
    0x0, 0x0, 0x79, 0x0, 0x0, 0x0, 0x0, 0x79,
    0x0, 0x0, 0x0, 0x5c, 0xff, 0xe9, 0x20, 0x6,
    0xfc, 0xbc, 0x9e, 0x90, 0xe, 0xb0, 0x79, 0x0,
    0x10, 0xf, 0x80, 0x79, 0x0, 0x0, 0xd, 0xf5,
    0x79, 0x0, 0x0, 0x3, 0xef, 0xfd, 0x50, 0x0,
    0x0, 0x6, 0xcf, 0xfe, 0x40, 0x0, 0x0, 0x79,
    0x5e, 0xf1, 0x0, 0x0, 0x79, 0x5, 0xf3, 0x7,
    0x0, 0x79, 0x7, 0xf1, 0x2f, 0xe9, 0xbc, 0xaf,
    0xa0, 0x3, 0xae, 0xff, 0xd7, 0x0, 0x0, 0x0,
    0x79, 0x0, 0x0, 0x0, 0x0, 0x79, 0x0, 0x0,

    /* U+0025 "%" */
    0x3, 0xde, 0x80, 0x0, 0x5, 0xd0, 0x0, 0xe4,
    0xc, 0x50, 0x1, 0xe3, 0x0, 0x4c, 0x0, 0x5a,
    0x0, 0xa9, 0x0, 0x6, 0xa0, 0x4, 0xc0, 0x4e,
    0x0, 0x0, 0x4c, 0x0, 0x5a, 0xd, 0x50, 0x0,
    0x0, 0xe4, 0x1c, 0x58, 0xa0, 0x0, 0x0, 0x3,
    0xce, 0x73, 0xe1, 0x3c, 0xe9, 0x0, 0x0, 0x0,
    0xd6, 0xe, 0x40, 0xa8, 0x0, 0x0, 0x7c, 0x3,
    0xc0, 0x3, 0xd0, 0x0, 0x2e, 0x20, 0x3c, 0x0,
    0x3d, 0x0, 0xb, 0x70, 0x0, 0xe2, 0x9, 0x80,
    0x6, 0xd0, 0x0, 0x4, 0xdd, 0xa0,

    /* U+0026 "&" */
    0x0, 0x9, 0xef, 0xb1, 0x0, 0x0, 0x9, 0xe4,
    0x3c, 0xa0, 0x0, 0x0, 0xd9, 0x0, 0x7d, 0x0,
    0x0, 0xc, 0xc0, 0x1c, 0xa0, 0x0, 0x0, 0x3f,
    0xae, 0xc1, 0x0, 0x0, 0x1, 0xdf, 0xc0, 0x0,
    0x0, 0x3, 0xeb, 0x8f, 0x70, 0x18, 0x0, 0xdb,
    0x0, 0x7f, 0x65, 0xf0, 0x3f, 0x40, 0x0, 0x8f,
    0xea, 0x3, 0xf7, 0x0, 0x0, 0xcf, 0x70, 0xb,
    0xf9, 0x66, 0xcf, 0xbf, 0x40, 0x8, 0xdf, 0xea,
    0x30, 0xa5, 0x0, 0x0, 0x0, 0x0, 0x0, 0x0,

    /* U+0027 "'" */
    0xf5, 0xf5, 0xe4, 0xe4, 0x72,

    /* U+0028 "(" */
    0x0, 0xda, 0x5, 0xf2, 0xb, 0xc0, 0xf, 0x70,
    0x3f, 0x40, 0x5f, 0x20, 0x6f, 0x10, 0x7f, 0x0,
    0x6f, 0x10, 0x5f, 0x20, 0x3f, 0x40, 0xf, 0x70,
    0xb, 0xc0, 0x5, 0xf2, 0x0, 0xda,

    /* U+0029 ")" */
    0x3f, 0x30, 0xc, 0xb0, 0x6, 0xf1, 0x1, 0xf6,
    0x0, 0xe9, 0x0, 0xbc, 0x0, 0xad, 0x0, 0xae,
    0x0, 0xad, 0x0, 0xbc, 0x0, 0xe9, 0x1, 0xf6,
    0x6, 0xf1, 0xc, 0xb0, 0x3f, 0x30,

    /* U+002A "*" */
    0x0, 0x4a, 0x0, 0x6, 0x74, 0xa4, 0xa0, 0x2b,
    0xff, 0xe5, 0x0, 0x7f, 0xfb, 0x20, 0x7b, 0x6b,
    0x8d, 0x0, 0x4, 0xa0, 0x0, 0x0, 0x13, 0x0,
    0x0,

    /* U+002B "+" */
    0x0, 0x5, 0x10, 0x0, 0x0, 0xf, 0x50, 0x0,
    0x0, 0xf, 0x50, 0x0, 0x1, 0x1f, 0x51, 0x10,
    0xef, 0xff, 0xff, 0xf3, 0x34, 0x4f, 0x74, 0x40,
    0x0, 0xf, 0x50, 0x0, 0x0, 0xf, 0x50, 0x0,

    /* U+002C "," */
    0x9, 0x52, 0xfd, 0xb, 0xa0, 0xc5, 0xf, 0x0,

    /* U+002D "-" */
    0x1, 0x11, 0x10, 0x1f, 0xff, 0xf3, 0x4, 0x44,
    0x40,

    /* U+002E "." */
    0x3, 0x12, 0xfc, 0x1e, 0x90,

    /* U+002F "/" */
    0x0, 0x0, 0x5, 0xf1, 0x0, 0x0, 0xa, 0xb0,
    0x0, 0x0, 0xf, 0x60, 0x0, 0x0, 0x5f, 0x10,
    0x0, 0x0, 0xab, 0x0, 0x0, 0x0, 0xf6, 0x0,
    0x0, 0x5, 0xf1, 0x0, 0x0, 0xa, 0xb0, 0x0,
    0x0, 0xf, 0x60, 0x0, 0x0, 0x4f, 0x10, 0x0,
    0x0, 0xac, 0x0, 0x0, 0x0, 0xf6, 0x0, 0x0,
    0x4, 0xf1, 0x0, 0x0, 0xa, 0xc0, 0x0, 0x0,
    0xe, 0x60, 0x0, 0x0, 0x4f, 0x10, 0x0, 0x0,

    /* U+0030 "0" */
    0x0, 0x8, 0xef, 0xc5, 0x0, 0x0, 0xcf, 0xa8,
    0xcf, 0x70, 0x7, 0xf5, 0x0, 0xa, 0xf2, 0xd,
    0xc0, 0x0, 0x1, 0xf8, 0x1f, 0x80, 0x0, 0x0,
    0xdc, 0x3f, 0x60, 0x0, 0x0, 0xbd, 0x3f, 0x60,
    0x0, 0x0, 0xbd, 0x1f, 0x80, 0x0, 0x0, 0xdc,
    0xd, 0xc0, 0x0, 0x1, 0xf8, 0x7, 0xf5, 0x0,
    0xa, 0xf2, 0x0, 0xcf, 0xa8, 0xcf, 0x70, 0x0,
    0x8, 0xef, 0xc5, 0x0,

    /* U+0031 "1" */
    0xef, 0xff, 0x36, 0x7a, 0xf3, 0x0, 0x5f, 0x30,
    0x5, 0xf3, 0x0, 0x5f, 0x30, 0x5, 0xf3, 0x0,
    0x5f, 0x30, 0x5, 0xf3, 0x0, 0x5f, 0x30, 0x5,
    0xf3, 0x0, 0x5f, 0x30, 0x5, 0xf3,

    /* U+0032 "2" */
    0x4, 0xbe, 0xfd, 0x70, 0x7, 0xfd, 0x98, 0xcf,
    0x90, 0x28, 0x0, 0x0, 0xbf, 0x0, 0x0, 0x0,
    0x7, 0xf2, 0x0, 0x0, 0x0, 0xaf, 0x0, 0x0,
    0x0, 0x4f, 0x80, 0x0, 0x0, 0x3f, 0xc0, 0x0,
    0x0, 0x3e, 0xc1, 0x0, 0x0, 0x2e, 0xd1, 0x0,
    0x0, 0x2e, 0xd1, 0x0, 0x0, 0x2e, 0xf8, 0x77,
    0x77, 0x46, 0xff, 0xff, 0xff, 0xfa,

    /* U+0033 "3" */
    0x6f, 0xff, 0xff, 0xff, 0x2, 0x77, 0x77, 0x9f,
    0xb0, 0x0, 0x0, 0xc, 0xe1, 0x0, 0x0, 0x9,
    0xf3, 0x0, 0x0, 0x5, 0xf6, 0x0, 0x0, 0x0,
    0xdf, 0xe9, 0x10, 0x0, 0x4, 0x59, 0xfd, 0x0,
    0x0, 0x0, 0x6, 0xf4, 0x0, 0x0, 0x0, 0x3f,
    0x64, 0x40, 0x0, 0x8, 0xf3, 0xbf, 0xc9, 0x8c,
    0xfb, 0x0, 0x7c, 0xff, 0xd7, 0x0,

    /* U+0034 "4" */
    0x0, 0x0, 0x1, 0xeb, 0x0, 0x0, 0x0, 0x0,
    0xbe, 0x10, 0x0, 0x0, 0x0, 0x6f, 0x50, 0x0,
    0x0, 0x0, 0x2f, 0x90, 0x0, 0x0, 0x0, 0xc,
    0xd0, 0x0, 0x0, 0x0, 0x8, 0xf3, 0x1, 0xd5,
    0x0, 0x3, 0xf8, 0x0, 0x2f, 0x60, 0x0, 0xed,
    0x22, 0x23, 0xf7, 0x21, 0x6f, 0xff, 0xff, 0xff,
    0xff, 0x81, 0x55, 0x55, 0x56, 0xf9, 0x52, 0x0,
    0x0, 0x0, 0x2f, 0x60, 0x0, 0x0, 0x0, 0x2,
    0xf6, 0x0,

    /* U+0035 "5" */
    0x5, 0xff, 0xff, 0xff, 0x0, 0x7f, 0x77, 0x77,
    0x70, 0x8, 0xe0, 0x0, 0x0, 0x0, 0xad, 0x0,
    0x0, 0x0, 0xb, 0xc2, 0x10, 0x0, 0x0, 0xdf,
    0xff, 0xfb, 0x30, 0x4, 0x55, 0x68, 0xff, 0x20,
    0x0, 0x0, 0x4, 0xf8, 0x0, 0x0, 0x0, 0xf,
    0x92, 0x50, 0x0, 0x5, 0xf6, 0x8f, 0xd9, 0x8a,
    0xfd, 0x0, 0x5b, 0xef, 0xe9, 0x10,

    /* U+0036 "6" */
    0x0, 0x5, 0xce, 0xfc, 0x60, 0x0, 0x9f, 0xc8,
    0x8b, 0x70, 0x5, 0xf8, 0x0, 0x0, 0x0, 0xc,
    0xd0, 0x0, 0x0, 0x0, 0x1f, 0x80, 0x0, 0x0,
    0x0, 0x2f, 0x68, 0xef, 0xfa, 0x10, 0x3f, 0xee,
    0x64, 0x8f, 0xd0, 0x2f, 0xf1, 0x0, 0x6, 0xf4,
    0xe, 0xc0, 0x0, 0x2, 0xf6, 0x9, 0xf1, 0x0,
    0x6, 0xf3, 0x1, 0xde, 0x86, 0x9f, 0xb0, 0x0,
    0x19, 0xef, 0xd8, 0x0,

    /* U+0037 "7" */
    0x8f, 0xff, 0xff, 0xff, 0xe8, 0xf7, 0x77, 0x77,
    0xfc, 0x8f, 0x0, 0x0, 0x4f, 0x55, 0x90, 0x0,
    0xb, 0xe0, 0x0, 0x0, 0x2, 0xf8, 0x0, 0x0,
    0x0, 0x9f, 0x10, 0x0, 0x0, 0xf, 0xb0, 0x0,
    0x0, 0x6, 0xf4, 0x0, 0x0, 0x0, 0xdd, 0x0,
    0x0, 0x0, 0x3f, 0x70, 0x0, 0x0, 0xa, 0xf1,
    0x0, 0x0, 0x1, 0xf9, 0x0, 0x0,

    /* U+0038 "8" */
    0x0, 0x5c, 0xff, 0xd7, 0x0, 0x6, 0xfc, 0x76,
    0xaf, 0xa0, 0xc, 0xd0, 0x0, 0x9, 0xf1, 0xd,
    0xc0, 0x0, 0x7, 0xf2, 0x7, 0xf7, 0x11, 0x5e,
    0xc0, 0x0, 0xbf, 0xff, 0xfe, 0x10, 0x9, 0xf9,
    0x54, 0x7e, 0xd0, 0x2f, 0x80, 0x0, 0x4, 0xf6,
    0x4f, 0x50, 0x0, 0x0, 0xf8, 0x1f, 0xa0, 0x0,
    0x5, 0xf6, 0x9, 0xfb, 0x76, 0xaf, 0xd0, 0x0,
    0x6c, 0xff, 0xd8, 0x10,

    /* U+0039 "9" */
    0x0, 0x8e, 0xfd, 0x80, 0x0, 0xc, 0xf8, 0x68,
    0xfc, 0x0, 0x5f, 0x50, 0x0, 0x3f, 0x70, 0x8f,
    0x0, 0x0, 0xe, 0xc0, 0x7f, 0x30, 0x0, 0x1f,
    0xf0, 0x1f, 0xd4, 0x13, 0xcf, 0xf1, 0x4, 0xef,
    0xff, 0xa9, 0xf0, 0x0, 0x2, 0x31, 0xa, 0xf0,
    0x0, 0x0, 0x0, 0xe, 0xa0, 0x0, 0x0, 0x0,
    0x9f, 0x30, 0x9, 0xa7, 0x8d, 0xf7, 0x0, 0x7,
    0xdf, 0xeb, 0x40, 0x0,

    /* U+003A ":" */
    0x1e, 0x92, 0xfc, 0x3, 0x10, 0x0, 0x0, 0x0,
    0x0, 0x3, 0x12, 0xfc, 0x1e, 0x90,

    /* U+003B ";" */
    0x1e, 0x92, 0xfc, 0x3, 0x10, 0x0, 0x0, 0x0,
    0x0, 0x0, 0x1, 0xe9, 0x1f, 0xd0, 0xa8, 0xe,
    0x30, 0xa0,

    /* U+003C "<" */
    0x0, 0x0, 0x0, 0x42, 0x0, 0x1, 0x7d, 0xf3,
    0x3, 0x9f, 0xe8, 0x10, 0xbf, 0xb5, 0x0, 0x0,
    0xee, 0x81, 0x0, 0x0, 0x6, 0xdf, 0xb4, 0x0,
    0x0, 0x4, 0xaf, 0xd2, 0x0, 0x0, 0x1, 0x82,

    /* U+003D "=" */
    0xef, 0xff, 0xff, 0xf3, 0x45, 0x55, 0x55, 0x51,
    0x0, 0x0, 0x0, 0x0, 0x1, 0x11, 0x11, 0x10,
    0xef, 0xff, 0xff, 0xf3, 0x34, 0x44, 0x44, 0x40,

    /* U+003E ">" */
    0x50, 0x0, 0x0, 0x0, 0xef, 0x92, 0x0, 0x0,
    0x6, 0xcf, 0xb5, 0x0, 0x0, 0x3, 0x9f, 0xe2,
    0x0, 0x0, 0x6c, 0xf3, 0x2, 0x9e, 0xe9, 0x20,
    0xbf, 0xc6, 0x0, 0x0, 0x93, 0x0, 0x0, 0x0,

    /* U+003F "?" */
    0x4, 0xbe, 0xfd, 0x70, 0x7, 0xfc, 0x77, 0xbf,
    0xa0, 0x27, 0x0, 0x0, 0xcf, 0x0, 0x0, 0x0,
    0x9, 0xf0, 0x0, 0x0, 0x1, 0xea, 0x0, 0x0,
    0x1, 0xdd, 0x10, 0x0, 0x0, 0xce, 0x10, 0x0,
    0x0, 0x3f, 0x60, 0x0, 0x0, 0x1, 0x30, 0x0,
    0x0, 0x0, 0x1, 0x0, 0x0, 0x0, 0x6, 0xf5,
    0x0, 0x0, 0x0, 0x5f, 0x40, 0x0,

    /* U+0040 "@" */
    0x0, 0x0, 0x17, 0xce, 0xfd, 0xb5, 0x0, 0x0,
    0x0, 0x5, 0xfb, 0x53, 0x23, 0x7d, 0xc2, 0x0,
    0x0, 0x6e, 0x40, 0x0, 0x0, 0x0, 0x8e, 0x10,
    0x2, 0xf4, 0x1, 0xae, 0xfa, 0x3f, 0x49, 0xb0,
    0xa, 0x90, 0x1e, 0xe6, 0x5b, 0xef, 0x40, 0xe3,
    0xf, 0x30, 0x8f, 0x10, 0x0, 0xaf, 0x40, 0x98,
    0x1f, 0x0, 0xd9, 0x0, 0x0, 0x3f, 0x40, 0x6a,
    0x3f, 0x0, 0xe8, 0x0, 0x0, 0x1f, 0x40, 0x5c,
    0x1f, 0x0, 0xd9, 0x0, 0x0, 0x3f, 0x40, 0x6a,
    0xf, 0x30, 0x8f, 0x10, 0x0, 0xaf, 0x40, 0x98,
    0xa, 0x90, 0x1e, 0xd6, 0x5a, 0xde, 0xa6, 0xf2,
    0x3, 0xf3, 0x1, 0xaf, 0xfa, 0x16, 0xee, 0x50,
    0x0, 0x6e, 0x40, 0x0, 0x0, 0x0, 0x0, 0x0,
    0x0, 0x6, 0xfb, 0x53, 0x23, 0x75, 0x0, 0x0,
    0x0, 0x0, 0x17, 0xce, 0xfd, 0xa3, 0x0, 0x0,

    /* U+0041 "A" */
    0x0, 0x0, 0x2, 0xfd, 0x0, 0x0, 0x0, 0x0,
    0x0, 0x9f, 0xf4, 0x0, 0x0, 0x0, 0x0, 0xf,
    0x9e, 0xb0, 0x0, 0x0, 0x0, 0x6, 0xf2, 0x7f,
    0x20, 0x0, 0x0, 0x0, 0xdc, 0x1, 0xf8, 0x0,
    0x0, 0x0, 0x4f, 0x60, 0xb, 0xe0, 0x0, 0x0,
    0xb, 0xf0, 0x0, 0x4f, 0x60, 0x0, 0x1, 0xfa,
    0x11, 0x11, 0xed, 0x0, 0x0, 0x8f, 0xff, 0xff,
    0xff, 0xf3, 0x0, 0xe, 0xc4, 0x44, 0x44, 0x4f,
    0xa0, 0x6, 0xf4, 0x0, 0x0, 0x0, 0xaf, 0x10,
    0xcd, 0x0, 0x0, 0x0, 0x2, 0xf8,

    /* U+0042 "B" */
    0x5f, 0xff, 0xff, 0xeb, 0x40, 0x5, 0xf8, 0x55,
    0x57, 0xdf, 0x40, 0x5f, 0x40, 0x0, 0x1, 0xfa,
    0x5, 0xf4, 0x0, 0x0, 0xf, 0xa0, 0x5f, 0x51,
    0x11, 0x3a, 0xf4, 0x5, 0xff, 0xff, 0xff, 0xfa,
    0x0, 0x5f, 0x74, 0x44, 0x59, 0xfa, 0x5, 0xf4,
    0x0, 0x0, 0x8, 0xf2, 0x5f, 0x40, 0x0, 0x0,
    0x5f, 0x45, 0xf4, 0x0, 0x0, 0x9, 0xf2, 0x5f,
    0x85, 0x55, 0x6a, 0xfb, 0x5, 0xff, 0xff, 0xff,
    0xd7, 0x0,

    /* U+0043 "C" */
    0x0, 0x2, 0x8d, 0xfe, 0xb4, 0x0, 0x4, 0xff,
    0xb8, 0x9d, 0xf9, 0x2, 0xfd, 0x20, 0x0, 0x8,
    0x50, 0xbf, 0x20, 0x0, 0x0, 0x0, 0xf, 0xa0,
    0x0, 0x0, 0x0, 0x2, 0xf6, 0x0, 0x0, 0x0,
    0x0, 0x2f, 0x60, 0x0, 0x0, 0x0, 0x0, 0xfa,
    0x0, 0x0, 0x0, 0x0, 0xb, 0xf2, 0x0, 0x0,
    0x0, 0x0, 0x2f, 0xd2, 0x0, 0x0, 0x85, 0x0,
    0x5f, 0xfb, 0x89, 0xdf, 0x80, 0x0, 0x29, 0xdf,
    0xeb, 0x40,

    /* U+0044 "D" */
    0x5f, 0xff, 0xff, 0xea, 0x30, 0x0, 0x5f, 0x97,
    0x77, 0x9e, 0xf8, 0x0, 0x5f, 0x40, 0x0, 0x0,
    0xaf, 0x60, 0x5f, 0x40, 0x0, 0x0, 0xd, 0xe0,
    0x5f, 0x40, 0x0, 0x0, 0x6, 0xf4, 0x5f, 0x40,
    0x0, 0x0, 0x3, 0xf6, 0x5f, 0x40, 0x0, 0x0,
    0x3, 0xf6, 0x5f, 0x40, 0x0, 0x0, 0x6, 0xf4,
    0x5f, 0x40, 0x0, 0x0, 0xd, 0xe0, 0x5f, 0x40,
    0x0, 0x0, 0xaf, 0x60, 0x5f, 0x97, 0x77, 0x9e,
    0xf8, 0x0, 0x5f, 0xff, 0xff, 0xea, 0x30, 0x0,

    /* U+0045 "E" */
    0x5f, 0xff, 0xff, 0xff, 0x95, 0xf9, 0x77, 0x77,
    0x74, 0x5f, 0x40, 0x0, 0x0, 0x5, 0xf4, 0x0,
    0x0, 0x0, 0x5f, 0x51, 0x11, 0x11, 0x5, 0xff,
    0xff, 0xff, 0xe0, 0x5f, 0x74, 0x44, 0x44, 0x5,
    0xf4, 0x0, 0x0, 0x0, 0x5f, 0x40, 0x0, 0x0,
    0x5, 0xf4, 0x0, 0x0, 0x0, 0x5f, 0x97, 0x77,
    0x77, 0x65, 0xff, 0xff, 0xff, 0xfd,

    /* U+0046 "F" */
    0x5f, 0xff, 0xff, 0xff, 0x95, 0xf9, 0x77, 0x77,
    0x74, 0x5f, 0x40, 0x0, 0x0, 0x5, 0xf4, 0x0,
    0x0, 0x0, 0x5f, 0x40, 0x0, 0x0, 0x5, 0xf5,
    0x22, 0x22, 0x10, 0x5f, 0xff, 0xff, 0xfe, 0x5,
    0xf8, 0x55, 0x55, 0x40, 0x5f, 0x40, 0x0, 0x0,
    0x5, 0xf4, 0x0, 0x0, 0x0, 0x5f, 0x40, 0x0,
    0x0, 0x5, 0xf4, 0x0, 0x0, 0x0,

    /* U+0047 "G" */
    0x0, 0x1, 0x8d, 0xfe, 0xb5, 0x0, 0x0, 0x4f,
    0xfb, 0x89, 0xdf, 0xb0, 0x2, 0xfd, 0x20, 0x0,
    0x6, 0x60, 0xb, 0xf2, 0x0, 0x0, 0x0, 0x0,
    0xf, 0xa0, 0x0, 0x0, 0x0, 0x0, 0x2f, 0x60,
    0x0, 0x0, 0x0, 0x0, 0x2f, 0x60, 0x0, 0x0,
    0x9, 0xf0, 0xf, 0xa0, 0x0, 0x0, 0x9, 0xf0,
    0xb, 0xf2, 0x0, 0x0, 0x9, 0xf0, 0x2, 0xfd,
    0x20, 0x0, 0xa, 0xf0, 0x0, 0x4f, 0xfb, 0x89,
    0xdf, 0xc0, 0x0, 0x2, 0x8d, 0xfe, 0xc6, 0x0,

    /* U+0048 "H" */
    0x5f, 0x40, 0x0, 0x0, 0x4f, 0x55, 0xf4, 0x0,
    0x0, 0x4, 0xf5, 0x5f, 0x40, 0x0, 0x0, 0x4f,
    0x55, 0xf4, 0x0, 0x0, 0x4, 0xf5, 0x5f, 0x52,
    0x22, 0x22, 0x5f, 0x55, 0xff, 0xff, 0xff, 0xff,
    0xf5, 0x5f, 0x85, 0x55, 0x55, 0x8f, 0x55, 0xf4,
    0x0, 0x0, 0x4, 0xf5, 0x5f, 0x40, 0x0, 0x0,
    0x4f, 0x55, 0xf4, 0x0, 0x0, 0x4, 0xf5, 0x5f,
    0x40, 0x0, 0x0, 0x4f, 0x55, 0xf4, 0x0, 0x0,
    0x4, 0xf5,

    /* U+0049 "I" */
    0x5f, 0x45, 0xf4, 0x5f, 0x45, 0xf4, 0x5f, 0x45,
    0xf4, 0x5f, 0x45, 0xf4, 0x5f, 0x45, 0xf4, 0x5f,
    0x45, 0xf4,

    /* U+004A "J" */
    0x0, 0xff, 0xff, 0xfa, 0x0, 0x77, 0x77, 0xfa,
    0x0, 0x0, 0x0, 0xfa, 0x0, 0x0, 0x0, 0xfa,
    0x0, 0x0, 0x0, 0xfa, 0x0, 0x0, 0x0, 0xfa,
    0x0, 0x0, 0x0, 0xfa, 0x0, 0x0, 0x0, 0xfa,
    0x0, 0x0, 0x0, 0xf9, 0x7, 0x20, 0x3, 0xf6,
    0xd, 0xe9, 0x8e, 0xf1, 0x1, 0xae, 0xfb, 0x30,

    /* U+004B "K" */
    0x5f, 0x40, 0x0, 0x2, 0xeb, 0x5, 0xf4, 0x0,
    0x1, 0xec, 0x0, 0x5f, 0x40, 0x1, 0xde, 0x10,
    0x5, 0xf4, 0x0, 0xce, 0x20, 0x0, 0x5f, 0x40,
    0xbf, 0x30, 0x0, 0x5, 0xf4, 0x9f, 0x90, 0x0,
    0x0, 0x5f, 0xcf, 0xef, 0x40, 0x0, 0x5, 0xff,
    0x91, 0xee, 0x10, 0x0, 0x5f, 0xa0, 0x3, 0xfc,
    0x0, 0x5, 0xf4, 0x0, 0x6, 0xf8, 0x0, 0x5f,
    0x40, 0x0, 0x9, 0xf5, 0x5, 0xf4, 0x0, 0x0,
    0xc, 0xf2,

    /* U+004C "L" */
    0x5f, 0x40, 0x0, 0x0, 0x5, 0xf4, 0x0, 0x0,
    0x0, 0x5f, 0x40, 0x0, 0x0, 0x5, 0xf4, 0x0,
    0x0, 0x0, 0x5f, 0x40, 0x0, 0x0, 0x5, 0xf4,
    0x0, 0x0, 0x0, 0x5f, 0x40, 0x0, 0x0, 0x5,
    0xf4, 0x0, 0x0, 0x0, 0x5f, 0x40, 0x0, 0x0,
    0x5, 0xf4, 0x0, 0x0, 0x0, 0x5f, 0x97, 0x77,
    0x77, 0x25, 0xff, 0xff, 0xff, 0xf5,

    /* U+004D "M" */
    0x5f, 0x40, 0x0, 0x0, 0x0, 0x1e, 0x95, 0xfc,
    0x0, 0x0, 0x0, 0x8, 0xf9, 0x5f, 0xf5, 0x0,
    0x0, 0x2, 0xff, 0x95, 0xfd, 0xe0, 0x0, 0x0,
    0xae, 0xf9, 0x5f, 0x5f, 0x70, 0x0, 0x3f, 0x5f,
    0x95, 0xf3, 0x8f, 0x10, 0xb, 0xc0, 0xf9, 0x5f,
    0x31, 0xe9, 0x4, 0xf3, 0xf, 0x95, 0xf3, 0x7,
    0xf2, 0xdb, 0x0, 0xf9, 0x5f, 0x30, 0xd, 0xef,
    0x20, 0xf, 0x95, 0xf3, 0x0, 0x5f, 0x90, 0x0,
    0xf9, 0x5f, 0x30, 0x0, 0x71, 0x0, 0xf, 0x95,
    0xf3, 0x0, 0x0, 0x0, 0x0, 0xf9,

    /* U+004E "N" */
    0x5f, 0x50, 0x0, 0x0, 0x4f, 0x55, 0xff, 0x20,
    0x0, 0x4, 0xf5, 0x5f, 0xfd, 0x0, 0x0, 0x4f,
    0x55, 0xfa, 0xf9, 0x0, 0x4, 0xf5, 0x5f, 0x4a,
    0xf5, 0x0, 0x4f, 0x55, 0xf4, 0xd, 0xf2, 0x4,
    0xf5, 0x5f, 0x40, 0x2f, 0xd0, 0x4f, 0x55, 0xf4,
    0x0, 0x6f, 0x94, 0xf5, 0x5f, 0x40, 0x0, 0xaf,
    0xaf, 0x55, 0xf4, 0x0, 0x0, 0xdf, 0xf5, 0x5f,
    0x40, 0x0, 0x2, 0xff, 0x55, 0xf4, 0x0, 0x0,
    0x6, 0xf5,

    /* U+004F "O" */
    0x0, 0x1, 0x8d, 0xfe, 0xb5, 0x0, 0x0, 0x4,
    0xff, 0xb8, 0x9e, 0xfa, 0x0, 0x2, 0xfd, 0x20,
    0x0, 0x8, 0xf9, 0x0, 0xbf, 0x20, 0x0, 0x0,
    0xa, 0xf2, 0xf, 0xa0, 0x0, 0x0, 0x0, 0x3f,
    0x72, 0xf6, 0x0, 0x0, 0x0, 0x0, 0xf9, 0x2f,
    0x60, 0x0, 0x0, 0x0, 0xf, 0x90, 0xfa, 0x0,
    0x0, 0x0, 0x3, 0xf7, 0xb, 0xf2, 0x0, 0x0,
    0x0, 0xaf, 0x20, 0x2f, 0xd2, 0x0, 0x0, 0x8f,
    0x90, 0x0, 0x4f, 0xfb, 0x89, 0xef, 0xa0, 0x0,
    0x0, 0x28, 0xdf, 0xeb, 0x50, 0x0,

    /* U+0050 "P" */
    0x5f, 0xff, 0xff, 0xd7, 0x0, 0x5f, 0x97, 0x78,
    0xbf, 0xc0, 0x5f, 0x40, 0x0, 0x7, 0xf6, 0x5f,
    0x40, 0x0, 0x0, 0xfa, 0x5f, 0x40, 0x0, 0x0,
    0xfa, 0x5f, 0x40, 0x0, 0x3, 0xf8, 0x5f, 0x62,
    0x23, 0x6e, 0xf1, 0x5f, 0xff, 0xff, 0xfd, 0x30,
    0x5f, 0x85, 0x54, 0x20, 0x0, 0x5f, 0x40, 0x0,
    0x0, 0x0, 0x5f, 0x40, 0x0, 0x0, 0x0, 0x5f,
    0x40, 0x0, 0x0, 0x0,

    /* U+0051 "Q" */
    0x0, 0x1, 0x8d, 0xfe, 0xb5, 0x0, 0x0, 0x0,
    0x4e, 0xfb, 0x89, 0xef, 0xa0, 0x0, 0x2, 0xfd,
    0x20, 0x0, 0x8, 0xf9, 0x0, 0xa, 0xf2, 0x0,
    0x0, 0x0, 0xaf, 0x20, 0xf, 0xa0, 0x0, 0x0,
    0x0, 0x3f, 0x70, 0x2f, 0x60, 0x0, 0x0, 0x0,
    0xf, 0x90, 0x2f, 0x60, 0x0, 0x0, 0x0, 0xf,
    0x90, 0x1f, 0x90, 0x0, 0x0, 0x0, 0x2f, 0x70,
    0xb, 0xf1, 0x0, 0x0, 0x0, 0xaf, 0x20, 0x3,
    0xfc, 0x10, 0x0, 0x7, 0xf9, 0x0, 0x0, 0x6f,
    0xfa, 0x78, 0xdf, 0xb0, 0x0, 0x0, 0x3, 0xae,
    0xff, 0xc5, 0x0, 0x0, 0x0, 0x0, 0x0, 0x3e,
    0xd4, 0x15, 0xb0, 0x0, 0x0, 0x0, 0x2, 0xbf,
    0xff, 0x80, 0x0, 0x0, 0x0, 0x0, 0x1, 0x31,
    0x0,

    /* U+0052 "R" */
    0x5f, 0xff, 0xff, 0xd7, 0x0, 0x5f, 0x97, 0x78,
    0xbf, 0xc0, 0x5f, 0x40, 0x0, 0x7, 0xf6, 0x5f,
    0x40, 0x0, 0x0, 0xfa, 0x5f, 0x40, 0x0, 0x0,
    0xfa, 0x5f, 0x40, 0x0, 0x3, 0xf8, 0x5f, 0x52,
    0x23, 0x6e, 0xe1, 0x5f, 0xff, 0xff, 0xfc, 0x30,
    0x5f, 0x85, 0x55, 0xf9, 0x0, 0x5f, 0x40, 0x0,
    0x7f, 0x40, 0x5f, 0x40, 0x0, 0xc, 0xe0, 0x5f,
    0x40, 0x0, 0x2, 0xf9,

    /* U+0053 "S" */
    0x0, 0x5c, 0xef, 0xd9, 0x20, 0x7, 0xfc, 0x87,
    0xaf, 0x90, 0xe, 0xc0, 0x0, 0x1, 0x10, 0xf,
    0x80, 0x0, 0x0, 0x0, 0xd, 0xf5, 0x0, 0x0,
    0x0, 0x3, 0xef, 0xea, 0x50, 0x0, 0x0, 0x5,
    0xae, 0xfe, 0x40, 0x0, 0x0, 0x0, 0x4e, 0xf1,
    0x0, 0x0, 0x0, 0x5, 0xf3, 0x8, 0x0, 0x0,
    0x8, 0xf2, 0x2f, 0xfa, 0x77, 0xbf, 0xa0, 0x2,
    0x9d, 0xff, 0xc7, 0x0,

    /* U+0054 "T" */
    0xff, 0xff, 0xff, 0xff, 0xf5, 0x67, 0x78, 0xfb,
    0x77, 0x72, 0x0, 0x1, 0xf7, 0x0, 0x0, 0x0,
    0x1, 0xf7, 0x0, 0x0, 0x0, 0x1, 0xf7, 0x0,
    0x0, 0x0, 0x1, 0xf7, 0x0, 0x0, 0x0, 0x1,
    0xf7, 0x0, 0x0, 0x0, 0x1, 0xf7, 0x0, 0x0,
    0x0, 0x1, 0xf7, 0x0, 0x0, 0x0, 0x1, 0xf7,
    0x0, 0x0, 0x0, 0x1, 0xf7, 0x0, 0x0, 0x0,
    0x1, 0xf7, 0x0, 0x0,

    /* U+0055 "U" */
    0x6f, 0x30, 0x0, 0x0, 0x8f, 0x16, 0xf3, 0x0,
    0x0, 0x8, 0xf1, 0x6f, 0x30, 0x0, 0x0, 0x8f,
    0x16, 0xf3, 0x0, 0x0, 0x8, 0xf1, 0x6f, 0x30,
    0x0, 0x0, 0x8f, 0x16, 0xf3, 0x0, 0x0, 0x8,
    0xf1, 0x6f, 0x30, 0x0, 0x0, 0x8f, 0x5, 0xf4,
    0x0, 0x0, 0x9, 0xf0, 0x3f, 0x70, 0x0, 0x0,
    0xcd, 0x0, 0xde, 0x20, 0x0, 0x5f, 0x80, 0x4,
    0xff, 0xa8, 0xbf, 0xd0, 0x0, 0x3, 0xbe, 0xfd,
    0x81, 0x0,

    /* U+0056 "V" */
    0xc, 0xe0, 0x0, 0x0, 0x0, 0x6f, 0x30, 0x6f,
    0x50, 0x0, 0x0, 0xc, 0xc0, 0x0, 0xfb, 0x0,
    0x0, 0x3, 0xf6, 0x0, 0x9, 0xf2, 0x0, 0x0,
    0xae, 0x0, 0x0, 0x2f, 0x80, 0x0, 0x1f, 0x90,
    0x0, 0x0, 0xce, 0x0, 0x7, 0xf2, 0x0, 0x0,
    0x5, 0xf6, 0x0, 0xdb, 0x0, 0x0, 0x0, 0xe,
    0xc0, 0x4f, 0x50, 0x0, 0x0, 0x0, 0x8f, 0x3b,
    0xe0, 0x0, 0x0, 0x0, 0x2, 0xfb, 0xf8, 0x0,
    0x0, 0x0, 0x0, 0xb, 0xff, 0x10, 0x0, 0x0,
    0x0, 0x0, 0x4f, 0xb0, 0x0, 0x0,

    /* U+0057 "W" */
    0x5f, 0x40, 0x0, 0x0, 0xdf, 0x0, 0x0, 0x2,
    0xf5, 0xf, 0x90, 0x0, 0x2, 0xff, 0x40, 0x0,
    0x7, 0xf0, 0xb, 0xe0, 0x0, 0x7, 0xfe, 0x90,
    0x0, 0xc, 0xb0, 0x6, 0xf3, 0x0, 0xc, 0xaa,
    0xe0, 0x0, 0x1f, 0x60, 0x1, 0xf8, 0x0, 0x1f,
    0x54, 0xf3, 0x0, 0x6f, 0x10, 0x0, 0xcd, 0x0,
    0x7f, 0x10, 0xf8, 0x0, 0xcc, 0x0, 0x0, 0x7f,
    0x20, 0xcb, 0x0, 0xad, 0x1, 0xf7, 0x0, 0x0,
    0x2f, 0x71, 0xf6, 0x0, 0x5f, 0x26, 0xf2, 0x0,
    0x0, 0xd, 0xc6, 0xf1, 0x0, 0xf, 0x7b, 0xd0,
    0x0, 0x0, 0x8, 0xfd, 0xc0, 0x0, 0xb, 0xdf,
    0x80, 0x0, 0x0, 0x3, 0xff, 0x70, 0x0, 0x6,
    0xff, 0x30, 0x0, 0x0, 0x0, 0xef, 0x20, 0x0,
    0x1, 0xfe, 0x0, 0x0,

    /* U+0058 "X" */
    0x3f, 0x90, 0x0, 0x0, 0xcd, 0x0, 0x8f, 0x40,
    0x0, 0x7f, 0x40, 0x0, 0xde, 0x10, 0x2f, 0x80,
    0x0, 0x2, 0xfa, 0xc, 0xd0, 0x0, 0x0, 0x7,
    0xfb, 0xf3, 0x0, 0x0, 0x0, 0xc, 0xf8, 0x0,
    0x0, 0x0, 0x1, 0xef, 0xc0, 0x0, 0x0, 0x0,
    0xbf, 0x7f, 0x70, 0x0, 0x0, 0x6f, 0x60, 0xaf,
    0x20, 0x0, 0x2f, 0xb0, 0x1, 0xed, 0x0, 0xc,
    0xf1, 0x0, 0x4, 0xf8, 0x7, 0xf6, 0x0, 0x0,
    0x9, 0xf3,

    /* U+0059 "Y" */
    0xc, 0xe0, 0x0, 0x0, 0x7, 0xf2, 0x3, 0xf7,
    0x0, 0x0, 0x1f, 0x90, 0x0, 0xaf, 0x10, 0x0,
    0x9e, 0x10, 0x0, 0x1f, 0xa0, 0x2, 0xf6, 0x0,
    0x0, 0x8, 0xf3, 0xb, 0xd0, 0x0, 0x0, 0x0,
    0xec, 0x4f, 0x40, 0x0, 0x0, 0x0, 0x5f, 0xfb,
    0x0, 0x0, 0x0, 0x0, 0xc, 0xf2, 0x0, 0x0,
    0x0, 0x0, 0x9, 0xf0, 0x0, 0x0, 0x0, 0x0,
    0x9, 0xf0, 0x0, 0x0, 0x0, 0x0, 0x9, 0xf0,
    0x0, 0x0, 0x0, 0x0, 0x9, 0xf0, 0x0, 0x0,

    /* U+005A "Z" */
    0x3f, 0xff, 0xff, 0xff, 0xfd, 0x1, 0x77, 0x77,
    0x77, 0xbf, 0x90, 0x0, 0x0, 0x0, 0x1e, 0xc0,
    0x0, 0x0, 0x0, 0xc, 0xf2, 0x0, 0x0, 0x0,
    0x8, 0xf5, 0x0, 0x0, 0x0, 0x4, 0xf9, 0x0,
    0x0, 0x0, 0x1, 0xec, 0x0, 0x0, 0x0, 0x0,
    0xcf, 0x20, 0x0, 0x0, 0x0, 0x8f, 0x50, 0x0,
    0x0, 0x0, 0x4f, 0x90, 0x0, 0x0, 0x0, 0x1e,
    0xf8, 0x77, 0x77, 0x77, 0x5, 0xff, 0xff, 0xff,
    0xff, 0xf0,

    /* U+005B "[" */
    0x5f, 0xff, 0x5, 0xf7, 0x50, 0x5f, 0x30, 0x5,
    0xf3, 0x0, 0x5f, 0x30, 0x5, 0xf3, 0x0, 0x5f,
    0x30, 0x5, 0xf3, 0x0, 0x5f, 0x30, 0x5, 0xf3,
    0x0, 0x5f, 0x30, 0x5, 0xf3, 0x0, 0x5f, 0x30,
    0x5, 0xf7, 0x50, 0x5f, 0xff, 0x0,

    /* U+005C "\\" */
    0x7e, 0x0, 0x0, 0x0, 0x1f, 0x40, 0x0, 0x0,
    0xc, 0x90, 0x0, 0x0, 0x7, 0xe0, 0x0, 0x0,
    0x2, 0xf4, 0x0, 0x0, 0x0, 0xc9, 0x0, 0x0,
    0x0, 0x7e, 0x0, 0x0, 0x0, 0x2f, 0x40, 0x0,
    0x0, 0xc, 0x90, 0x0, 0x0, 0x7, 0xe0, 0x0,
    0x0, 0x2, 0xf3, 0x0, 0x0, 0x0, 0xd9, 0x0,
    0x0, 0x0, 0x7e, 0x0, 0x0, 0x0, 0x2f, 0x30,
    0x0, 0x0, 0xd, 0x90, 0x0, 0x0, 0x7, 0xe0,

    /* U+005D "]" */
    0xbf, 0xfa, 0x35, 0xea, 0x0, 0xea, 0x0, 0xea,
    0x0, 0xea, 0x0, 0xea, 0x0, 0xea, 0x0, 0xea,
    0x0, 0xea, 0x0, 0xea, 0x0, 0xea, 0x0, 0xea,
    0x0, 0xea, 0x35, 0xea, 0xbf, 0xfa,

    /* U+005E "^" */
    0x0, 0x2f, 0x80, 0x0, 0x0, 0x9d, 0xe0, 0x0,
    0x0, 0xf3, 0xd5, 0x0, 0x6, 0xd0, 0x7b, 0x0,
    0xc, 0x60, 0x1f, 0x20, 0x3f, 0x10, 0xb, 0x80,
    0x9a, 0x0, 0x4, 0xe0,

    /* U+005F "_" */
    0xff, 0xff, 0xff, 0xff, 0x11, 0x11, 0x11, 0x11,

    /* U+0060 "`" */
    0x7, 0xf6, 0x0, 0x3, 0xe7,

    /* U+0061 "a" */
    0x1, 0x9e, 0xfd, 0x80, 0x0, 0xce, 0x87, 0xaf,
    0x90, 0x2, 0x0, 0x0, 0xaf, 0x0, 0x0, 0x0,
    0x6, 0xf2, 0x2, 0xbe, 0xff, 0xff, 0x20, 0xec,
    0x42, 0x27, 0xf2, 0x2f, 0x50, 0x0, 0x7f, 0x20,
    0xec, 0x42, 0x7f, 0xf2, 0x2, 0xbf, 0xfb, 0x6f,
    0x20,

    /* U+0062 "b" */
    0x8f, 0x0, 0x0, 0x0, 0x0, 0x8f, 0x0, 0x0,
    0x0, 0x0, 0x8f, 0x0, 0x0, 0x0, 0x0, 0x8f,
    0x2b, 0xfe, 0xb3, 0x0, 0x8f, 0xec, 0x78, 0xef,
    0x30, 0x8f, 0xa0, 0x0, 0x1e, 0xc0, 0x8f, 0x20,
    0x0, 0x7, 0xf1, 0x8f, 0x0, 0x0, 0x5, 0xf3,
    0x8f, 0x20, 0x0, 0x7, 0xf1, 0x8f, 0xa0, 0x0,
    0x1e, 0xd0, 0x8f, 0xec, 0x78, 0xef, 0x30, 0x8e,
    0x2b, 0xfe, 0xb3, 0x0,

    /* U+0063 "c" */
    0x0, 0x3a, 0xef, 0xc4, 0x0, 0x4f, 0xd8, 0x7c,
    0xf4, 0xd, 0xd0, 0x0, 0x7, 0x13, 0xf6, 0x0,
    0x0, 0x0, 0x4f, 0x30, 0x0, 0x0, 0x3, 0xf6,
    0x0, 0x0, 0x0, 0xd, 0xd0, 0x0, 0x6, 0x10,
    0x4f, 0xd7, 0x7c, 0xf4, 0x0, 0x3a, 0xef, 0xc4,
    0x0,

    /* U+0064 "d" */
    0x0, 0x0, 0x0, 0x1, 0xf7, 0x0, 0x0, 0x0,
    0x1, 0xf7, 0x0, 0x0, 0x0, 0x1, 0xf7, 0x0,
    0x3b, 0xff, 0xa3, 0xf7, 0x4, 0xfd, 0x87, 0xce,
    0xf7, 0xe, 0xd0, 0x0, 0xb, 0xf7, 0x3f, 0x60,
    0x0, 0x3, 0xf7, 0x4f, 0x30, 0x0, 0x1, 0xf7,
    0x3f, 0x50, 0x0, 0x3, 0xf7, 0xe, 0xc0, 0x0,
    0xa, 0xf7, 0x4, 0xfc, 0x65, 0xbe, 0xf7, 0x0,
    0x3b, 0xff, 0xb2, 0xf7,

    /* U+0065 "e" */
    0x0, 0x3b, 0xfe, 0xa2, 0x0, 0x4, 0xfc, 0x67,
    0xee, 0x20, 0xe, 0xc0, 0x0, 0x1e, 0xa0, 0x3f,
    0x50, 0x0, 0x7, 0xf0, 0x4f, 0xff, 0xff, 0xff,
    0xf1, 0x3f, 0x72, 0x22, 0x22, 0x20, 0xe, 0xc0,
    0x0, 0x2, 0x0, 0x4, 0xfd, 0x87, 0xaf, 0x50,
    0x0, 0x3a, 0xef, 0xd6, 0x0,

    /* U+0066 "f" */
    0x0, 0x5d, 0xfc, 0x0, 0x2f, 0xb5, 0x70, 0x4,
    0xf3, 0x0, 0xc, 0xff, 0xff, 0xa0, 0x48, 0xf7,
    0x53, 0x0, 0x5f, 0x30, 0x0, 0x5, 0xf3, 0x0,
    0x0, 0x5f, 0x30, 0x0, 0x5, 0xf3, 0x0, 0x0,
    0x5f, 0x30, 0x0, 0x5, 0xf3, 0x0, 0x0, 0x5f,
    0x30, 0x0,

    /* U+0067 "g" */
    0x0, 0x3b, 0xff, 0xb2, 0xe9, 0x4, 0xfe, 0x87,
    0xcf, 0xf9, 0xe, 0xd1, 0x0, 0xa, 0xf9, 0x3f,
    0x60, 0x0, 0x1, 0xf9, 0x4f, 0x40, 0x0, 0x0,
    0xf9, 0x3f, 0x60, 0x0, 0x1, 0xf9, 0xe, 0xd0,
    0x0, 0x9, 0xf9, 0x4, 0xfd, 0x87, 0xcf, 0xf8,
    0x0, 0x3b, 0xff, 0xb3, 0xf7, 0x0, 0x0, 0x0,
    0x5, 0xf4, 0x9, 0xe9, 0x77, 0xaf, 0xb0, 0x1,
    0x7c, 0xff, 0xd8, 0x0,

    /* U+0068 "h" */
    0x8f, 0x0, 0x0, 0x0, 0x8, 0xf0, 0x0, 0x0,
    0x0, 0x8f, 0x0, 0x0, 0x0, 0x8, 0xf2, 0xbf,
    0xea, 0x10, 0x8f, 0xfb, 0x89, 0xfd, 0x8, 0xf8,
    0x0, 0x6, 0xf4, 0x8f, 0x10, 0x0, 0x1f, 0x78,
    0xf0, 0x0, 0x0, 0xf8, 0x8f, 0x0, 0x0, 0xf,
    0x88, 0xf0, 0x0, 0x0, 0xf8, 0x8f, 0x0, 0x0,
    0xf, 0x88, 0xf0, 0x0, 0x0, 0xf8,

    /* U+0069 "i" */
    0x9e, 0x1a, 0xf2, 0x0, 0x8, 0xf0, 0x8f, 0x8,
    0xf0, 0x8f, 0x8, 0xf0, 0x8f, 0x8, 0xf0, 0x8f,
    0x8, 0xf0,

    /* U+006A "j" */
    0x0, 0x7, 0xe2, 0x0, 0x9, 0xf3, 0x0, 0x0,
    0x0, 0x0, 0x7, 0xf1, 0x0, 0x7, 0xf1, 0x0,
    0x7, 0xf1, 0x0, 0x7, 0xf1, 0x0, 0x7, 0xf1,
    0x0, 0x7, 0xf1, 0x0, 0x7, 0xf1, 0x0, 0x7,
    0xf1, 0x0, 0x7, 0xf1, 0x0, 0x8, 0xf0, 0x18,
    0x6e, 0xc0, 0x3e, 0xfc, 0x20,

    /* U+006B "k" */
    0x8f, 0x0, 0x0, 0x0, 0x8, 0xf0, 0x0, 0x0,
    0x0, 0x8f, 0x0, 0x0, 0x0, 0x8, 0xf0, 0x0,
    0x1d, 0xe1, 0x8f, 0x0, 0x1d, 0xe2, 0x8, 0xf0,
    0x1d, 0xe2, 0x0, 0x8f, 0x2d, 0xf3, 0x0, 0x8,
    0xfe, 0xff, 0x70, 0x0, 0x8f, 0xe2, 0xbf, 0x30,
    0x8, 0xf2, 0x1, 0xee, 0x10, 0x8f, 0x0, 0x3,
    0xfb, 0x8, 0xf0, 0x0, 0x7, 0xf7,

    /* U+006C "l" */
    0x8f, 0x8f, 0x8f, 0x8f, 0x8f, 0x8f, 0x8f, 0x8f,
    0x8f, 0x8f, 0x8f, 0x8f,

    /* U+006D "m" */
    0x8e, 0x3c, 0xfe, 0x91, 0x3b, 0xfe, 0xa2, 0x8,
    0xff, 0x96, 0x9f, 0xcf, 0xc6, 0x8f, 0xd0, 0x8f,
    0x70, 0x0, 0x9f, 0xc0, 0x0, 0x5f, 0x58, 0xf1,
    0x0, 0x5, 0xf6, 0x0, 0x1, 0xf7, 0x8f, 0x0,
    0x0, 0x4f, 0x40, 0x0, 0xf, 0x88, 0xf0, 0x0,
    0x4, 0xf4, 0x0, 0x0, 0xf8, 0x8f, 0x0, 0x0,
    0x4f, 0x40, 0x0, 0xf, 0x88, 0xf0, 0x0, 0x4,
    0xf4, 0x0, 0x0, 0xf8, 0x8f, 0x0, 0x0, 0x4f,
    0x40, 0x0, 0xf, 0x80,

    /* U+006E "n" */
    0x8e, 0x3b, 0xfe, 0xa1, 0x8, 0xff, 0xa6, 0x8f,
    0xd0, 0x8f, 0x80, 0x0, 0x6f, 0x48, 0xf1, 0x0,
    0x1, 0xf7, 0x8f, 0x0, 0x0, 0xf, 0x88, 0xf0,
    0x0, 0x0, 0xf8, 0x8f, 0x0, 0x0, 0xf, 0x88,
    0xf0, 0x0, 0x0, 0xf8, 0x8f, 0x0, 0x0, 0xf,
    0x80,

    /* U+006F "o" */
    0x0, 0x3b, 0xef, 0xc4, 0x0, 0x4, 0xfd, 0x87,
    0xcf, 0x60, 0xe, 0xd0, 0x0, 0xb, 0xf1, 0x3f,
    0x60, 0x0, 0x3, 0xf5, 0x4f, 0x30, 0x0, 0x1,
    0xf7, 0x3f, 0x60, 0x0, 0x3, 0xf5, 0xe, 0xd0,
    0x0, 0xb, 0xf1, 0x4, 0xfd, 0x77, 0xcf, 0x60,
    0x0, 0x3b, 0xef, 0xc4, 0x0,

    /* U+0070 "p" */
    0x8e, 0x3b, 0xfe, 0xb3, 0x0, 0x8f, 0xfb, 0x57,
    0xdf, 0x30, 0x8f, 0x90, 0x0, 0xd, 0xc0, 0x8f,
    0x10, 0x0, 0x7, 0xf1, 0x8f, 0x0, 0x0, 0x5,
    0xf3, 0x8f, 0x20, 0x0, 0x7, 0xf1, 0x8f, 0xa0,
    0x0, 0x1e, 0xd0, 0x8f, 0xec, 0x78, 0xef, 0x30,
    0x8f, 0x2b, 0xfe, 0xb3, 0x0, 0x8f, 0x0, 0x0,
    0x0, 0x0, 0x8f, 0x0, 0x0, 0x0, 0x0, 0x8f,
    0x0, 0x0, 0x0, 0x0,

    /* U+0071 "q" */
    0x0, 0x3b, 0xff, 0xa2, 0xf7, 0x4, 0xfd, 0x87,
    0xde, 0xf7, 0xe, 0xd0, 0x0, 0xb, 0xf7, 0x3f,
    0x60, 0x0, 0x3, 0xf7, 0x4f, 0x30, 0x0, 0x1,
    0xf7, 0x3f, 0x60, 0x0, 0x3, 0xf7, 0xe, 0xd0,
    0x0, 0xb, 0xf7, 0x4, 0xfd, 0x77, 0xce, 0xf7,
    0x0, 0x3b, 0xff, 0xa3, 0xf7, 0x0, 0x0, 0x0,
    0x1, 0xf7, 0x0, 0x0, 0x0, 0x1, 0xf7, 0x0,
    0x0, 0x0, 0x1, 0xf7,

    /* U+0072 "r" */
    0x8e, 0x2b, 0xf0, 0x8f, 0xed, 0x90, 0x8f, 0xa0,
    0x0, 0x8f, 0x20, 0x0, 0x8f, 0x0, 0x0, 0x8f,
    0x0, 0x0, 0x8f, 0x0, 0x0, 0x8f, 0x0, 0x0,
    0x8f, 0x0, 0x0,

    /* U+0073 "s" */
    0x2, 0xae, 0xfd, 0x91, 0x1e, 0xd7, 0x69, 0xd0,
    0x4f, 0x30, 0x0, 0x0, 0x2f, 0xb4, 0x10, 0x0,
    0x6, 0xef, 0xfd, 0x60, 0x0, 0x1, 0x5b, 0xf5,
    0x1, 0x0, 0x0, 0xf7, 0x5f, 0xa7, 0x6b, 0xf3,
    0x19, 0xdf, 0xec, 0x40,

    /* U+0074 "t" */
    0x5, 0xf3, 0x0, 0x0, 0x5f, 0x30, 0x0, 0xcf,
    0xff, 0xfa, 0x4, 0x8f, 0x75, 0x30, 0x5, 0xf3,
    0x0, 0x0, 0x5f, 0x30, 0x0, 0x5, 0xf3, 0x0,
    0x0, 0x5f, 0x30, 0x0, 0x4, 0xf4, 0x0, 0x0,
    0x1f, 0xc6, 0x80, 0x0, 0x5d, 0xfc, 0x10,

    /* U+0075 "u" */
    0xae, 0x0, 0x0, 0x2f, 0x5a, 0xe0, 0x0, 0x2,
    0xf5, 0xae, 0x0, 0x0, 0x2f, 0x5a, 0xe0, 0x0,
    0x2, 0xf5, 0xae, 0x0, 0x0, 0x2f, 0x59, 0xf0,
    0x0, 0x4, 0xf5, 0x6f, 0x30, 0x0, 0xaf, 0x50,
    0xee, 0x76, 0xbf, 0xf5, 0x2, 0xbe, 0xfb, 0x3f,
    0x50,

    /* U+0076 "v" */
    0xd, 0xc0, 0x0, 0x0, 0xcb, 0x6, 0xf2, 0x0,
    0x2, 0xf5, 0x0, 0xf9, 0x0, 0x9, 0xe0, 0x0,
    0x9e, 0x0, 0xf, 0x80, 0x0, 0x2f, 0x60, 0x6f,
    0x10, 0x0, 0xc, 0xc0, 0xcb, 0x0, 0x0, 0x5,
    0xf6, 0xf4, 0x0, 0x0, 0x0, 0xef, 0xd0, 0x0,
    0x0, 0x0, 0x8f, 0x70, 0x0,

    /* U+0077 "w" */
    0xbb, 0x0, 0x0, 0x9f, 0x10, 0x0, 0x4f, 0x16,
    0xf1, 0x0, 0xe, 0xf6, 0x0, 0x9, 0xc0, 0xf,
    0x60, 0x5, 0xfc, 0xb0, 0x0, 0xf6, 0x0, 0xac,
    0x0, 0xab, 0x5f, 0x10, 0x5f, 0x10, 0x5, 0xf1,
    0xf, 0x50, 0xe7, 0xa, 0xb0, 0x0, 0xf, 0x76,
    0xf0, 0x9, 0xc0, 0xf5, 0x0, 0x0, 0xac, 0xba,
    0x0, 0x4f, 0x8f, 0x0, 0x0, 0x4, 0xff, 0x40,
    0x0, 0xef, 0xa0, 0x0, 0x0, 0xe, 0xe0, 0x0,
    0x8, 0xf4, 0x0, 0x0,

    /* U+0078 "x" */
    0x4f, 0x70, 0x0, 0x9f, 0x20, 0x8f, 0x30, 0x5f,
    0x50, 0x0, 0xcd, 0x2e, 0x90, 0x0, 0x2, 0xff,
    0xd0, 0x0, 0x0, 0xa, 0xf6, 0x0, 0x0, 0x4,
    0xfd, 0xe1, 0x0, 0x1, 0xeb, 0xd, 0xc0, 0x0,
    0xbe, 0x10, 0x3f, 0x80, 0x6f, 0x40, 0x0, 0x7f,
    0x40,

    /* U+0079 "y" */
    0xd, 0xc0, 0x0, 0x0, 0xcb, 0x6, 0xf3, 0x0,
    0x2, 0xf4, 0x0, 0xea, 0x0, 0x9, 0xd0, 0x0,
    0x8f, 0x10, 0xf, 0x70, 0x0, 0x1f, 0x70, 0x7f,
    0x10, 0x0, 0xa, 0xe0, 0xd9, 0x0, 0x0, 0x3,
    0xf9, 0xf2, 0x0, 0x0, 0x0, 0xcf, 0xb0, 0x0,
    0x0, 0x0, 0x6f, 0x40, 0x0, 0x0, 0x0, 0xad,
    0x0, 0x0, 0x1c, 0x79, 0xf5, 0x0, 0x0, 0x1a,
    0xee, 0x70, 0x0, 0x0,

    /* U+007A "z" */
    0x4f, 0xff, 0xff, 0xf9, 0x15, 0x55, 0x5b, 0xf4,
    0x0, 0x0, 0x4f, 0x80, 0x0, 0x1, 0xec, 0x0,
    0x0, 0xb, 0xe1, 0x0, 0x0, 0x8f, 0x40, 0x0,
    0x4, 0xf7, 0x0, 0x0, 0x1e, 0xe5, 0x55, 0x53,
    0x5f, 0xff, 0xff, 0xfc,

    /* U+007B "{" */
    0x0, 0x2c, 0xf5, 0x0, 0xaf, 0x61, 0x0, 0xcc,
    0x0, 0x0, 0xdb, 0x0, 0x0, 0xdb, 0x0, 0x0,
    0xdb, 0x0, 0x2, 0xea, 0x0, 0x1f, 0xf4, 0x0,
    0x5, 0xfa, 0x0, 0x0, 0xdb, 0x0, 0x0, 0xdb,
    0x0, 0x0, 0xdb, 0x0, 0x0, 0xcc, 0x0, 0x0,
    0xaf, 0x61, 0x0, 0x2c, 0xf5,

    /* U+007C "|" */
    0x5f, 0x15, 0xf1, 0x5f, 0x15, 0xf1, 0x5f, 0x15,
    0xf1, 0x5f, 0x15, 0xf1, 0x5f, 0x15, 0xf1, 0x5f,
    0x15, 0xf1, 0x5f, 0x15, 0xf1, 0x5f, 0x10,

    /* U+007D "}" */
    0xbe, 0x80, 0x3, 0xaf, 0x40, 0x1, 0xf6, 0x0,
    0x1f, 0x70, 0x1, 0xf7, 0x0, 0x1f, 0x70, 0x0,
    0xf9, 0x0, 0xa, 0xfb, 0x0, 0xfb, 0x20, 0x1f,
    0x70, 0x1, 0xf7, 0x0, 0x1f, 0x70, 0x1, 0xf6,
    0x3, 0xaf, 0x40, 0xbe, 0x90, 0x0,

    /* U+007E "~" */
    0x0, 0x0, 0x0, 0x0, 0x0, 0x3d, 0xe4, 0x0,
    0xb5, 0xc, 0x86, 0xf5, 0x1e, 0x20, 0xf0, 0x3,
    0xef, 0x90, 0x2, 0x0, 0x0, 0x10, 0x0,

    /* U+00A0 " " */

    /* U+00A1 "¡" */
    0xad, 0xb, 0xf1, 0x1, 0x0, 0x0, 0x7c, 0x8,
    0xc0, 0x8d, 0x9, 0xe0, 0xae, 0xa, 0xf0, 0xbf,
    0x9, 0xc0,

    /* U+00A2 "¢" */
    0x0, 0x0, 0x78, 0x0, 0x0, 0x0, 0x7, 0x80,
    0x0, 0x0, 0x3b, 0xff, 0xc4, 0x0, 0x4f, 0xec,
    0xcc, 0xf5, 0xd, 0xd1, 0x78, 0x7, 0x3, 0xf6,
    0x7, 0x80, 0x0, 0x4f, 0x40, 0x78, 0x0, 0x3,
    0xf5, 0x7, 0x80, 0x0, 0xe, 0xc0, 0x78, 0x6,
    0x0, 0x4f, 0xdb, 0xbb, 0xf5, 0x0, 0x4c, 0xff,
    0xd5, 0x0, 0x0, 0x7, 0x80, 0x0, 0x0, 0x0,
    0x78, 0x0, 0x0,

    /* U+00A3 "£" */
    0x0, 0x0, 0x6c, 0xfe, 0xc6, 0x0, 0x0, 0xaf,
    0xc8, 0x9c, 0xd0, 0x0, 0x4f, 0x80, 0x0, 0x2,
    0x0, 0x9, 0xf0, 0x0, 0x0, 0x0, 0x0, 0xbd,
    0x0, 0x0, 0x0, 0x0, 0xc, 0xd0, 0x0, 0x0,
    0x0, 0x7f, 0xff, 0xff, 0xff, 0x0, 0x1, 0x2c,
    0xd2, 0x22, 0x20, 0x0, 0x0, 0xcd, 0x0, 0x0,
    0x0, 0x0, 0xc, 0xd0, 0x0, 0x0, 0x0, 0x37,
    0xee, 0x77, 0x77, 0x76, 0x8, 0xff, 0xff, 0xff,
    0xff, 0xd0,

    /* U+00A4 "¤" */
    0x1a, 0x0, 0x0, 0x0, 0x9, 0x32, 0xeb, 0x7d,
    0xfe, 0x89, 0xf4, 0x3, 0xff, 0x84, 0x6e, 0xf5,
    0x0, 0x3f, 0x40, 0x0, 0x1e, 0x70, 0x9, 0xb0,
    0x0, 0x0, 0x7c, 0x0, 0xb8, 0x0, 0x0, 0x5,
    0xe0, 0x9, 0xa0, 0x0, 0x0, 0x6d, 0x0, 0x4f,
    0x20, 0x0, 0xd, 0x80, 0x1, 0xfe, 0x51, 0x4c,
    0xf3, 0x0, 0xce, 0xaf, 0xff, 0xbc, 0xe2, 0x3e,
    0x20, 0x13, 0x10, 0x1c, 0x60, 0x0, 0x0, 0x0,
    0x0, 0x0,

    /* U+00A5 "¥" */
    0xb, 0xe0, 0x0, 0x0, 0x0, 0x9f, 0x10, 0x2f,
    0x90, 0x0, 0x0, 0x3f, 0x60, 0x0, 0x7f, 0x30,
    0x0, 0xd, 0xc0, 0x0, 0x0, 0xdd, 0x0, 0x7,
    0xf2, 0x0, 0x0, 0x3, 0xf7, 0x2, 0xf8, 0x0,
    0x0, 0x0, 0x9, 0xf2, 0xbd, 0x0, 0x0, 0x0,
    0x0, 0xe, 0xef, 0x40, 0x0, 0x0, 0x7, 0xff,
    0xff, 0xff, 0xfc, 0x0, 0x0, 0x0, 0x2, 0xf7,
    0x0, 0x0, 0x0, 0x7, 0xff, 0xff, 0xff, 0xfc,
    0x0, 0x0, 0x0, 0x2, 0xf7, 0x0, 0x0, 0x0,
    0x0, 0x0, 0x2f, 0x70, 0x0, 0x0,

    /* U+00A6 "¦" */
    0x5f, 0x15, 0xf1, 0x5f, 0x15, 0xf1, 0x5f, 0x14,
    0xe1, 0x0, 0x0, 0x0, 0x0, 0x4, 0xe1, 0x5f,
    0x15, 0xf1, 0x5f, 0x15, 0xf1, 0x5f, 0x10,

    /* U+00A7 "§" */
    0x0, 0x8d, 0xfd, 0xa2, 0xb, 0xe6, 0x56, 0xc4,
    0xf, 0x50, 0x0, 0x0, 0xd, 0xc2, 0x0, 0x0,
    0x7, 0xff, 0xe9, 0x20, 0x2f, 0x62, 0x6d, 0xe1,
    0x6f, 0x0, 0x0, 0xf6, 0x3f, 0x92, 0x2, 0xf4,
    0x4, 0xcf, 0xef, 0x90, 0x0, 0x1, 0x6e, 0xc0,
    0x0, 0x0, 0x5, 0xf0, 0x4b, 0x31, 0x2b, 0xe0,
    0x3c, 0xff, 0xfd, 0x30, 0x0, 0x13, 0x20, 0x0,

    /* U+00A8 "¨" */
    0x29, 0x3, 0x90, 0x5d, 0x5, 0xd0,

    /* U+00A9 "©" */
    0x0, 0x1, 0x7b, 0xcb, 0x70, 0x0, 0x0, 0x4,
    0xc5, 0x0, 0x5, 0xc2, 0x0, 0x2, 0xb0, 0x4c,
    0xec, 0x41, 0xc1, 0x0, 0xa2, 0x3f, 0x73, 0x7d,
    0x4, 0x80, 0xb, 0xa, 0xa0, 0x0, 0x0, 0xc,
    0x2, 0x90, 0xc7, 0x0, 0x0, 0x0, 0xb0, 0x29,
    0xa, 0x90, 0x0, 0x0, 0xb, 0x0, 0xb0, 0x4f,
    0x40, 0x4a, 0x0, 0xc0, 0xa, 0x20, 0x6f, 0xff,
    0x70, 0x57, 0x0, 0x2b, 0x0, 0x2, 0x0, 0x1c,
    0x0, 0x0, 0x4c, 0x40, 0x0, 0x6c, 0x20, 0x0,
    0x0, 0x18, 0xbc, 0xb6, 0x0, 0x0,

    /* U+00AA "ª" */
    0x1a, 0xdd, 0xa0, 0x3, 0x0, 0xd5, 0x9, 0xbb,
    0xe6, 0x5b, 0x0, 0xc6, 0xa, 0xba, 0xa5,

    /* U+00AB "«" */
    0x0, 0x6, 0x20, 0x62, 0x0, 0xac, 0x8, 0xd0,
    0x5, 0xf2, 0x4f, 0x30, 0x1e, 0x60, 0xe7, 0x0,
    0xb, 0xa0, 0xab, 0x0, 0x1, 0xe6, 0x1e, 0x70,
    0x0, 0x5f, 0x24, 0xf3,

    /* U+00AC "¬" */
    0x11, 0x11, 0x11, 0x10, 0xef, 0xff, 0xff, 0xf3,
    0x34, 0x44, 0x45, 0xf3, 0x0, 0x0, 0x2, 0xf3,
    0x0, 0x0, 0x2, 0xf3, 0x0, 0x0, 0x0, 0x40,

    /* U+00AD "­" */
    0x1, 0x11, 0x10, 0x1f, 0xff, 0xf3, 0x4, 0x44,
    0x40,

    /* U+00AE "®" */
    0x0, 0x1, 0x7b, 0xcb, 0x70, 0x0, 0x0, 0x4,
    0xc5, 0x0, 0x5, 0xc2, 0x0, 0x2, 0xb0, 0x0,
    0x0, 0x1, 0xc1, 0x0, 0xa2, 0xd, 0xff, 0xd6,
    0x4, 0x80, 0xb, 0x0, 0xd3, 0x2, 0xe2, 0xc,
    0x2, 0x90, 0xd, 0x30, 0x2e, 0x20, 0xb0, 0x29,
    0x0, 0xdf, 0xff, 0x70, 0xb, 0x0, 0xb0, 0xd,
    0x30, 0xb6, 0x0, 0xc0, 0xa, 0x20, 0xd3, 0x2,
    0xe0, 0x57, 0x0, 0x2b, 0x3, 0x0, 0x2, 0x3c,
    0x0, 0x0, 0x4c, 0x40, 0x0, 0x6c, 0x20, 0x0,
    0x0, 0x18, 0xbc, 0xb6, 0x0, 0x0,

    /* U+00AF "¯" */
    0xbe, 0xee, 0xe5, 0x11, 0x11, 0x10,

    /* U+00B0 "°" */
    0x2, 0xce, 0x90, 0xd, 0x40, 0x89, 0x3b, 0x0,
    0xe, 0x3b, 0x0, 0xe, 0xd, 0x40, 0x89, 0x2,
    0xce, 0x90,

    /* U+00B1 "±" */
    0x0, 0x3, 0x0, 0x0, 0x0, 0xf, 0x50, 0x0,
    0x0, 0xf, 0x50, 0x0, 0x1, 0x1f, 0x51, 0x10,
    0xef, 0xff, 0xff, 0xf3, 0x34, 0x4f, 0x74, 0x40,
    0x0, 0xf, 0x50, 0x0, 0x0, 0xf, 0x50, 0x0,
    0x0, 0x0, 0x0, 0x0, 0x45, 0x55, 0x55, 0x51,
    0xef, 0xff, 0xff, 0xf3,

    /* U+00B2 "²" */
    0x1a, 0xff, 0xb1, 0x2, 0x71, 0x9, 0xa0, 0x0,
    0x0, 0x8a, 0x0, 0x0, 0x4e, 0x20, 0x0, 0x5e,
    0x30, 0x0, 0x6e, 0x20, 0x0, 0x3f, 0xfe, 0xee,
    0x10,

    /* U+00B3 "³" */
    0x5f, 0xff, 0xfb, 0x0, 0x0, 0x3e, 0x20, 0x0,
    0x2e, 0x40, 0x0, 0x5, 0xce, 0x60, 0x0, 0x0,
    0x2f, 0x3, 0x50, 0x5, 0xe0, 0x3b, 0xef, 0xc3,
    0x0,

    /* U+00B4 "´" */
    0x0, 0xbd, 0x31, 0xca, 0x0,

    /* U+00B5 "µ" */
    0x8f, 0x0, 0x0, 0x1f, 0x78, 0xf0, 0x0, 0x1,
    0xf7, 0x8f, 0x0, 0x0, 0x1f, 0x78, 0xf0, 0x0,
    0x1, 0xf7, 0x8f, 0x0, 0x0, 0x1f, 0x78, 0xf0,
    0x0, 0x3, 0xf7, 0x8f, 0x50, 0x0, 0x9f, 0x78,
    0xff, 0x86, 0xaf, 0xf7, 0x8f, 0x7d, 0xfc, 0x3f,
    0x78, 0xf0, 0x0, 0x0, 0x0, 0x8f, 0x0, 0x0,
    0x0, 0x8, 0xf0, 0x0, 0x0, 0x0,

    /* U+00B6 "¶" */
    0x4, 0xcf, 0xff, 0xff, 0xb3, 0xff, 0xfe, 0x44,
    0xbb, 0x9f, 0xff, 0xe0, 0x9, 0xb9, 0xff, 0xfe,
    0x0, 0x9b, 0x4f, 0xff, 0xe0, 0x9, 0xb0, 0x6d,
    0xfe, 0x0, 0x9b, 0x0, 0x6, 0xe0, 0x9, 0xb0,
    0x0, 0x6e, 0x0, 0x9b, 0x0, 0x6, 0xe0, 0x9,
    0xb0, 0x0, 0x6e, 0x0, 0x9b, 0x0, 0x6, 0xe0,
    0x9, 0xb0, 0x0, 0x6e, 0x0, 0x9b, 0x0, 0x6,
    0xe0, 0x9, 0xb0, 0x0, 0x6e, 0x0, 0x9b, 0x0,
    0x1, 0x30, 0x2, 0x20,

    /* U+00B7 "·" */
    0x12, 0xd, 0xf1, 0xad, 0x0,

    /* U+00B8 "¸" */
    0x0, 0xc1, 0x0, 0xa, 0xd1, 0x1, 0xd, 0x50,
    0xbe, 0xa0,

    /* U+00B9 "¹" */
    0x8f, 0xf4, 0x0, 0xd, 0x40, 0x0, 0xd4, 0x0,
    0xd, 0x40, 0x0, 0xd4, 0x0, 0xd, 0x40, 0xae,
    0xff, 0xd0,

    /* U+00BA "º" */
    0x6, 0xde, 0xc3, 0x3, 0xe2, 0x5, 0xe0, 0x7a,
    0x0, 0xf, 0x23, 0xe2, 0x6, 0xe0, 0x6, 0xde,
    0xc2, 0x0,

    /* U+00BB "»" */
    0x26, 0x1, 0x71, 0x0, 0xc, 0x90, 0xbb, 0x0,
    0x2, 0xf5, 0x1e, 0x60, 0x0, 0x7e, 0x15, 0xf2,
    0x0, 0xbb, 0x9, 0xc0, 0x6, 0xe1, 0x5f, 0x20,
    0x2f, 0x51, 0xe6, 0x0,

    /* U+00BC "¼" */
    0x8f, 0xf4, 0x0, 0x0, 0x0, 0xc5, 0x0, 0x0,
    0x0, 0xd4, 0x0, 0x0, 0x8, 0xb0, 0x0, 0x0,
    0x0, 0xd4, 0x0, 0x0, 0x3e, 0x10, 0x0, 0x0,
    0x0, 0xd4, 0x0, 0x0, 0xd6, 0x0, 0x0, 0x0,
    0x0, 0xd4, 0x0, 0x8, 0xb0, 0x0, 0x21, 0x0,
    0x0, 0xd4, 0x0, 0x3e, 0x10, 0x4, 0xe1, 0x0,
    0xaf, 0xff, 0xe0, 0xd6, 0x0, 0x1e, 0x30, 0x0,
    0x0, 0x0, 0x8, 0xb0, 0x0, 0xb7, 0x3, 0x0,
    0x0, 0x0, 0x3e, 0x10, 0x7, 0xb0, 0x3d, 0x0,
    0x0, 0x0, 0xd6, 0x0, 0xf, 0xff, 0xff, 0xf1,
    0x0, 0x8, 0xb0, 0x0, 0x0, 0x0, 0x4d, 0x0,
    0x0, 0x7, 0x10, 0x0, 0x0, 0x0, 0x26, 0x0,

    /* U+00BD "½" */
    0x8f, 0xf4, 0x0, 0x0, 0x0, 0xc6, 0x0, 0x0,
    0xd, 0x40, 0x0, 0x0, 0x7b, 0x0, 0x0, 0x0,
    0xd4, 0x0, 0x0, 0x2e, 0x20, 0x0, 0x0, 0xd,
    0x40, 0x0, 0xb, 0x70, 0x0, 0x0, 0x0, 0xd4,
    0x0, 0x6, 0xd0, 0x0, 0x0, 0x0, 0xd, 0x40,
    0x1, 0xe3, 0x3b, 0xdd, 0x70, 0xaf, 0xff, 0xe0,
    0xa8, 0x3, 0x30, 0x2e, 0x40, 0x0, 0x0, 0x4e,
    0x0, 0x0, 0x0, 0xd5, 0x0, 0x0, 0xe, 0x40,
    0x0, 0x0, 0x9c, 0x0, 0x0, 0x9, 0xa0, 0x0,
    0x0, 0xab, 0x0, 0x0, 0x3, 0xe1, 0x0, 0x0,
    0xba, 0x0, 0x0, 0x0, 0xc5, 0x0, 0x0, 0x8f,
    0xff, 0xfb,

    /* U+00BE "¾" */
    0x5f, 0xff, 0xfb, 0x0, 0x0, 0xc, 0x50, 0x0,
    0x0, 0x0, 0x3e, 0x30, 0x0, 0x8, 0xb0, 0x0,
    0x0, 0x0, 0x1e, 0x40, 0x0, 0x3, 0xe1, 0x0,
    0x0, 0x0, 0x6, 0xde, 0x60, 0x0, 0xd6, 0x0,
    0x0, 0x0, 0x0, 0x0, 0x3f, 0x0, 0x8b, 0x0,
    0x2, 0x10, 0x2, 0x50, 0x4, 0xf0, 0x3e, 0x10,
    0x4, 0xe1, 0x0, 0x3c, 0xff, 0xe4, 0xd, 0x60,
    0x1, 0xe4, 0x0, 0x0, 0x0, 0x0, 0x8, 0xb0,
    0x0, 0xb8, 0x3, 0x0, 0x0, 0x0, 0x3, 0xe1,
    0x0, 0x7b, 0x3, 0xd0, 0x0, 0x0, 0x0, 0xd6,
    0x0, 0xf, 0xff, 0xff, 0xf1, 0x0, 0x0, 0x8b,
    0x0, 0x0, 0x0, 0x4, 0xd0, 0x0, 0x0, 0x7,
    0x10, 0x0, 0x0, 0x0, 0x26, 0x0,

    /* U+00BF "¿" */
    0x0, 0x2e, 0x80, 0x0, 0x0, 0x3, 0xf9, 0x0,
    0x0, 0x0, 0x1, 0x0, 0x0, 0x0, 0x0, 0x42,
    0x0, 0x0, 0x0, 0x4f, 0x50, 0x0, 0x0, 0x2e,
    0xc0, 0x0, 0x0, 0x2e, 0xc0, 0x0, 0x0, 0xa,
    0xe0, 0x0, 0x0, 0x0, 0xdc, 0x0, 0x0, 0x10,
    0xa, 0xf8, 0x22, 0x6e, 0xb0, 0x1b, 0xff, 0xff,
    0xb1, 0x0, 0x1, 0x33, 0x10, 0x0,

    /* U+00C0 "À" */
    0x0, 0x0, 0x8f, 0x50, 0x0, 0x0, 0x0, 0x0,
    0x0, 0x7f, 0x30, 0x0, 0x0, 0x0, 0x0, 0x0,
    0x56, 0x0, 0x0, 0x0, 0x0, 0x0, 0x2f, 0xd0,
    0x0, 0x0, 0x0, 0x0, 0x9, 0xff, 0x40, 0x0,
    0x0, 0x0, 0x0, 0xf9, 0xeb, 0x0, 0x0, 0x0,
    0x0, 0x6f, 0x27, 0xf2, 0x0, 0x0, 0x0, 0xd,
    0xc0, 0x1f, 0x80, 0x0, 0x0, 0x4, 0xf6, 0x0,
    0xbe, 0x0, 0x0, 0x0, 0xbf, 0x0, 0x4, 0xf6,
    0x0, 0x0, 0x1f, 0xa1, 0x11, 0x1e, 0xd0, 0x0,
    0x8, 0xff, 0xff, 0xff, 0xff, 0x30, 0x0, 0xec,
    0x44, 0x44, 0x44, 0xfa, 0x0, 0x6f, 0x40, 0x0,
    0x0, 0xa, 0xf1, 0xc, 0xd0, 0x0, 0x0, 0x0,
    0x2f, 0x80,

    /* U+00C1 "Á" */
    0x0, 0x0, 0x0, 0x9, 0xf4, 0x0, 0x0, 0x0,
    0x0, 0x7, 0xe3, 0x0, 0x0, 0x0, 0x0, 0x1,
    0x72, 0x0, 0x0, 0x0, 0x0, 0x0, 0x2f, 0xd0,
    0x0, 0x0, 0x0, 0x0, 0x9, 0xff, 0x40, 0x0,
    0x0, 0x0, 0x0, 0xf9, 0xeb, 0x0, 0x0, 0x0,
    0x0, 0x6f, 0x27, 0xf2, 0x0, 0x0, 0x0, 0xd,
    0xc0, 0x1f, 0x80, 0x0, 0x0, 0x4, 0xf6, 0x0,
    0xbe, 0x0, 0x0, 0x0, 0xbf, 0x0, 0x4, 0xf6,
    0x0, 0x0, 0x1f, 0xa1, 0x11, 0x1e, 0xd0, 0x0,
    0x8, 0xff, 0xff, 0xff, 0xff, 0x30, 0x0, 0xec,
    0x44, 0x44, 0x44, 0xfa, 0x0, 0x6f, 0x40, 0x0,
    0x0, 0xa, 0xf1, 0xc, 0xd0, 0x0, 0x0, 0x0,
    0x2f, 0x80,

    /* U+00C2 "Â" */
    0x0, 0x0, 0x5, 0xfe, 0x10, 0x0, 0x0, 0x0,
    0x3, 0xf6, 0xad, 0x0, 0x0, 0x0, 0x0, 0x65,
    0x0, 0x74, 0x0, 0x0, 0x0, 0x0, 0x2f, 0xd0,
    0x0, 0x0, 0x0, 0x0, 0x9, 0xff, 0x40, 0x0,
    0x0, 0x0, 0x0, 0xf9, 0xeb, 0x0, 0x0, 0x0,
    0x0, 0x6f, 0x27, 0xf2, 0x0, 0x0, 0x0, 0xd,
    0xc0, 0x1f, 0x80, 0x0, 0x0, 0x4, 0xf6, 0x0,
    0xbe, 0x0, 0x0, 0x0, 0xbf, 0x0, 0x4, 0xf6,
    0x0, 0x0, 0x1f, 0xa1, 0x11, 0x1e, 0xd0, 0x0,
    0x8, 0xff, 0xff, 0xff, 0xff, 0x30, 0x0, 0xec,
    0x44, 0x44, 0x44, 0xfa, 0x0, 0x6f, 0x40, 0x0,
    0x0, 0xa, 0xf1, 0xc, 0xd0, 0x0, 0x0, 0x0,
    0x2f, 0x80,

    /* U+00C3 "Ã" */
    0x0, 0x0, 0x4d, 0xa1, 0x76, 0x0, 0x0, 0x0,
    0xb, 0x45, 0xdc, 0x10, 0x0, 0x0, 0x0, 0x0,
    0x0, 0x0, 0x0, 0x0, 0x0, 0x0, 0x2f, 0xd0,
    0x0, 0x0, 0x0, 0x0, 0x9, 0xff, 0x40, 0x0,
    0x0, 0x0, 0x0, 0xf9, 0xeb, 0x0, 0x0, 0x0,
    0x0, 0x6f, 0x27, 0xf2, 0x0, 0x0, 0x0, 0xd,
    0xc0, 0x1f, 0x80, 0x0, 0x0, 0x4, 0xf6, 0x0,
    0xbe, 0x0, 0x0, 0x0, 0xbf, 0x0, 0x4, 0xf6,
    0x0, 0x0, 0x1f, 0xa1, 0x11, 0x1e, 0xd0, 0x0,
    0x8, 0xff, 0xff, 0xff, 0xff, 0x30, 0x0, 0xec,
    0x44, 0x44, 0x44, 0xfa, 0x0, 0x6f, 0x40, 0x0,
    0x0, 0xa, 0xf1, 0xc, 0xd0, 0x0, 0x0, 0x0,
    0x2f, 0x80,

    /* U+00C4 "Ä" */
    0x0, 0x0, 0x29, 0x2, 0x90, 0x0, 0x0, 0x0,
    0x4, 0xe1, 0x4e, 0x0, 0x0, 0x0, 0x0, 0x0,
    0x0, 0x0, 0x0, 0x0, 0x0, 0x0, 0x2f, 0xd0,
    0x0, 0x0, 0x0, 0x0, 0x9, 0xff, 0x40, 0x0,
    0x0, 0x0, 0x0, 0xf9, 0xeb, 0x0, 0x0, 0x0,
    0x0, 0x6f, 0x27, 0xf2, 0x0, 0x0, 0x0, 0xd,
    0xc0, 0x1f, 0x80, 0x0, 0x0, 0x4, 0xf6, 0x0,
    0xbe, 0x0, 0x0, 0x0, 0xbf, 0x0, 0x4, 0xf6,
    0x0, 0x0, 0x1f, 0xa1, 0x11, 0x1e, 0xd0, 0x0,
    0x8, 0xff, 0xff, 0xff, 0xff, 0x30, 0x0, 0xec,
    0x44, 0x44, 0x44, 0xfa, 0x0, 0x6f, 0x40, 0x0,
    0x0, 0xa, 0xf1, 0xc, 0xd0, 0x0, 0x0, 0x0,
    0x2f, 0x80,

    /* U+00C5 "Å" */
    0x0, 0x0, 0x3, 0xba, 0x0, 0x0, 0x0, 0x0,
    0x0, 0xb0, 0x47, 0x0, 0x0, 0x0, 0x0, 0xb,
    0x4, 0x80, 0x0, 0x0, 0x0, 0x0, 0x3b, 0xa1,
    0x0, 0x0, 0x0, 0x0, 0x0, 0x0, 0x0, 0x0,
    0x0, 0x0, 0x0, 0x2f, 0xd0, 0x0, 0x0, 0x0,
    0x0, 0x9, 0xff, 0x40, 0x0, 0x0, 0x0, 0x0,
    0xf9, 0xeb, 0x0, 0x0, 0x0, 0x0, 0x6f, 0x27,
    0xf2, 0x0, 0x0, 0x0, 0xd, 0xc0, 0x1f, 0x80,
    0x0, 0x0, 0x4, 0xf6, 0x0, 0xbe, 0x0, 0x0,
    0x0, 0xbf, 0x0, 0x4, 0xf6, 0x0, 0x0, 0x1f,
    0xa1, 0x11, 0x1e, 0xd0, 0x0, 0x8, 0xff, 0xff,
    0xff, 0xff, 0x30, 0x0, 0xec, 0x44, 0x44, 0x44,
    0xfa, 0x0, 0x6f, 0x40, 0x0, 0x0, 0xa, 0xf1,
    0xc, 0xd0, 0x0, 0x0, 0x0, 0x2f, 0x80,

    /* U+00C6 "Æ" */
    0x0, 0x0, 0x0, 0xa, 0xff, 0xff, 0xff, 0xff,
    0xa0, 0x0, 0x0, 0x2, 0xfb, 0xf9, 0x77, 0x77,
    0x74, 0x0, 0x0, 0x0, 0xbd, 0x4f, 0x50, 0x0,
    0x0, 0x0, 0x0, 0x0, 0x4f, 0x54, 0xf5, 0x0,
    0x0, 0x0, 0x0, 0x0, 0xd, 0xc0, 0x4f, 0x61,
    0x11, 0x11, 0x0, 0x0, 0x6, 0xf4, 0x4, 0xff,
    0xff, 0xff, 0xe0, 0x0, 0x0, 0xec, 0x0, 0x4f,
    0x84, 0x44, 0x44, 0x0, 0x0, 0x8f, 0x51, 0x15,
    0xf5, 0x0, 0x0, 0x0, 0x0, 0x1f, 0xff, 0xff,
    0xff, 0x50, 0x0, 0x0, 0x0, 0xa, 0xf5, 0x44,
    0x47, 0xf5, 0x0, 0x0, 0x0, 0x3, 0xf8, 0x0,
    0x0, 0x4f, 0xa7, 0x77, 0x77, 0x60, 0xbe, 0x0,
    0x0, 0x4, 0xff, 0xff, 0xff, 0xfd,

    /* U+00C7 "Ç" */
    0x0, 0x2, 0x8d, 0xfe, 0xb4, 0x0, 0x4, 0xff,
    0xb8, 0x9d, 0xf9, 0x2, 0xfd, 0x20, 0x0, 0x8,
    0x50, 0xbf, 0x20, 0x0, 0x0, 0x0, 0xf, 0xa0,
    0x0, 0x0, 0x0, 0x2, 0xf6, 0x0, 0x0, 0x0,
    0x0, 0x2f, 0x60, 0x0, 0x0, 0x0, 0x0, 0xfa,
    0x0, 0x0, 0x0, 0x0, 0xb, 0xf2, 0x0, 0x0,
    0x0, 0x0, 0x2f, 0xd2, 0x0, 0x0, 0x85, 0x0,
    0x5f, 0xfb, 0x89, 0xdf, 0x80, 0x0, 0x29, 0xdf,
    0xeb, 0x40, 0x0, 0x0, 0x3, 0xd2, 0x0, 0x0,
    0x0, 0x0, 0x15, 0xe0, 0x0, 0x0, 0x0, 0x3e,
    0xe8, 0x0, 0x0,

    /* U+00C8 "È" */
    0x0, 0xbe, 0x20, 0x0, 0x0, 0x0, 0xae, 0x10,
    0x0, 0x0, 0x0, 0x65, 0x0, 0x5, 0xff, 0xff,
    0xff, 0xf9, 0x5f, 0x97, 0x77, 0x77, 0x45, 0xf4,
    0x0, 0x0, 0x0, 0x5f, 0x40, 0x0, 0x0, 0x5,
    0xf5, 0x11, 0x11, 0x10, 0x5f, 0xff, 0xff, 0xfe,
    0x5, 0xf7, 0x44, 0x44, 0x40, 0x5f, 0x40, 0x0,
    0x0, 0x5, 0xf4, 0x0, 0x0, 0x0, 0x5f, 0x40,
    0x0, 0x0, 0x5, 0xf9, 0x77, 0x77, 0x76, 0x5f,
    0xff, 0xff, 0xff, 0xd0,

    /* U+00C9 "É" */
    0x0, 0x0, 0xc, 0xe2, 0x0, 0x0, 0xa, 0xd1,
    0x0, 0x0, 0x2, 0x71, 0x0, 0x5, 0xff, 0xff,
    0xff, 0xf9, 0x5f, 0x97, 0x77, 0x77, 0x45, 0xf4,
    0x0, 0x0, 0x0, 0x5f, 0x40, 0x0, 0x0, 0x5,
    0xf5, 0x11, 0x11, 0x10, 0x5f, 0xff, 0xff, 0xfe,
    0x5, 0xf7, 0x44, 0x44, 0x40, 0x5f, 0x40, 0x0,
    0x0, 0x5, 0xf4, 0x0, 0x0, 0x0, 0x5f, 0x40,
    0x0, 0x0, 0x5, 0xf9, 0x77, 0x77, 0x76, 0x5f,
    0xff, 0xff, 0xff, 0xd0,

    /* U+00CA "Ê" */
    0x0, 0x8, 0xfc, 0x0, 0x0, 0x5, 0xf4, 0xca,
    0x0, 0x0, 0x73, 0x1, 0x72, 0x5, 0xff, 0xff,
    0xff, 0xf9, 0x5f, 0x97, 0x77, 0x77, 0x45, 0xf4,
    0x0, 0x0, 0x0, 0x5f, 0x40, 0x0, 0x0, 0x5,
    0xf5, 0x11, 0x11, 0x10, 0x5f, 0xff, 0xff, 0xfe,
    0x5, 0xf7, 0x44, 0x44, 0x40, 0x5f, 0x40, 0x0,
    0x0, 0x5, 0xf4, 0x0, 0x0, 0x0, 0x5f, 0x40,
    0x0, 0x0, 0x5, 0xf9, 0x77, 0x77, 0x76, 0x5f,
    0xff, 0xff, 0xff, 0xd0,

    /* U+00CB "Ë" */
    0x0, 0x48, 0x4, 0x70, 0x0, 0x7, 0xc0, 0x7b,
    0x0, 0x0, 0x0, 0x0, 0x0, 0x5, 0xff, 0xff,
    0xff, 0xf9, 0x5f, 0x97, 0x77, 0x77, 0x45, 0xf4,
    0x0, 0x0, 0x0, 0x5f, 0x40, 0x0, 0x0, 0x5,
    0xf5, 0x11, 0x11, 0x10, 0x5f, 0xff, 0xff, 0xfe,
    0x5, 0xf7, 0x44, 0x44, 0x40, 0x5f, 0x40, 0x0,
    0x0, 0x5, 0xf4, 0x0, 0x0, 0x0, 0x5f, 0x40,
    0x0, 0x0, 0x5, 0xf9, 0x77, 0x77, 0x76, 0x5f,
    0xff, 0xff, 0xff, 0xd0,

    /* U+00CC "Ì" */
    0x1d, 0xd1, 0x0, 0x1c, 0xc0, 0x0, 0x7, 0x30,
    0x5, 0xf4, 0x0, 0x5f, 0x40, 0x5, 0xf4, 0x0,
    0x5f, 0x40, 0x5, 0xf4, 0x0, 0x5f, 0x40, 0x5,
    0xf4, 0x0, 0x5f, 0x40, 0x5, 0xf4, 0x0, 0x5f,
    0x40, 0x5, 0xf4, 0x0, 0x5f, 0x40,

    /* U+00CD "Í" */
    0x1, 0xec, 0x10, 0xcb, 0x0, 0x47, 0x0, 0x5,
    0xf4, 0x0, 0x5f, 0x40, 0x5, 0xf4, 0x0, 0x5f,
    0x40, 0x5, 0xf4, 0x0, 0x5f, 0x40, 0x5, 0xf4,
    0x0, 0x5f, 0x40, 0x5, 0xf4, 0x0, 0x5f, 0x40,
    0x5, 0xf4, 0x0, 0x5f, 0x40, 0x0,

    /* U+00CE "Î" */
    0x0, 0xaf, 0xa0, 0x0, 0x8e, 0x4e, 0x70, 0x17,
    0x20, 0x27, 0x10, 0x5, 0xf4, 0x0, 0x0, 0x5f,
    0x40, 0x0, 0x5, 0xf4, 0x0, 0x0, 0x5f, 0x40,
    0x0, 0x5, 0xf4, 0x0, 0x0, 0x5f, 0x40, 0x0,
    0x5, 0xf4, 0x0, 0x0, 0x5f, 0x40, 0x0, 0x5,
    0xf4, 0x0, 0x0, 0x5f, 0x40, 0x0, 0x5, 0xf4,
    0x0, 0x0, 0x5f, 0x40, 0x0,

    /* U+00CF "Ï" */
    0x66, 0x6, 0x5a, 0x90, 0xa9, 0x0, 0x0, 0x0,
    0x5f, 0x40, 0x5, 0xf4, 0x0, 0x5f, 0x40, 0x5,
    0xf4, 0x0, 0x5f, 0x40, 0x5, 0xf4, 0x0, 0x5f,
    0x40, 0x5, 0xf4, 0x0, 0x5f, 0x40, 0x5, 0xf4,
    0x0, 0x5f, 0x40, 0x5, 0xf4, 0x0,

    /* U+00D0 "Ð" */
    0x3, 0xff, 0xff, 0xfe, 0xb4, 0x0, 0x0, 0x3f,
    0xa7, 0x77, 0x9e, 0xfa, 0x0, 0x3, 0xf6, 0x0,
    0x0, 0x8, 0xf8, 0x0, 0x3f, 0x60, 0x0, 0x0,
    0xb, 0xf1, 0x4, 0xf7, 0x11, 0x0, 0x0, 0x4f,
    0x6d, 0xff, 0xff, 0xf9, 0x0, 0x1, 0xf8, 0x37,
    0xfa, 0x44, 0x20, 0x0, 0x1f, 0x80, 0x3f, 0x60,
    0x0, 0x0, 0x4, 0xf6, 0x3, 0xf6, 0x0, 0x0,
    0x0, 0xbf, 0x10, 0x3f, 0x60, 0x0, 0x0, 0x8f,
    0x80, 0x3, 0xfa, 0x77, 0x79, 0xef, 0xa0, 0x0,
    0x3f, 0xff, 0xff, 0xeb, 0x40, 0x0,

    /* U+00D1 "Ñ" */
    0x0, 0x8, 0xd7, 0xc, 0x10, 0x0, 0x1, 0xc2,
    0x8e, 0x80, 0x0, 0x0, 0x0, 0x0, 0x0, 0x0,
    0x5, 0xf5, 0x0, 0x0, 0x4, 0xf5, 0x5f, 0xf2,
    0x0, 0x0, 0x4f, 0x55, 0xff, 0xd0, 0x0, 0x4,
    0xf5, 0x5f, 0xaf, 0x90, 0x0, 0x4f, 0x55, 0xf4,
    0xaf, 0x50, 0x4, 0xf5, 0x5f, 0x40, 0xdf, 0x20,
    0x4f, 0x55, 0xf4, 0x2, 0xfd, 0x4, 0xf5, 0x5f,
    0x40, 0x6, 0xf9, 0x4f, 0x55, 0xf4, 0x0, 0xa,
    0xfa, 0xf5, 0x5f, 0x40, 0x0, 0xd, 0xff, 0x55,
    0xf4, 0x0, 0x0, 0x2f, 0xf5, 0x5f, 0x40, 0x0,
    0x0, 0x6f, 0x50,

    /* U+00D2 "Ò" */
    0x0, 0x0, 0x8f, 0x50, 0x0, 0x0, 0x0, 0x0,
    0x0, 0x4e, 0x60, 0x0, 0x0, 0x0, 0x0, 0x0,
    0x0, 0x0, 0x0, 0x0, 0x0, 0x18, 0xdf, 0xeb,
    0x50, 0x0, 0x0, 0x4f, 0xfb, 0x89, 0xef, 0xa0,
    0x0, 0x2f, 0xd2, 0x0, 0x0, 0x8f, 0x90, 0xb,
    0xf2, 0x0, 0x0, 0x0, 0xaf, 0x20, 0xfa, 0x0,
    0x0, 0x0, 0x3, 0xf7, 0x2f, 0x60, 0x0, 0x0,
    0x0, 0xf, 0x92, 0xf6, 0x0, 0x0, 0x0, 0x0,
    0xf9, 0xf, 0xa0, 0x0, 0x0, 0x0, 0x3f, 0x70,
    0xbf, 0x20, 0x0, 0x0, 0xa, 0xf2, 0x2, 0xfd,
    0x20, 0x0, 0x8, 0xf9, 0x0, 0x4, 0xff, 0xb8,
    0x9e, 0xfa, 0x0, 0x0, 0x2, 0x8d, 0xfe, 0xb5,
    0x0, 0x0,

    /* U+00D3 "Ó" */
    0x0, 0x0, 0x0, 0x1c, 0xd2, 0x0, 0x0, 0x0,
    0x0, 0x1d, 0x90, 0x0, 0x0, 0x0, 0x0, 0x0,
    0x0, 0x0, 0x0, 0x0, 0x0, 0x18, 0xdf, 0xeb,
    0x50, 0x0, 0x0, 0x4f, 0xfb, 0x89, 0xef, 0xa0,
    0x0, 0x2f, 0xd2, 0x0, 0x0, 0x8f, 0x90, 0xb,
    0xf2, 0x0, 0x0, 0x0, 0xaf, 0x20, 0xfa, 0x0,
    0x0, 0x0, 0x3, 0xf7, 0x2f, 0x60, 0x0, 0x0,
    0x0, 0xf, 0x92, 0xf6, 0x0, 0x0, 0x0, 0x0,
    0xf9, 0xf, 0xa0, 0x0, 0x0, 0x0, 0x3f, 0x70,
    0xbf, 0x20, 0x0, 0x0, 0xa, 0xf2, 0x2, 0xfd,
    0x20, 0x0, 0x8, 0xf9, 0x0, 0x4, 0xff, 0xb8,
    0x9e, 0xfa, 0x0, 0x0, 0x2, 0x8d, 0xfe, 0xb5,
    0x0, 0x0,

    /* U+00D4 "Ô" */
    0x0, 0x0, 0x8, 0xfd, 0x20, 0x0, 0x0, 0x0,
    0x9, 0xc1, 0x6e, 0x20, 0x0, 0x0, 0x0, 0x0,
    0x0, 0x0, 0x0, 0x0, 0x0, 0x18, 0xdf, 0xeb,
    0x50, 0x0, 0x0, 0x4f, 0xfb, 0x89, 0xef, 0xa0,
    0x0, 0x2f, 0xd2, 0x0, 0x0, 0x8f, 0x90, 0xb,
    0xf2, 0x0, 0x0, 0x0, 0xaf, 0x20, 0xfa, 0x0,
    0x0, 0x0, 0x3, 0xf7, 0x2f, 0x60, 0x0, 0x0,
    0x0, 0xf, 0x92, 0xf6, 0x0, 0x0, 0x0, 0x0,
    0xf9, 0xf, 0xa0, 0x0, 0x0, 0x0, 0x3f, 0x70,
    0xbf, 0x20, 0x0, 0x0, 0xa, 0xf2, 0x2, 0xfd,
    0x20, 0x0, 0x8, 0xf9, 0x0, 0x4, 0xff, 0xb8,
    0x9e, 0xfa, 0x0, 0x0, 0x2, 0x8d, 0xfe, 0xb5,
    0x0, 0x0,

    /* U+00D5 "Õ" */
    0x0, 0x0, 0x5d, 0x91, 0x94, 0x0, 0x0, 0x0,
    0xd, 0x36, 0xdb, 0x0, 0x0, 0x0, 0x0, 0x0,
    0x0, 0x0, 0x0, 0x0, 0x0, 0x18, 0xdf, 0xeb,
    0x50, 0x0, 0x0, 0x4f, 0xfb, 0x89, 0xef, 0xa0,
    0x0, 0x2f, 0xd2, 0x0, 0x0, 0x8f, 0x90, 0xb,
    0xf2, 0x0, 0x0, 0x0, 0xaf, 0x20, 0xfa, 0x0,
    0x0, 0x0, 0x3, 0xf7, 0x2f, 0x60, 0x0, 0x0,
    0x0, 0xf, 0x92, 0xf6, 0x0, 0x0, 0x0, 0x0,
    0xf9, 0xf, 0xa0, 0x0, 0x0, 0x0, 0x3f, 0x70,
    0xbf, 0x20, 0x0, 0x0, 0xa, 0xf2, 0x2, 0xfd,
    0x20, 0x0, 0x8, 0xf9, 0x0, 0x4, 0xff, 0xb8,
    0x9e, 0xfa, 0x0, 0x0, 0x2, 0x8d, 0xfe, 0xb5,
    0x0, 0x0,

    /* U+00D6 "Ö" */
    0x0, 0x0, 0x5d, 0x6, 0xd0, 0x0, 0x0, 0x0,
    0x3, 0x90, 0x48, 0x0, 0x0, 0x0, 0x0, 0x0,
    0x0, 0x0, 0x0, 0x0, 0x0, 0x18, 0xdf, 0xeb,
    0x50, 0x0, 0x0, 0x4f, 0xfb, 0x89, 0xef, 0xa0,
    0x0, 0x2f, 0xd2, 0x0, 0x0, 0x8f, 0x90, 0xb,
    0xf2, 0x0, 0x0, 0x0, 0xaf, 0x20, 0xfa, 0x0,
    0x0, 0x0, 0x3, 0xf7, 0x2f, 0x60, 0x0, 0x0,
    0x0, 0xf, 0x92, 0xf6, 0x0, 0x0, 0x0, 0x0,
    0xf9, 0xf, 0xa0, 0x0, 0x0, 0x0, 0x3f, 0x70,
    0xbf, 0x20, 0x0, 0x0, 0xa, 0xf2, 0x2, 0xfd,
    0x20, 0x0, 0x8, 0xf9, 0x0, 0x4, 0xff, 0xb8,
    0x9e, 0xfa, 0x0, 0x0, 0x2, 0x8d, 0xfe, 0xb5,
    0x0, 0x0,

    /* U+00D7 "×" */
    0x0, 0x0, 0x0, 0x1, 0xc2, 0x0, 0xb4, 0xb,
    0xe2, 0xbe, 0x20, 0xc, 0xfe, 0x20, 0x0, 0x9f,
    0xd1, 0x0, 0x8f, 0x5d, 0xc0, 0x1e, 0x50, 0x1e,
    0x50, 0x10, 0x0, 0x10,

    /* U+00D8 "Ø" */
    0x0, 0x0, 0x0, 0x0, 0x0, 0x6c, 0x0, 0x0,
    0x18, 0xdf, 0xeb, 0x7e, 0x20, 0x0, 0x4f, 0xfb,
    0x89, 0xef, 0xf0, 0x0, 0x2f, 0xd2, 0x0, 0x8,
    0xff, 0x90, 0xb, 0xf2, 0x0, 0x3, 0xe2, 0xaf,
    0x20, 0xfa, 0x0, 0x0, 0xd6, 0x3, 0xf7, 0x2f,
    0x60, 0x0, 0x8b, 0x0, 0xf, 0x92, 0xf6, 0x0,
    0x3e, 0x10, 0x0, 0xf9, 0xf, 0xa0, 0xd, 0x50,
    0x0, 0x3f, 0x70, 0xbf, 0x29, 0xa0, 0x0, 0xa,
    0xf2, 0x2, 0xff, 0xf1, 0x0, 0x8, 0xf9, 0x0,
    0x6, 0xff, 0xb8, 0x9e, 0xfa, 0x0, 0x0, 0xab,
    0x8d, 0xfe, 0xb5, 0x0, 0x0, 0x5d, 0x0, 0x0,
    0x0, 0x0, 0x0,

    /* U+00D9 "Ù" */
    0x0, 0x2c, 0xc1, 0x0, 0x0, 0x0, 0x0, 0x8,
    0xd2, 0x0, 0x0, 0x0, 0x0, 0x0, 0x0, 0x0,
    0x6, 0xf3, 0x0, 0x0, 0x8, 0xf1, 0x6f, 0x30,
    0x0, 0x0, 0x8f, 0x16, 0xf3, 0x0, 0x0, 0x8,
    0xf1, 0x6f, 0x30, 0x0, 0x0, 0x8f, 0x16, 0xf3,
    0x0, 0x0, 0x8, 0xf1, 0x6f, 0x30, 0x0, 0x0,
    0x8f, 0x16, 0xf3, 0x0, 0x0, 0x8, 0xf0, 0x5f,
    0x40, 0x0, 0x0, 0x9f, 0x3, 0xf7, 0x0, 0x0,
    0xc, 0xd0, 0xd, 0xe2, 0x0, 0x5, 0xf8, 0x0,
    0x4f, 0xfa, 0x8b, 0xfd, 0x0, 0x0, 0x3b, 0xef,
    0xd8, 0x10, 0x0,

    /* U+00DA "Ú" */
    0x0, 0x0, 0x4, 0xf9, 0x0, 0x0, 0x0, 0x5,
    0xe5, 0x0, 0x0, 0x0, 0x0, 0x0, 0x0, 0x0,
    0x6, 0xf3, 0x0, 0x0, 0x8, 0xf1, 0x6f, 0x30,
    0x0, 0x0, 0x8f, 0x16, 0xf3, 0x0, 0x0, 0x8,
    0xf1, 0x6f, 0x30, 0x0, 0x0, 0x8f, 0x16, 0xf3,
    0x0, 0x0, 0x8, 0xf1, 0x6f, 0x30, 0x0, 0x0,
    0x8f, 0x16, 0xf3, 0x0, 0x0, 0x8, 0xf0, 0x5f,
    0x40, 0x0, 0x0, 0x9f, 0x3, 0xf7, 0x0, 0x0,
    0xc, 0xd0, 0xd, 0xe2, 0x0, 0x5, 0xf8, 0x0,
    0x4f, 0xfa, 0x8b, 0xfd, 0x0, 0x0, 0x3b, 0xef,
    0xd8, 0x10, 0x0,

    /* U+00DB "Û" */
    0x0, 0x1, 0xdf, 0x90, 0x0, 0x0, 0x2, 0xd7,
    0x1b, 0xa0, 0x0, 0x0, 0x0, 0x0, 0x0, 0x0,
    0x6, 0xf3, 0x0, 0x0, 0x8, 0xf1, 0x6f, 0x30,
    0x0, 0x0, 0x8f, 0x16, 0xf3, 0x0, 0x0, 0x8,
    0xf1, 0x6f, 0x30, 0x0, 0x0, 0x8f, 0x16, 0xf3,
    0x0, 0x0, 0x8, 0xf1, 0x6f, 0x30, 0x0, 0x0,
    0x8f, 0x16, 0xf3, 0x0, 0x0, 0x8, 0xf0, 0x5f,
    0x40, 0x0, 0x0, 0x9f, 0x3, 0xf7, 0x0, 0x0,
    0xc, 0xd0, 0xd, 0xe2, 0x0, 0x5, 0xf8, 0x0,
    0x4f, 0xfa, 0x8b, 0xfd, 0x0, 0x0, 0x3b, 0xef,
    0xd8, 0x10, 0x0,

    /* U+00DC "Ü" */
    0x0, 0xc, 0x70, 0xc6, 0x0, 0x0, 0x0, 0x84,
    0x8, 0x40, 0x0, 0x0, 0x0, 0x0, 0x0, 0x0,
    0x6, 0xf3, 0x0, 0x0, 0x8, 0xf1, 0x6f, 0x30,
    0x0, 0x0, 0x8f, 0x16, 0xf3, 0x0, 0x0, 0x8,
    0xf1, 0x6f, 0x30, 0x0, 0x0, 0x8f, 0x16, 0xf3,
    0x0, 0x0, 0x8, 0xf1, 0x6f, 0x30, 0x0, 0x0,
    0x8f, 0x16, 0xf3, 0x0, 0x0, 0x8, 0xf0, 0x5f,
    0x40, 0x0, 0x0, 0x9f, 0x3, 0xf7, 0x0, 0x0,
    0xc, 0xd0, 0xd, 0xe2, 0x0, 0x5, 0xf8, 0x0,
    0x4f, 0xfa, 0x8b, 0xfd, 0x0, 0x0, 0x3b, 0xef,
    0xd8, 0x10, 0x0,

    /* U+00DD "Ý" */
    0x0, 0x0, 0x0, 0x4f, 0x90, 0x0, 0x0, 0x0,
    0x3, 0xf8, 0x0, 0x0, 0x0, 0x0, 0x6, 0x50,
    0x0, 0x0, 0xc, 0xe0, 0x0, 0x0, 0x7, 0xf2,
    0x3, 0xf7, 0x0, 0x0, 0x1f, 0x90, 0x0, 0xaf,
    0x10, 0x0, 0x9e, 0x10, 0x0, 0x1f, 0xa0, 0x2,
    0xf6, 0x0, 0x0, 0x8, 0xf3, 0xb, 0xd0, 0x0,
    0x0, 0x0, 0xec, 0x4f, 0x40, 0x0, 0x0, 0x0,
    0x5f, 0xfb, 0x0, 0x0, 0x0, 0x0, 0xc, 0xf2,
    0x0, 0x0, 0x0, 0x0, 0x9, 0xf0, 0x0, 0x0,
    0x0, 0x0, 0x9, 0xf0, 0x0, 0x0, 0x0, 0x0,
    0x9, 0xf0, 0x0, 0x0, 0x0, 0x0, 0x9, 0xf0,
    0x0, 0x0,

    /* U+00DE "Þ" */
    0x5f, 0x40, 0x0, 0x0, 0x0, 0x5f, 0x62, 0x21,
    0x0, 0x0, 0x5f, 0xff, 0xff, 0xf9, 0x10, 0x5f,
    0x85, 0x56, 0x9f, 0xd0, 0x5f, 0x40, 0x0, 0x5,
    0xf6, 0x5f, 0x40, 0x0, 0x0, 0xfa, 0x5f, 0x40,
    0x0, 0x0, 0xfa, 0x5f, 0x40, 0x0, 0x4, 0xf8,
    0x5f, 0x52, 0x23, 0x6e, 0xe1, 0x5f, 0xff, 0xff,
    0xfc, 0x30, 0x5f, 0x85, 0x54, 0x20, 0x0, 0x5f,
    0x40, 0x0, 0x0, 0x0,

    /* U+00DF "ß" */
    0x0, 0x8e, 0xfe, 0x80, 0x0, 0xc, 0xf9, 0x79,
    0xfb, 0x0, 0x4f, 0x60, 0x0, 0x7f, 0x10, 0x7f,
    0x0, 0x0, 0x6f, 0x10, 0x8f, 0x0, 0x15, 0xe9,
    0x0, 0x8f, 0x0, 0xef, 0xf5, 0x0, 0x8f, 0x0,
    0x35, 0xaf, 0x70, 0x8f, 0x0, 0x0, 0xa, 0xf0,
    0x8f, 0x0, 0x0, 0x7, 0xf1, 0x8f, 0x0, 0x0,
    0xb, 0xf0, 0x8f, 0x3, 0x77, 0xbf, 0x70, 0x8f,
    0x6, 0xff, 0xd6, 0x0,

    /* U+00E0 "à" */
    0x0, 0x8f, 0x40, 0x0, 0x0, 0x0, 0x4d, 0x50,
    0x0, 0x0, 0x0, 0x0, 0x0, 0x0, 0x19, 0xef,
    0xd8, 0x0, 0xc, 0xe8, 0x7a, 0xf9, 0x0, 0x20,
    0x0, 0xa, 0xf0, 0x0, 0x0, 0x0, 0x6f, 0x20,
    0x2b, 0xef, 0xff, 0xf2, 0xe, 0xc4, 0x22, 0x7f,
    0x22, 0xf5, 0x0, 0x7, 0xf2, 0xe, 0xc4, 0x27,
    0xff, 0x20, 0x2b, 0xff, 0xb6, 0xf2,

    /* U+00E1 "á" */
    0x0, 0x0, 0x1d, 0xc1, 0x0, 0x0, 0x2d, 0x80,
    0x0, 0x0, 0x0, 0x0, 0x0, 0x0, 0x19, 0xef,
    0xd8, 0x0, 0xc, 0xe8, 0x7a, 0xf9, 0x0, 0x20,
    0x0, 0xa, 0xf0, 0x0, 0x0, 0x0, 0x6f, 0x20,
    0x2b, 0xef, 0xff, 0xf2, 0xe, 0xc4, 0x22, 0x7f,
    0x22, 0xf5, 0x0, 0x7, 0xf2, 0xe, 0xc4, 0x27,
    0xff, 0x20, 0x2b, 0xff, 0xb6, 0xf2,

    /* U+00E2 "â" */
    0x0, 0x9, 0xfd, 0x10, 0x0, 0xa, 0xa1, 0x7c,
    0x10, 0x0, 0x0, 0x0, 0x0, 0x0, 0x19, 0xef,
    0xd8, 0x0, 0xc, 0xe8, 0x7a, 0xf9, 0x0, 0x20,
    0x0, 0xa, 0xf0, 0x0, 0x0, 0x0, 0x6f, 0x20,
    0x2b, 0xef, 0xff, 0xf2, 0xe, 0xc4, 0x22, 0x7f,
    0x22, 0xf5, 0x0, 0x7, 0xf2, 0xe, 0xc4, 0x27,
    0xff, 0x20, 0x2b, 0xff, 0xb6, 0xf2,

    /* U+00E3 "ã" */
    0x0, 0x7f, 0xa0, 0xb4, 0x0, 0xd, 0x16, 0xda,
    0x0, 0x0, 0x0, 0x0, 0x0, 0x0, 0x19, 0xef,
    0xd8, 0x0, 0xc, 0xe8, 0x7a, 0xf9, 0x0, 0x20,
    0x0, 0xa, 0xf0, 0x0, 0x0, 0x0, 0x6f, 0x20,
    0x2b, 0xef, 0xff, 0xf2, 0xe, 0xc4, 0x22, 0x7f,
    0x22, 0xf5, 0x0, 0x7, 0xf2, 0xe, 0xc4, 0x27,
    0xff, 0x20, 0x2b, 0xff, 0xb6, 0xf2,

    /* U+00E4 "ä" */
    0x0, 0x7c, 0x7, 0xb0, 0x0, 0x4, 0x80, 0x47,
    0x0, 0x0, 0x0, 0x0, 0x0, 0x0, 0x19, 0xef,
    0xd8, 0x0, 0xc, 0xe8, 0x7a, 0xf9, 0x0, 0x20,
    0x0, 0xa, 0xf0, 0x0, 0x0, 0x0, 0x6f, 0x20,
    0x2b, 0xef, 0xff, 0xf2, 0xe, 0xc4, 0x22, 0x7f,
    0x22, 0xf5, 0x0, 0x7, 0xf2, 0xe, 0xc4, 0x27,
    0xff, 0x20, 0x2b, 0xff, 0xb6, 0xf2,

    /* U+00E5 "å" */
    0x0, 0x5, 0xb8, 0x0, 0x0, 0x0, 0xb0, 0x74,
    0x0, 0x0, 0xb, 0x7, 0x50, 0x0, 0x0, 0x5b,
    0x90, 0x0, 0x0, 0x0, 0x0, 0x0, 0x0, 0x19,
    0xef, 0xd8, 0x0, 0xc, 0xe8, 0x7a, 0xf9, 0x0,
    0x20, 0x0, 0xa, 0xf0, 0x0, 0x0, 0x0, 0x6f,
    0x20, 0x2b, 0xef, 0xff, 0xf2, 0xe, 0xc4, 0x22,
    0x7f, 0x22, 0xf5, 0x0, 0x7, 0xf2, 0xe, 0xc4,
    0x27, 0xff, 0x20, 0x2b, 0xff, 0xb6, 0xf2,

    /* U+00E6 "æ" */
    0x1, 0x9e, 0xfe, 0x80, 0x3b, 0xfe, 0xa2, 0x0,
    0xb, 0xe8, 0x7a, 0xfb, 0xfd, 0x78, 0xee, 0x20,
    0x2, 0x0, 0x0, 0xaf, 0xc0, 0x0, 0x1e, 0xb0,
    0x0, 0x0, 0x0, 0x6f, 0x50, 0x0, 0x8, 0xf0,
    0x3, 0xbe, 0xff, 0xff, 0xff, 0xff, 0xff, 0xf2,
    0xe, 0xb4, 0x22, 0x7f, 0x62, 0x22, 0x22, 0x20,
    0x2f, 0x60, 0x0, 0x9f, 0xc0, 0x0, 0x2, 0x0,
    0xe, 0xe8, 0x7a, 0xf8, 0xfd, 0x87, 0xaf, 0x50,
    0x2, 0xbe, 0xfc, 0x40, 0x3b, 0xef, 0xd6, 0x0,

    /* U+00E7 "ç" */
    0x0, 0x3a, 0xef, 0xc4, 0x0, 0x4f, 0xd8, 0x7c,
    0xf4, 0xd, 0xd0, 0x0, 0x7, 0x13, 0xf6, 0x0,
    0x0, 0x0, 0x4f, 0x30, 0x0, 0x0, 0x3, 0xf6,
    0x0, 0x0, 0x0, 0xd, 0xd0, 0x0, 0x6, 0x10,
    0x4f, 0xd7, 0x7c, 0xf4, 0x0, 0x3a, 0xff, 0xc4,
    0x0, 0x0, 0xd, 0x50, 0x0, 0x0, 0x0, 0x2d,
    0x40, 0x0, 0x0, 0xce, 0xc1, 0x0,

    /* U+00E8 "è" */
    0x0, 0x5f, 0x70, 0x0, 0x0, 0x0, 0x2, 0xc8,
    0x0, 0x0, 0x0, 0x0, 0x0, 0x0, 0x0, 0x0,
    0x3b, 0xfe, 0xa2, 0x0, 0x4, 0xfc, 0x67, 0xee,
    0x20, 0xe, 0xc0, 0x0, 0x1e, 0xa0, 0x3f, 0x50,
    0x0, 0x7, 0xf0, 0x4f, 0xff, 0xff, 0xff, 0xf1,
    0x3f, 0x72, 0x22, 0x22, 0x20, 0xe, 0xc0, 0x0,
    0x2, 0x0, 0x4, 0xfd, 0x87, 0xaf, 0x50, 0x0,
    0x3a, 0xef, 0xd6, 0x0,

    /* U+00E9 "é" */
    0x0, 0x0, 0xa, 0xe4, 0x0, 0x0, 0x0, 0xaa,
    0x10, 0x0, 0x0, 0x0, 0x0, 0x0, 0x0, 0x0,
    0x3b, 0xfe, 0xa2, 0x0, 0x4, 0xfc, 0x67, 0xee,
    0x20, 0xe, 0xc0, 0x0, 0x1e, 0xa0, 0x3f, 0x50,
    0x0, 0x7, 0xf0, 0x4f, 0xff, 0xff, 0xff, 0xf1,
    0x3f, 0x72, 0x22, 0x22, 0x20, 0xe, 0xc0, 0x0,
    0x2, 0x0, 0x4, 0xfd, 0x87, 0xaf, 0x50, 0x0,
    0x3a, 0xef, 0xd6, 0x0,

    /* U+00EA "ê" */
    0x0, 0x6, 0xfe, 0x30, 0x0, 0x0, 0x6d, 0x24,
    0xd4, 0x0, 0x0, 0x0, 0x0, 0x0, 0x0, 0x0,
    0x3b, 0xfe, 0xa2, 0x0, 0x4, 0xfc, 0x67, 0xee,
    0x20, 0xe, 0xc0, 0x0, 0x1e, 0xa0, 0x3f, 0x50,
    0x0, 0x7, 0xf0, 0x4f, 0xff, 0xff, 0xff, 0xf1,
    0x3f, 0x72, 0x22, 0x22, 0x20, 0xe, 0xc0, 0x0,
    0x2, 0x0, 0x4, 0xfd, 0x87, 0xaf, 0x50, 0x0,
    0x3a, 0xef, 0xd6, 0x0,

    /* U+00EB "ë" */
    0x0, 0x3e, 0x13, 0xe1, 0x0, 0x0, 0x29, 0x2,
    0x90, 0x0, 0x0, 0x0, 0x0, 0x0, 0x0, 0x0,
    0x3b, 0xfe, 0xa2, 0x0, 0x4, 0xfc, 0x67, 0xee,
    0x20, 0xe, 0xc0, 0x0, 0x1e, 0xa0, 0x3f, 0x50,
    0x0, 0x7, 0xf0, 0x4f, 0xff, 0xff, 0xff, 0xf1,
    0x3f, 0x72, 0x22, 0x22, 0x20, 0xe, 0xc0, 0x0,
    0x2, 0x0, 0x4, 0xfd, 0x87, 0xaf, 0x50, 0x0,
    0x3a, 0xef, 0xd6, 0x0,

    /* U+00EC "ì" */
    0x2d, 0xc1, 0x0, 0x8, 0xb1, 0x0, 0x0, 0x0,
    0x8, 0xf0, 0x0, 0x8f, 0x0, 0x8, 0xf0, 0x0,
    0x8f, 0x0, 0x8, 0xf0, 0x0, 0x8f, 0x0, 0x8,
    0xf0, 0x0, 0x8f, 0x0, 0x8, 0xf0,

    /* U+00ED "í" */
    0x6, 0xf7, 0x6, 0xc3, 0x0, 0x0, 0x0, 0x8,
    0xf0, 0x0, 0x8f, 0x0, 0x8, 0xf0, 0x0, 0x8f,
    0x0, 0x8, 0xf0, 0x0, 0x8f, 0x0, 0x8, 0xf0,
    0x0, 0x8f, 0x0, 0x8, 0xf0, 0x0,

    /* U+00EE "î" */
    0x1, 0xdf, 0x60, 0xb, 0x72, 0xd4, 0x0, 0x0,
    0x0, 0x0, 0x8f, 0x0, 0x0, 0x8f, 0x0, 0x0,
    0x8f, 0x0, 0x0, 0x8f, 0x0, 0x0, 0x8f, 0x0,
    0x0, 0x8f, 0x0, 0x0, 0x8f, 0x0, 0x0, 0x8f,
    0x0, 0x0, 0x8f, 0x0,

    /* U+00EF "ï" */
    0x8a, 0x4e, 0x5, 0x62, 0x90, 0x0, 0x0, 0x0,
    0x8f, 0x0, 0x8, 0xf0, 0x0, 0x8f, 0x0, 0x8,
    0xf0, 0x0, 0x8f, 0x0, 0x8, 0xf0, 0x0, 0x8f,
    0x0, 0x8, 0xf0, 0x0, 0x8f, 0x0,

    /* U+00F0 "ð" */
    0x5, 0xdf, 0xec, 0x64, 0x70, 0x4, 0x86, 0x7e,
    0xff, 0xa0, 0x0, 0x18, 0xee, 0x8f, 0xa0, 0x0,
    0xcc, 0x50, 0x7, 0xf2, 0x0, 0x0, 0x0, 0x2,
    0xf6, 0x0, 0x8e, 0xff, 0xa2, 0xf8, 0xa, 0xf9,
    0x55, 0xbd, 0xf8, 0x2f, 0x80, 0x0, 0xb, 0xf7,
    0x4f, 0x40, 0x0, 0x7, 0xf3, 0x2f, 0x80, 0x0,
    0xc, 0xd0, 0x9, 0xfa, 0x67, 0xdf, 0x30, 0x0,
    0x7d, 0xfe, 0xa2, 0x0,

    /* U+00F1 "ñ" */
    0x0, 0x9f, 0x80, 0xd1, 0x0, 0x1c, 0x18, 0xe8,
    0x0, 0x0, 0x0, 0x0, 0x0, 0x8, 0xe3, 0xbf,
    0xea, 0x10, 0x8f, 0xfa, 0x68, 0xfd, 0x8, 0xf8,
    0x0, 0x6, 0xf4, 0x8f, 0x10, 0x0, 0x1f, 0x78,
    0xf0, 0x0, 0x0, 0xf8, 0x8f, 0x0, 0x0, 0xf,
    0x88, 0xf0, 0x0, 0x0, 0xf8, 0x8f, 0x0, 0x0,
    0xf, 0x88, 0xf0, 0x0, 0x0, 0xf8,

    /* U+00F2 "ò" */
    0x0, 0x4e, 0xa0, 0x0, 0x0, 0x0, 0x1, 0xba,
    0x0, 0x0, 0x0, 0x0, 0x0, 0x0, 0x0, 0x0,
    0x3b, 0xef, 0xc4, 0x0, 0x4, 0xfd, 0x87, 0xcf,
    0x60, 0xe, 0xd0, 0x0, 0xb, 0xf1, 0x3f, 0x60,
    0x0, 0x3, 0xf5, 0x4f, 0x30, 0x0, 0x1, 0xf7,
    0x3f, 0x60, 0x0, 0x3, 0xf5, 0xe, 0xd0, 0x0,
    0xb, 0xf1, 0x4, 0xfd, 0x77, 0xcf, 0x60, 0x0,
    0x3b, 0xef, 0xc4, 0x0,

    /* U+00F3 "ó" */
    0x0, 0x0, 0x8, 0xf5, 0x0, 0x0, 0x0, 0x8c,
    0x20, 0x0, 0x0, 0x0, 0x0, 0x0, 0x0, 0x0,
    0x3b, 0xef, 0xc4, 0x0, 0x4, 0xfd, 0x87, 0xcf,
    0x60, 0xe, 0xd0, 0x0, 0xb, 0xf1, 0x3f, 0x60,
    0x0, 0x3, 0xf5, 0x4f, 0x30, 0x0, 0x1, 0xf7,
    0x3f, 0x60, 0x0, 0x3, 0xf5, 0xe, 0xd0, 0x0,
    0xb, 0xf1, 0x4, 0xfd, 0x77, 0xcf, 0x60, 0x0,
    0x3b, 0xef, 0xc4, 0x0,

    /* U+00F4 "ô" */
    0x0, 0x4, 0xef, 0x60, 0x0, 0x0, 0x4d, 0x42,
    0xd6, 0x0, 0x0, 0x0, 0x0, 0x0, 0x0, 0x0,
    0x3b, 0xef, 0xc4, 0x0, 0x4, 0xfd, 0x87, 0xcf,
    0x60, 0xe, 0xd0, 0x0, 0xb, 0xf1, 0x3f, 0x60,
    0x0, 0x3, 0xf5, 0x4f, 0x30, 0x0, 0x1, 0xf7,
    0x3f, 0x60, 0x0, 0x3, 0xf5, 0xe, 0xd0, 0x0,
    0xb, 0xf1, 0x4, 0xfd, 0x77, 0xcf, 0x60, 0x0,
    0x3b, 0xef, 0xc4, 0x0,

    /* U+00F5 "õ" */
    0x0, 0x2d, 0xd3, 0x4a, 0x0, 0x0, 0x86, 0x3c,
    0xd3, 0x0, 0x0, 0x0, 0x0, 0x0, 0x0, 0x0,
    0x3b, 0xef, 0xc4, 0x0, 0x4, 0xfd, 0x87, 0xcf,
    0x60, 0xe, 0xd0, 0x0, 0xb, 0xf1, 0x3f, 0x60,
    0x0, 0x3, 0xf5, 0x4f, 0x30, 0x0, 0x1, 0xf7,
    0x3f, 0x60, 0x0, 0x3, 0xf5, 0xe, 0xd0, 0x0,
    0xb, 0xf1, 0x4, 0xfd, 0x77, 0xcf, 0x60, 0x0,
    0x3b, 0xef, 0xc4, 0x0,

    /* U+00F6 "ö" */
    0x0, 0x1e, 0x31, 0xe3, 0x0, 0x0, 0x9, 0x20,
    0x91, 0x0, 0x0, 0x0, 0x0, 0x0, 0x0, 0x0,
    0x3b, 0xef, 0xc4, 0x0, 0x4, 0xfd, 0x87, 0xcf,
    0x60, 0xe, 0xd0, 0x0, 0xb, 0xf1, 0x3f, 0x60,
    0x0, 0x3, 0xf5, 0x4f, 0x30, 0x0, 0x1, 0xf7,
    0x3f, 0x60, 0x0, 0x3, 0xf5, 0xe, 0xd0, 0x0,
    0xb, 0xf1, 0x4, 0xfd, 0x77, 0xcf, 0x60, 0x0,
    0x3b, 0xef, 0xc4, 0x0,

    /* U+00F7 "÷" */
    0x0, 0x1e, 0x60, 0x0, 0x0, 0x1e, 0x60, 0x0,
    0x0, 0x0, 0x0, 0x0, 0x1, 0x11, 0x11, 0x10,
    0xef, 0xff, 0xff, 0xf3, 0x34, 0x44, 0x44, 0x40,
    0x0, 0x0, 0x0, 0x0, 0x0, 0x1f, 0x60, 0x0,
    0x0, 0x1e, 0x60, 0x0,

    /* U+00F8 "ø" */
    0x0, 0x0, 0x0, 0x3, 0xb0, 0x0, 0x3b, 0xef,
    0xcf, 0x20, 0x4, 0xfd, 0x87, 0xff, 0x60, 0xe,
    0xd0, 0x2, 0xcb, 0xf1, 0x3f, 0x60, 0xb, 0x33,
    0xf5, 0x4f, 0x30, 0x68, 0x1, 0xf7, 0x3f, 0x61,
    0xc0, 0x3, 0xf5, 0xe, 0xdb, 0x40, 0xb, 0xf1,
    0x4, 0xff, 0x77, 0xcf, 0x60, 0x0, 0xfc, 0xef,
    0xc4, 0x0, 0x9, 0x50, 0x0, 0x0, 0x0,

    /* U+00F9 "ù" */
    0x1, 0xbd, 0x20, 0x0, 0x0, 0x0, 0x7c, 0x20,
    0x0, 0x0, 0x0, 0x0, 0x0, 0xa, 0xe0, 0x0,
    0x2, 0xf5, 0xae, 0x0, 0x0, 0x2f, 0x5a, 0xe0,
    0x0, 0x2, 0xf5, 0xae, 0x0, 0x0, 0x2f, 0x5a,
    0xe0, 0x0, 0x2, 0xf5, 0x9f, 0x0, 0x0, 0x4f,
    0x56, 0xf3, 0x0, 0xa, 0xf5, 0xe, 0xe7, 0x6b,
    0xff, 0x50, 0x2b, 0xef, 0xb3, 0xf5,

    /* U+00FA "ú" */
    0x0, 0x0, 0x4f, 0x90, 0x0, 0x0, 0x4d, 0x40,
    0x0, 0x0, 0x0, 0x0, 0x0, 0xa, 0xe0, 0x0,
    0x2, 0xf5, 0xae, 0x0, 0x0, 0x2f, 0x5a, 0xe0,
    0x0, 0x2, 0xf5, 0xae, 0x0, 0x0, 0x2f, 0x5a,
    0xe0, 0x0, 0x2, 0xf5, 0x9f, 0x0, 0x0, 0x4f,
    0x56, 0xf3, 0x0, 0xa, 0xf5, 0xe, 0xe7, 0x6b,
    0xff, 0x50, 0x2b, 0xef, 0xb3, 0xf5,

    /* U+00FB "û" */
    0x0, 0x1d, 0xea, 0x0, 0x0, 0x1c, 0x70, 0x9a,
    0x0, 0x0, 0x0, 0x0, 0x0, 0xa, 0xe0, 0x0,
    0x2, 0xf5, 0xae, 0x0, 0x0, 0x2f, 0x5a, 0xe0,
    0x0, 0x2, 0xf5, 0xae, 0x0, 0x0, 0x2f, 0x5a,
    0xe0, 0x0, 0x2, 0xf5, 0x9f, 0x0, 0x0, 0x4f,
    0x56, 0xf3, 0x0, 0xa, 0xf5, 0xe, 0xe7, 0x6b,
    0xff, 0x50, 0x2b, 0xef, 0xb3, 0xf5,

    /* U+00FC "ü" */
    0x0, 0xb7, 0xb, 0x70, 0x0, 0x7, 0x40, 0x74,
    0x0, 0x0, 0x0, 0x0, 0x0, 0xa, 0xe0, 0x0,
    0x2, 0xf5, 0xae, 0x0, 0x0, 0x2f, 0x5a, 0xe0,
    0x0, 0x2, 0xf5, 0xae, 0x0, 0x0, 0x2f, 0x5a,
    0xe0, 0x0, 0x2, 0xf5, 0x9f, 0x0, 0x0, 0x4f,
    0x56, 0xf3, 0x0, 0xa, 0xf5, 0xe, 0xe7, 0x6b,
    0xff, 0x50, 0x2b, 0xef, 0xb3, 0xf5,

    /* U+00FD "ý" */
    0x0, 0x0, 0x5, 0xf7, 0x0, 0x0, 0x0, 0x6c,
    0x30, 0x0, 0x0, 0x0, 0x0, 0x0, 0x0, 0xd,
    0xc0, 0x0, 0x0, 0xcb, 0x6, 0xf3, 0x0, 0x2,
    0xf4, 0x0, 0xea, 0x0, 0x9, 0xd0, 0x0, 0x8f,
    0x10, 0xf, 0x70, 0x0, 0x1f, 0x70, 0x7f, 0x10,
    0x0, 0xa, 0xe0, 0xd9, 0x0, 0x0, 0x3, 0xf9,
    0xf2, 0x0, 0x0, 0x0, 0xcf, 0xb0, 0x0, 0x0,
    0x0, 0x6f, 0x40, 0x0, 0x0, 0x0, 0xad, 0x0,
    0x0, 0x1c, 0x79, 0xf5, 0x0, 0x0, 0x1a, 0xee,
    0x70, 0x0, 0x0,

    /* U+00FE "þ" */
    0x8f, 0x0, 0x0, 0x0, 0x0, 0x8f, 0x0, 0x0,
    0x0, 0x0, 0x8f, 0x0, 0x0, 0x0, 0x0, 0x8f,
    0x2b, 0xfe, 0xb3, 0x0, 0x8f, 0xec, 0x78, 0xef,
    0x30, 0x8f, 0xa0, 0x0, 0x1e, 0xc0, 0x8f, 0x20,
    0x0, 0x7, 0xf1, 0x8f, 0x0, 0x0, 0x5, 0xf3,
    0x8f, 0x20, 0x0, 0x7, 0xf1, 0x8f, 0xa0, 0x0,
    0x1e, 0xd0, 0x8f, 0xec, 0x78, 0xef, 0x30, 0x8f,
    0x2b, 0xfe, 0xb3, 0x0, 0x8f, 0x0, 0x0, 0x0,
    0x0, 0x8f, 0x0, 0x0, 0x0, 0x0, 0x8f, 0x0,
    0x0, 0x0, 0x0,

    /* U+00FF "ÿ" */
    0x0, 0xd, 0x60, 0xd5, 0x0, 0x0, 0x8, 0x30,
    0x93, 0x0, 0x0, 0x0, 0x0, 0x0, 0x0, 0xd,
    0xc0, 0x0, 0x0, 0xcb, 0x6, 0xf3, 0x0, 0x2,
    0xf4, 0x0, 0xea, 0x0, 0x9, 0xd0, 0x0, 0x8f,
    0x10, 0xf, 0x70, 0x0, 0x1f, 0x70, 0x7f, 0x10,
    0x0, 0xa, 0xe0, 0xd9, 0x0, 0x0, 0x3, 0xf9,
    0xf2, 0x0, 0x0, 0x0, 0xcf, 0xb0, 0x0, 0x0,
    0x0, 0x6f, 0x40, 0x0, 0x0, 0x0, 0xad, 0x0,
    0x0, 0x1c, 0x79, 0xf5, 0x0, 0x0, 0x1a, 0xee,
    0x70, 0x0, 0x0,

    /* U+02B0 "ʰ" */
    0x1d, 0x0, 0x0, 0x1d, 0x0, 0x0, 0x1d, 0x8a,
    0xc1, 0x1f, 0x10, 0x77, 0x1d, 0x0, 0x68, 0x1d,
    0x0, 0x68, 0x1d, 0x0, 0x68,

    /* U+02B2 "ʲ" */
    0x0, 0xd0, 0x0, 0x0, 0xd0, 0xd, 0x0, 0xd0,
    0xd, 0x0, 0xd0, 0x1d, 0x2b, 0x60,

    /* U+02B3 "ʳ" */
    0x0, 0x0, 0x1, 0xe8, 0x91, 0x1f, 0x0, 0x1,
    0xd0, 0x0, 0x1d, 0x0, 0x1, 0xd0, 0x0,

    /* U+02B7 "ʷ" */
    0x67, 0x8, 0xc0, 0x3a, 0x2c, 0xc, 0xb1, 0x86,
    0xd, 0x3a, 0x66, 0xc1, 0x9, 0xc5, 0x1c, 0xc0,
    0x4, 0xf1, 0xd, 0x80,

    /* U+02B8 "ʸ" */
    0x77, 0x0, 0x87, 0x1d, 0x0, 0xd1, 0x9, 0x56,
    0x90, 0x2, 0xcc, 0x20, 0x0, 0xbb, 0x0, 0x0,
    0xa4, 0x0, 0x2b, 0xa0, 0x0,

    /* U+02E1 "ˡ" */
    0xd, 0xd, 0xd, 0xd, 0xd, 0xd, 0xd,

    /* U+02E2 "ˢ" */
    0x8, 0xba, 0x90, 0xe, 0x10, 0x0, 0x5, 0xbc,
    0x60, 0x0, 0x0, 0xe1, 0xb, 0xaa, 0x80,

    /* U+02E3 "ˣ" */
    0x7, 0x90, 0x5b, 0x0, 0xa, 0x8d, 0x10, 0x0,
    0x2f, 0x60, 0x0, 0xc, 0x5d, 0x10, 0xa, 0x60,
    0x3c, 0x0,

    /* U+0391 "Α" */
    0x0, 0x0, 0x9f, 0x80, 0x0, 0x0, 0x0, 0xf,
    0xfe, 0x0, 0x0, 0x0, 0x5, 0xfb, 0xf4, 0x0,
    0x0, 0x0, 0xbe, 0x1f, 0xa0, 0x0, 0x0, 0x1f,
    0x90, 0xaf, 0x10, 0x0, 0x7, 0xf3, 0x4, 0xf6,
    0x0, 0x0, 0xdd, 0x0, 0xe, 0xc0, 0x0, 0x3f,
    0x81, 0x11, 0x9f, 0x20, 0x9, 0xff, 0xff, 0xff,
    0xf8, 0x0, 0xec, 0x44, 0x44, 0x4c, 0xe0, 0x5f,
    0x50, 0x0, 0x0, 0x6f, 0x4b, 0xf0, 0x0, 0x0,
    0x0, 0xfa,

    /* U+0392 "Β" */
    0x6f, 0xff, 0xfe, 0xa2, 0x6, 0xf6, 0x44, 0x7e,
    0xe0, 0x6f, 0x20, 0x0, 0x5f, 0x46, 0xf2, 0x0,
    0x4, 0xf4, 0x6f, 0x30, 0x3, 0xce, 0x6, 0xff,
    0xff, 0xfd, 0x20, 0x6f, 0x53, 0x35, 0xce, 0x26,
    0xf2, 0x0, 0x1, 0xfa, 0x6f, 0x20, 0x0, 0xd,
    0xc6, 0xf2, 0x0, 0x1, 0xfb, 0x6f, 0x64, 0x46,
    0xdf, 0x46, 0xff, 0xff, 0xeb, 0x40,

    /* U+0393 "Γ" */
    0x6f, 0xff, 0xff, 0xfd, 0x6f, 0x65, 0x55, 0x54,
    0x6f, 0x20, 0x0, 0x0, 0x6f, 0x20, 0x0, 0x0,
    0x6f, 0x20, 0x0, 0x0, 0x6f, 0x20, 0x0, 0x0,
    0x6f, 0x20, 0x0, 0x0, 0x6f, 0x20, 0x0, 0x0,
    0x6f, 0x20, 0x0, 0x0, 0x6f, 0x20, 0x0, 0x0,
    0x6f, 0x20, 0x0, 0x0, 0x6f, 0x20, 0x0, 0x0,

    /* U+0394 "Δ" */
    0x0, 0x0, 0x9f, 0x80, 0x0, 0x0, 0x0, 0xf,
    0xfe, 0x0, 0x0, 0x0, 0x5, 0xf8, 0xf4, 0x0,
    0x0, 0x0, 0xbd, 0xe, 0xa0, 0x0, 0x0, 0x1f,
    0x80, 0x9f, 0x10, 0x0, 0x7, 0xf2, 0x3, 0xf6,
    0x0, 0x0, 0xdc, 0x0, 0xd, 0xc0, 0x0, 0x3f,
    0x60, 0x0, 0x7f, 0x20, 0x9, 0xf1, 0x0, 0x1,
    0xf8, 0x0, 0xeb, 0x0, 0x0, 0xb, 0xe0, 0x5f,
    0x95, 0x55, 0x55, 0x9f, 0x4b, 0xff, 0xff, 0xff,
    0xff, 0xfa,

    /* U+0395 "Ε" */
    0x6f, 0xff, 0xff, 0xff, 0x6, 0xf6, 0x55, 0x55,
    0x50, 0x6f, 0x20, 0x0, 0x0, 0x6, 0xf2, 0x0,
    0x0, 0x0, 0x6f, 0x31, 0x11, 0x10, 0x6, 0xff,
    0xff, 0xff, 0xb0, 0x6f, 0x54, 0x44, 0x42, 0x6,
    0xf2, 0x0, 0x0, 0x0, 0x6f, 0x20, 0x0, 0x0,
    0x6, 0xf2, 0x0, 0x0, 0x0, 0x6f, 0x65, 0x55,
    0x55, 0x6, 0xff, 0xff, 0xff, 0xf1,

    /* U+0396 "Ζ" */
    0x1f, 0xff, 0xff, 0xff, 0xff, 0x10, 0x55, 0x55,
    0x55, 0x7f, 0xc0, 0x0, 0x0, 0x0, 0xc, 0xe2,
    0x0, 0x0, 0x0, 0x9, 0xf4, 0x0, 0x0, 0x0,
    0x6, 0xf7, 0x0, 0x0, 0x0, 0x3, 0xfb, 0x0,
    0x0, 0x0, 0x1, 0xdd, 0x10, 0x0, 0x0, 0x0,
    0xbf, 0x30, 0x0, 0x0, 0x0, 0x7f, 0x60, 0x0,
    0x0, 0x0, 0x4f, 0x90, 0x0, 0x0, 0x0, 0x1e,
    0xf5, 0x55, 0x55, 0x55, 0x14, 0xff, 0xff, 0xff,
    0xff, 0xf4,

    /* U+0397 "Η" */
    0x6f, 0x20, 0x0, 0x1, 0xf7, 0x6f, 0x20, 0x0,
    0x1, 0xf7, 0x6f, 0x20, 0x0, 0x1, 0xf7, 0x6f,
    0x20, 0x0, 0x1, 0xf7, 0x6f, 0x31, 0x11, 0x12,
    0xf7, 0x6f, 0xff, 0xff, 0xff, 0xf7, 0x6f, 0x54,
    0x44, 0x45, 0xf7, 0x6f, 0x20, 0x0, 0x1, 0xf7,
    0x6f, 0x20, 0x0, 0x1, 0xf7, 0x6f, 0x20, 0x0,
    0x1, 0xf7, 0x6f, 0x20, 0x0, 0x1, 0xf7, 0x6f,
    0x20, 0x0, 0x1, 0xf7,

    /* U+0398 "Θ" */
    0x0, 0x4, 0xbe, 0xfd, 0x91, 0x0, 0x0, 0x7f,
    0xc6, 0x58, 0xee, 0x20, 0x3, 0xfa, 0x0, 0x0,
    0x2f, 0xd0, 0xa, 0xf1, 0x0, 0x0, 0x7, 0xf4,
    0xf, 0xb0, 0x11, 0x11, 0x12, 0xf8, 0xf, 0x97,
    0xff, 0xff, 0xf1, 0xfa, 0x1f, 0x91, 0x44, 0x44,
    0x40, 0xfa, 0xf, 0xb0, 0x0, 0x0, 0x2, 0xf8,
    0xb, 0xf1, 0x0, 0x0, 0x7, 0xf4, 0x3, 0xfa,
    0x0, 0x0, 0x2f, 0xd0, 0x0, 0x7f, 0xc6, 0x58,
    0xee, 0x20, 0x0, 0x4, 0xbe, 0xfd, 0x91, 0x0,

    /* U+0399 "Ι" */
    0x6f, 0x26, 0xf2, 0x6f, 0x26, 0xf2, 0x6f, 0x26,
    0xf2, 0x6f, 0x26, 0xf2, 0x6f, 0x26, 0xf2, 0x6f,
    0x26, 0xf2,

    /* U+039A "Κ" */
    0x6f, 0x20, 0x0, 0x3e, 0xd1, 0x6f, 0x20, 0x3,
    0xec, 0x10, 0x6f, 0x20, 0x3f, 0xc0, 0x0, 0x6f,
    0x24, 0xfb, 0x0, 0x0, 0x6f, 0x7f, 0xb0, 0x0,
    0x0, 0x6f, 0xfd, 0x0, 0x0, 0x0, 0x6f, 0xbf,
    0x80, 0x0, 0x0, 0x6f, 0x29, 0xf7, 0x0, 0x0,
    0x6f, 0x20, 0xaf, 0x70, 0x0, 0x6f, 0x20, 0xa,
    0xf6, 0x0, 0x6f, 0x20, 0x0, 0xaf, 0x60, 0x6f,
    0x20, 0x0, 0xb, 0xf5,

    /* U+039B "Λ" */
    0x0, 0x0, 0x9f, 0x80, 0x0, 0x0, 0x0, 0xf,
    0xfe, 0x0, 0x0, 0x0, 0x5, 0xf5, 0xf4, 0x0,
    0x0, 0x0, 0xbc, 0xd, 0xa0, 0x0, 0x0, 0x1f,
    0x70, 0x7f, 0x10, 0x0, 0x7, 0xf1, 0x2, 0xf6,
    0x0, 0x0, 0xdb, 0x0, 0xc, 0xc0, 0x0, 0x3f,
    0x60, 0x0, 0x6f, 0x20, 0x9, 0xf0, 0x0, 0x1,
    0xf8, 0x0, 0xea, 0x0, 0x0, 0xb, 0xe0, 0x5f,
    0x50, 0x0, 0x0, 0x5f, 0x4b, 0xf0, 0x0, 0x0,
    0x0, 0xfa,

    /* U+039C "Μ" */
    0x6f, 0xf1, 0x0, 0x0, 0x4f, 0xf4, 0x6f, 0xf7,
    0x0, 0x0, 0xaf, 0xf4, 0x6f, 0xad, 0x0, 0x0,
    0xf9, 0xf4, 0x6f, 0x4f, 0x30, 0x6, 0xe5, 0xf4,
    0x6f, 0x1c, 0x90, 0xc, 0x94, 0xf4, 0x6f, 0x16,
    0xe0, 0x2f, 0x34, 0xf4, 0x6f, 0x11, 0xf4, 0x7d,
    0x4, 0xf4, 0x6f, 0x10, 0xba, 0xd8, 0x4, 0xf4,
    0x6f, 0x10, 0x5f, 0xf2, 0x4, 0xf4, 0x6f, 0x10,
    0xa, 0x90, 0x4, 0xf4, 0x6f, 0x10, 0x0, 0x0,
    0x4, 0xf4, 0x6f, 0x10, 0x0, 0x0, 0x4, 0xf4,

    /* U+039D "Ν" */
    0x6f, 0xe0, 0x0, 0x2, 0xf6, 0x6f, 0xf7, 0x0,
    0x2, 0xf6, 0x6f, 0xbe, 0x0, 0x2, 0xf6, 0x6f,
    0x3f, 0x80, 0x2, 0xf6, 0x6f, 0x19, 0xf1, 0x2,
    0xf6, 0x6f, 0x11, 0xf8, 0x2, 0xf6, 0x6f, 0x10,
    0x8f, 0x12, 0xf6, 0x6f, 0x10, 0x1f, 0x92, 0xf6,
    0x6f, 0x10, 0x8, 0xf3, 0xf6, 0x6f, 0x10, 0x1,
    0xfb, 0xf6, 0x6f, 0x10, 0x0, 0x7f, 0xf6, 0x6f,
    0x10, 0x0, 0xe, 0xf6,

    /* U+039E "Ξ" */
    0x6f, 0xff, 0xff, 0xfc, 0x25, 0x55, 0x55, 0x54,
    0x0, 0x0, 0x0, 0x0, 0x0, 0x0, 0x0, 0x0,
    0x0, 0x11, 0x11, 0x0, 0x9, 0xff, 0xff, 0xf0,
    0x2, 0x44, 0x44, 0x30, 0x0, 0x0, 0x0, 0x0,
    0x0, 0x0, 0x0, 0x0, 0x0, 0x0, 0x0, 0x0,
    0x25, 0x55, 0x55, 0x54, 0x6f, 0xff, 0xff, 0xfc,

    /* U+039F "Ο" */
    0x0, 0x4, 0xbe, 0xfd, 0x91, 0x0, 0x0, 0x7f,
    0xc6, 0x58, 0xee, 0x20, 0x3, 0xfa, 0x0, 0x0,
    0x2f, 0xd0, 0xa, 0xf1, 0x0, 0x0, 0x7, 0xf4,
    0xf, 0xb0, 0x0, 0x0, 0x2, 0xf8, 0xf, 0x90,
    0x0, 0x0, 0x0, 0xfa, 0x1f, 0x90, 0x0, 0x0,
    0x0, 0xfa, 0xf, 0xb0, 0x0, 0x0, 0x2, 0xf8,
    0xb, 0xf1, 0x0, 0x0, 0x7, 0xf4, 0x3, 0xfa,
    0x0, 0x0, 0x2e, 0xd0, 0x0, 0x7f, 0xc6, 0x58,
    0xee, 0x20, 0x0, 0x4, 0xbe, 0xfd, 0x91, 0x0,

    /* U+03A0 "Π" */
    0x6f, 0xff, 0xff, 0xff, 0xf7, 0x6f, 0x65, 0x55,
    0x56, 0xf7, 0x6f, 0x20, 0x0, 0x1, 0xf7, 0x6f,
    0x20, 0x0, 0x1, 0xf7, 0x6f, 0x20, 0x0, 0x1,
    0xf7, 0x6f, 0x20, 0x0, 0x1, 0xf7, 0x6f, 0x20,
    0x0, 0x1, 0xf7, 0x6f, 0x20, 0x0, 0x1, 0xf7,
    0x6f, 0x20, 0x0, 0x1, 0xf7, 0x6f, 0x20, 0x0,
    0x1, 0xf7, 0x6f, 0x20, 0x0, 0x1, 0xf7, 0x6f,
    0x20, 0x0, 0x1, 0xf7,

    /* U+03A1 "Ρ" */
    0x6f, 0xff, 0xfc, 0x60, 0x6, 0xf6, 0x45, 0xbf,
    0x80, 0x6f, 0x20, 0x0, 0xdf, 0x6, 0xf2, 0x0,
    0x9, 0xf1, 0x6f, 0x20, 0x0, 0xbf, 0x6, 0xf3,
    0x1, 0x7f, 0xa0, 0x6f, 0xff, 0xff, 0xa1, 0x6,
    0xf5, 0x32, 0x0, 0x0, 0x6f, 0x20, 0x0, 0x0,
    0x6, 0xf2, 0x0, 0x0, 0x0, 0x6f, 0x20, 0x0,
    0x0, 0x6, 0xf2, 0x0, 0x0, 0x0,

    /* U+03A3 "Σ" */
    0x6f, 0xff, 0xff, 0xff, 0x3, 0xfc, 0x55, 0x55,
    0x50, 0x6, 0xf6, 0x0, 0x0, 0x0, 0x8, 0xf4,
    0x0, 0x0, 0x0, 0xa, 0xf3, 0x0, 0x0, 0x0,
    0xe, 0xe0, 0x0, 0x0, 0x5, 0xf7, 0x0, 0x0,
    0x2, 0xfb, 0x0, 0x0, 0x0, 0xce, 0x10, 0x0,
    0x0, 0x8f, 0x40, 0x0, 0x0, 0x4f, 0xc5, 0x55,
    0x55, 0x6, 0xff, 0xff, 0xff, 0xf1,

    /* U+03A4 "Τ" */
    0xf, 0xff, 0xff, 0xff, 0xff, 0xd0, 0x55, 0x55,
    0xec, 0x55, 0x54, 0x0, 0x0, 0xe, 0xb0, 0x0,
    0x0, 0x0, 0x0, 0xeb, 0x0, 0x0, 0x0, 0x0,
    0xe, 0xb0, 0x0, 0x0, 0x0, 0x0, 0xeb, 0x0,
    0x0, 0x0, 0x0, 0xe, 0xb0, 0x0, 0x0, 0x0,
    0x0, 0xeb, 0x0, 0x0, 0x0, 0x0, 0xe, 0xb0,
    0x0, 0x0, 0x0, 0x0, 0xeb, 0x0, 0x0, 0x0,
    0x0, 0xe, 0xb0, 0x0, 0x0, 0x0, 0x0, 0xeb,
    0x0, 0x0,

    /* U+03A5 "Υ" */
    0xb, 0xe1, 0x0, 0x0, 0x3f, 0x70, 0x1f, 0xa0,
    0x0, 0xd, 0xc0, 0x0, 0x6f, 0x40, 0x8, 0xf3,
    0x0, 0x0, 0xbe, 0x12, 0xf8, 0x0, 0x0, 0x2,
    0xfa, 0xcd, 0x0, 0x0, 0x0, 0x6, 0xff, 0x30,
    0x0, 0x0, 0x0, 0xe, 0xb0, 0x0, 0x0, 0x0,
    0x0, 0xeb, 0x0, 0x0, 0x0, 0x0, 0xe, 0xb0,
    0x0, 0x0, 0x0, 0x0, 0xeb, 0x0, 0x0, 0x0,
    0x0, 0xe, 0xb0, 0x0, 0x0, 0x0, 0x0, 0xeb,
    0x0, 0x0,

    /* U+03A6 "Φ" */
    0x0, 0x0, 0x7, 0xf1, 0x0, 0x0, 0x0, 0x2,
    0x7d, 0xfa, 0x60, 0x0, 0x0, 0x8f, 0xed, 0xfc,
    0xfd, 0x30, 0x6, 0xf9, 0x7, 0xf1, 0x2e, 0xe1,
    0xd, 0xd0, 0x7, 0xf1, 0x5, 0xf7, 0xf, 0x90,
    0x7, 0xf1, 0x0, 0xfa, 0xf, 0x90, 0x7, 0xf1,
    0x0, 0xfa, 0xd, 0xd0, 0x7, 0xf1, 0x5, 0xf7,
    0x6, 0xf9, 0x7, 0xf1, 0x2e, 0xe1, 0x0, 0x8f,
    0xed, 0xfc, 0xfe, 0x30, 0x0, 0x2, 0x8d, 0xfa,
    0x60, 0x0, 0x0, 0x0, 0x7, 0xf1, 0x0, 0x0,

    /* U+03A7 "Χ" */
    0xa, 0xe1, 0x0, 0x0, 0xcd, 0x0, 0x1e, 0xa0,
    0x0, 0x7f, 0x30, 0x0, 0x5f, 0x50, 0x2f, 0x90,
    0x0, 0x0, 0xbe, 0x1c, 0xe0, 0x0, 0x0, 0x1,
    0xfd, 0xf4, 0x0, 0x0, 0x0, 0x8, 0xfa, 0x0,
    0x0, 0x0, 0x0, 0xef, 0xe0, 0x0, 0x0, 0x0,
    0x9f, 0x4f, 0x90, 0x0, 0x0, 0x3f, 0x70, 0x7f,
    0x30, 0x0, 0xd, 0xc0, 0x0, 0xdd, 0x0, 0x8,
    0xf2, 0x0, 0x3, 0xf8, 0x3, 0xf8, 0x0, 0x0,
    0x8, 0xf2,

    /* U+03A8 "Ψ" */
    0x1f, 0x90, 0x7, 0xf1, 0x0, 0xfb, 0x1f, 0x90,
    0x7, 0xf1, 0x0, 0xfb, 0x1f, 0x90, 0x7, 0xf1,
    0x0, 0xfb, 0x1f, 0x90, 0x7, 0xf1, 0x0, 0xfb,
    0xf, 0xa0, 0x7, 0xf1, 0x0, 0xf9, 0xc, 0xe0,
    0x7, 0xf1, 0x4, 0xf6, 0x7, 0xf5, 0x7, 0xf1,
    0xb, 0xf1, 0x0, 0xdf, 0x47, 0xf2, 0x9f, 0x70,
    0x0, 0x1c, 0xff, 0xff, 0xf8, 0x0, 0x0, 0x0,
    0x4b, 0xf7, 0x20, 0x0, 0x0, 0x0, 0x7, 0xf1,
    0x0, 0x0, 0x0, 0x0, 0x7, 0xf1, 0x0, 0x0,

    /* U+03A9 "Ω" */
    0x0, 0x5, 0xcf, 0xfd, 0x70, 0x0, 0x0, 0xaf,
    0xb6, 0x69, 0xfc, 0x10, 0x7, 0xf7, 0x0, 0x0,
    0x3f, 0xa0, 0xe, 0xc0, 0x0, 0x0, 0x9, 0xf2,
    0x2f, 0x70, 0x0, 0x0, 0x4, 0xf6, 0x3f, 0x60,
    0x0, 0x0, 0x2, 0xf7, 0x2f, 0x70, 0x0, 0x0,
    0x4, 0xf6, 0xf, 0xb0, 0x0, 0x0, 0x7, 0xf3,
    0x9, 0xf2, 0x0, 0x0, 0xe, 0xc0, 0x0, 0xdd,
    0x10, 0x0, 0xaf, 0x30, 0x26, 0x8f, 0xe2, 0xc,
    0xfa, 0x63, 0x6f, 0xff, 0xf4, 0x1f, 0xff, 0xfa,

    /* U+03B1 "α" */
    0x0, 0x5d, 0xfd, 0x50, 0xf4, 0x5, 0xf7, 0x17,
    0xf7, 0xf0, 0xd, 0xc0, 0x0, 0xdf, 0xa0, 0xf,
    0x80, 0x0, 0xaf, 0x50, 0x1f, 0x60, 0x0, 0x7f,
    0x0, 0xf, 0x70, 0x0, 0x9f, 0x0, 0xc, 0xb0,
    0x0, 0xef, 0x20, 0x5, 0xf6, 0x8, 0xed, 0x80,
    0x0, 0x6d, 0xfd, 0x34, 0xec,

    /* U+03B2 "β" */
    0x3, 0xcf, 0xeb, 0x20, 0x1, 0xfc, 0x43, 0xbe,
    0x0, 0x5f, 0x10, 0x3, 0xf2, 0x7, 0xf0, 0x0,
    0x5f, 0x20, 0x8f, 0x1, 0x5e, 0xd0, 0x8, 0xf0,
    0xff, 0xf5, 0x0, 0x8f, 0x4, 0x5b, 0xf6, 0x8,
    0xf0, 0x0, 0xa, 0xe0, 0x8f, 0x0, 0x0, 0x6f,
    0x8, 0xf1, 0x0, 0x9, 0xe0, 0x8f, 0xd6, 0x48,
    0xf7, 0x8, 0xf9, 0xef, 0xd7, 0x0, 0x8f, 0x0,
    0x0, 0x0, 0x8, 0xf0, 0x0, 0x0, 0x0, 0x8f,
    0x0, 0x0, 0x0, 0x0,

    /* U+03B3 "γ" */
    0xbd, 0x40, 0x0, 0xb, 0xc3, 0xcd, 0x0, 0x2,
    0xf6, 0x3, 0xf3, 0x0, 0x8f, 0x0, 0xd, 0x90,
    0xe, 0x90, 0x0, 0x7e, 0x5, 0xf2, 0x0, 0x1,
    0xf4, 0xcc, 0x0, 0x0, 0xc, 0xcf, 0x50, 0x0,
    0x0, 0x6f, 0xe0, 0x0, 0x0, 0x1, 0xf8, 0x0,
    0x0, 0x0, 0xf, 0x70, 0x0, 0x0, 0x0, 0xf7,
    0x0, 0x0, 0x0, 0xf, 0x70, 0x0,

    /* U+03B4 "δ" */
    0x0, 0x5c, 0xff, 0xd8, 0x0, 0x1f, 0xa4, 0x34,
    0x70, 0x2, 0xf8, 0x0, 0x0, 0x0, 0x8, 0xff,
    0xb6, 0x0, 0x1, 0xc7, 0x26, 0xed, 0x10, 0xac,
    0x0, 0x2, 0xf8, 0xf, 0x80, 0x0, 0xb, 0xd1,
    0xf6, 0x0, 0x0, 0xae, 0xf, 0x80, 0x0, 0xb,
    0xd0, 0xcd, 0x0, 0x2, 0xf9, 0x4, 0xfb, 0x55,
    0xde, 0x10, 0x4, 0xcf, 0xfb, 0x20,

    /* U+03B5 "ε" */
    0x8, 0xdf, 0xec, 0x28, 0xf6, 0x44, 0x62, 0xad,
    0x20, 0x0, 0x3, 0xef, 0xfd, 0x0, 0x1a, 0x63,
    0x20, 0xc, 0x90, 0x0, 0x0, 0xe9, 0x0, 0x0,
    0x9, 0xf8, 0x44, 0x76, 0x7, 0xdf, 0xfd, 0x50,

    /* U+03B6 "ζ" */
    0xd, 0xff, 0xff, 0xff, 0x6, 0x77, 0x8f, 0xfa,
    0x0, 0x4, 0xed, 0x30, 0x0, 0x5f, 0xa0, 0x0,
    0x2, 0xfa, 0x0, 0x0, 0xa, 0xe0, 0x0, 0x0,
    0xf, 0x70, 0x0, 0x0, 0x2f, 0x40, 0x0, 0x0,
    0x1f, 0x60, 0x0, 0x0, 0xd, 0xc0, 0x0, 0x0,
    0x5, 0xfc, 0x53, 0x10, 0x0, 0x4b, 0xef, 0xf5,
    0x0, 0x0, 0x0, 0xbd, 0x0, 0x0, 0x1, 0xbb,
    0x0, 0x0, 0x9, 0xc2,

    /* U+03B7 "η" */
    0x8e, 0x3c, 0xfd, 0x70, 0x8f, 0xc4, 0x16, 0xf5,
    0x8f, 0x30, 0x0, 0xca, 0x8f, 0x0, 0x0, 0xac,
    0x8e, 0x0, 0x0, 0xac, 0x8e, 0x0, 0x0, 0xac,
    0x8e, 0x0, 0x0, 0xac, 0x8e, 0x0, 0x0, 0xac,
    0x8e, 0x0, 0x0, 0xac, 0x0, 0x0, 0x0, 0xac,
    0x0, 0x0, 0x0, 0xac, 0x0, 0x0, 0x0, 0xac,

    /* U+03B8 "θ" */
    0x0, 0x2b, 0xfe, 0x90, 0x0, 0xd, 0xb4, 0x4d,
    0xb0, 0x7, 0xf0, 0x0, 0x3f, 0x40, 0xda, 0x0,
    0x0, 0xda, 0xf, 0x81, 0x11, 0x1b, 0xd1, 0xff,
    0xff, 0xff, 0xfe, 0x1f, 0x94, 0x44, 0x4b, 0xe0,
    0xf8, 0x0, 0x0, 0xbd, 0xd, 0xb0, 0x0, 0xe,
    0xa0, 0x7f, 0x10, 0x4, 0xf4, 0x0, 0xec, 0x45,
    0xeb, 0x0, 0x2, 0xbf, 0xe9, 0x0,

    /* U+03B9 "ι" */
    0xbc, 0x0, 0xbc, 0x0, 0xbc, 0x0, 0xbc, 0x0,
    0xbc, 0x0, 0xac, 0x0, 0x9d, 0x0, 0x6f, 0x63,
    0x9, 0xed,

    /* U+03BA "κ" */
    0x8f, 0x0, 0xb, 0xd1, 0x8, 0xf0, 0xb, 0xd1,
    0x0, 0x8f, 0xb, 0xd1, 0x0, 0x8, 0xfb, 0xf4,
    0x0, 0x0, 0x8f, 0xdd, 0xd0, 0x0, 0x8, 0xf1,
    0x2f, 0x80, 0x0, 0x8f, 0x0, 0x7f, 0x40, 0x8,
    0xf0, 0x0, 0xce, 0x10, 0x8f, 0x0, 0x1, 0xfb,
    0x0,

    /* U+03BB "λ" */
    0x3, 0xfe, 0x50, 0x0, 0x0, 0x4, 0xcf, 0x0,
    0x0, 0x0, 0x2, 0xf6, 0x0, 0x0, 0x0, 0xc,
    0xc0, 0x0, 0x0, 0x1, 0xff, 0x20, 0x0, 0x0,
    0x8f, 0xf8, 0x0, 0x0, 0xe, 0x9a, 0xe0, 0x0,
    0x7, 0xf2, 0x4f, 0x40, 0x0, 0xea, 0x0, 0xda,
    0x0, 0x5f, 0x20, 0x7, 0xf1, 0xd, 0xb0, 0x0,
    0x1f, 0x64, 0xf3, 0x0, 0x0, 0xbc,

    /* U+03BC "μ" */
    0xac, 0x0, 0x0, 0xcb, 0xa, 0xc0, 0x0, 0xc,
    0xb0, 0xac, 0x0, 0x0, 0xcb, 0xa, 0xc0, 0x0,
    0xc, 0xb0, 0xac, 0x0, 0x0, 0xcb, 0xa, 0xd0,
    0x0, 0xc, 0xb0, 0xaf, 0x0, 0x1, 0xfb, 0xa,
    0xfb, 0x55, 0xcf, 0xe4, 0xac, 0x8e, 0xf9, 0x5f,
    0xaa, 0xc0, 0x0, 0x0, 0x0, 0xac, 0x0, 0x0,
    0x0, 0xa, 0xc0, 0x0, 0x0, 0x0,

    /* U+03BD "ν" */
    0x4f, 0x40, 0x2, 0xf4, 0x0, 0xf9, 0x0, 0xa,
    0xc0, 0xa, 0xd0, 0x0, 0x5f, 0x10, 0x6f, 0x20,
    0x5, 0xf2, 0x1, 0xf7, 0x0, 0x9f, 0x0, 0xc,
    0xc0, 0x2f, 0x90, 0x0, 0x7f, 0x1c, 0xd0, 0x0,
    0x3, 0xfd, 0xf2, 0x0, 0x0, 0xe, 0xf4, 0x0,
    0x0,

    /* U+03BE "ξ" */
    0xa, 0xff, 0xff, 0xf8, 0x0, 0x4c, 0xfc, 0x97,
    0x30, 0x6, 0xe2, 0x0, 0x0, 0x0, 0xba, 0x0,
    0x0, 0x0, 0x7, 0xf7, 0x31, 0x0, 0x0, 0x6,
    0xff, 0xfb, 0x0, 0x4, 0xec, 0x74, 0x20, 0x0,
    0xea, 0x0, 0x0, 0x0, 0x1f, 0x50, 0x0, 0x0,
    0x0, 0xf8, 0x0, 0x0, 0x0, 0x9, 0xfa, 0x54,
    0x10, 0x0, 0x6, 0xce, 0xff, 0x70, 0x0, 0x0,
    0x0, 0x9f, 0x0, 0x0, 0x0, 0x1a, 0xd0, 0x0,
    0x0, 0x7, 0xd3, 0x0,

    /* U+03BF "ο" */
    0x0, 0x4c, 0xff, 0xb2, 0x0, 0x4f, 0xb4, 0x5d,
    0xe1, 0xc, 0xd0, 0x0, 0x1f, 0x90, 0xf8, 0x0,
    0x0, 0xbd, 0x1f, 0x60, 0x0, 0xa, 0xe0, 0xf8,
    0x0, 0x0, 0xbd, 0xc, 0xd0, 0x0, 0x1f, 0x90,
    0x4f, 0xb5, 0x5d, 0xe1, 0x0, 0x4c, 0xff, 0xb2,
    0x0,

    /* U+03C0 "π" */
    0x6f, 0xff, 0xff, 0xff, 0xf0, 0x29, 0xf8, 0x77,
    0xce, 0x60, 0x4, 0xf2, 0x0, 0x9d, 0x0, 0x4,
    0xf2, 0x0, 0x9d, 0x0, 0x4, 0xf2, 0x0, 0x9d,
    0x0, 0x4, 0xf2, 0x0, 0x9d, 0x0, 0x4, 0xf2,
    0x0, 0x9d, 0x0, 0x4, 0xf2, 0x0, 0x8f, 0x40,
    0x4, 0xf2, 0x0, 0x3e, 0xf3,

    /* U+03C1 "ρ" */
    0x0, 0x8e, 0xfe, 0x70, 0x0, 0xaf, 0x64, 0x9f,
    0x60, 0x2f, 0x50, 0x0, 0xae, 0x6, 0xf0, 0x0,
    0x5, 0xf2, 0x8e, 0x0, 0x0, 0x3f, 0x38, 0xf0,
    0x0, 0x5, 0xf2, 0x8f, 0x50, 0x0, 0xae, 0x8,
    0xfe, 0x64, 0x9f, 0x60, 0x8e, 0x3c, 0xfe, 0x70,
    0x8, 0xe0, 0x0, 0x0, 0x0, 0x8e, 0x0, 0x0,
    0x0, 0x8, 0xe0, 0x0, 0x0, 0x0,

    /* U+03C2 "ς" */
    0x0, 0x2a, 0xef, 0xd7, 0x3, 0xfd, 0x54, 0x69,
    0xb, 0xe0, 0x0, 0x0, 0xf, 0x80, 0x0, 0x0,
    0x1f, 0x70, 0x0, 0x0, 0xf, 0x80, 0x0, 0x0,
    0xb, 0xe0, 0x0, 0x0, 0x3, 0xfd, 0x63, 0x0,
    0x0, 0x2a, 0xef, 0xe2, 0x0, 0x0, 0x1, 0xe8,
    0x0, 0x0, 0x2, 0xe7, 0x0, 0x0, 0xc, 0xa0,

    /* U+03C3 "σ" */
    0x0, 0x6d, 0xff, 0xff, 0xfa, 0x5, 0xfa, 0x34,
    0xcf, 0x84, 0xd, 0xd0, 0x0, 0x1f, 0x80, 0xf,
    0x80, 0x0, 0xb, 0xc0, 0x1f, 0x60, 0x0, 0xa,
    0xe0, 0xf, 0x80, 0x0, 0xc, 0xd0, 0xc, 0xe0,
    0x0, 0x2f, 0x80, 0x3, 0xfc, 0x55, 0xde, 0x10,
    0x0, 0x4c, 0xff, 0xb2, 0x0,

    /* U+03C4 "τ" */
    0x3f, 0xff, 0xff, 0xff, 0xd1, 0x77, 0x7f, 0xb7,
    0x76, 0x0, 0x0, 0xf8, 0x0, 0x0, 0x0, 0xf,
    0x80, 0x0, 0x0, 0x0, 0xf8, 0x0, 0x0, 0x0,
    0xe, 0x80, 0x0, 0x0, 0x0, 0xd9, 0x0, 0x0,
    0x0, 0xa, 0xe4, 0x20, 0x0, 0x0, 0x1b, 0xfa,
    0x0,

    /* U+03C5 "υ" */
    0xda, 0x0, 0x1e, 0x60, 0xda, 0x0, 0x7, 0xe0,
    0xda, 0x0, 0x3, 0xf3, 0xda, 0x0, 0x2, 0xf4,
    0xda, 0x0, 0x3, 0xf3, 0xda, 0x0, 0x7, 0xf1,
    0xbc, 0x0, 0xe, 0xa0, 0x5f, 0x74, 0xce, 0x20,
    0x7, 0xef, 0xb2, 0x0,

    /* U+03C6 "φ" */
    0x0, 0x5d, 0xb, 0xfb, 0x10, 0x5, 0xfa, 0x5f,
    0x5d, 0xd0, 0xd, 0xd0, 0x7f, 0x4, 0xf5, 0xf,
    0x80, 0x7f, 0x0, 0xf9, 0x1f, 0x60, 0x7f, 0x0,
    0xe9, 0xf, 0x80, 0x7f, 0x0, 0xf8, 0xc, 0xd0,
    0x7f, 0x5, 0xf4, 0x4, 0xfb, 0xaf, 0x7f, 0xc0,
    0x0, 0x4d, 0xff, 0xfa, 0x10, 0x0, 0x0, 0x7f,
    0x0, 0x0, 0x0, 0x0, 0x7f, 0x0, 0x0, 0x0,
    0x0, 0x7f, 0x0, 0x0,

    /* U+03C7 "χ" */
    0x8f, 0xb1, 0x0, 0x3f, 0x81, 0x5f, 0x90, 0xb,
    0xe0, 0x0, 0x7f, 0x4, 0xf6, 0x0, 0x1, 0xf6,
    0xdd, 0x0, 0x0, 0xa, 0xff, 0x40, 0x0, 0x0,
    0x4f, 0xb0, 0x0, 0x0, 0x8, 0xf8, 0x0, 0x0,
    0x1, 0xfe, 0xe0, 0x0, 0x0, 0x9f, 0x3f, 0x50,
    0x0, 0x2f, 0x80, 0xbb, 0x0, 0xb, 0xe0, 0x5,
    0xf8, 0x34, 0xf6, 0x0, 0x8, 0xec,

    /* U+03C8 "ψ" */
    0x2f, 0x50, 0x7f, 0x0, 0xda, 0x2f, 0x50, 0x7f,
    0x0, 0xda, 0x2f, 0x50, 0x7f, 0x0, 0xda, 0x2f,
    0x50, 0x7f, 0x0, 0xda, 0x2f, 0x50, 0x7f, 0x0,
    0xda, 0x1f, 0x60, 0x7f, 0x0, 0xe9, 0xe, 0xb0,
    0x7f, 0x3, 0xf6, 0x5, 0xfb, 0xbf, 0x8e, 0xd0,
    0x0, 0x39, 0xef, 0xb6, 0x0, 0x0, 0x0, 0x7f,
    0x0, 0x0, 0x0, 0x0, 0x7f, 0x0, 0x0, 0x0,
    0x0, 0x7f, 0x0, 0x0,

    /* U+03C9 "ω" */
    0xe, 0x90, 0x0, 0x0, 0x4f, 0x40, 0x5f, 0x30,
    0x0, 0x0, 0xd, 0xb0, 0xaf, 0x0, 0x0, 0x0,
    0x9, 0xf0, 0xdc, 0x0, 0x6, 0x20, 0x6, 0xf3,
    0xeb, 0x0, 0xf, 0x50, 0x5, 0xf4, 0xdc, 0x0,
    0x1f, 0x70, 0x6, 0xf3, 0xbf, 0x0, 0x5f, 0xa0,
    0xa, 0xf1, 0x4f, 0xa4, 0xd8, 0xf6, 0x6f, 0xa0,
    0x7, 0xef, 0xa0, 0x6e, 0xfa, 0x10,

    /* U+03D1 "ϑ" */
    0x0, 0x6, 0xdf, 0xb2, 0x0, 0x5, 0xf7, 0x3a,
    0xd0, 0x0, 0xac, 0x0, 0xf, 0x60, 0x9, 0xe0,
    0x0, 0xca, 0x1, 0x5f, 0xa3, 0x1b, 0xd1, 0xf5,
    0x7f, 0xff, 0xfe, 0xf, 0x60, 0x2, 0x3b, 0xe0,
    0xe7, 0x0, 0x0, 0xbd, 0xb, 0xa0, 0x0, 0xe,
    0xa0, 0x6f, 0x10, 0x4, 0xf4, 0x0, 0xdc, 0x45,
    0xeb, 0x0, 0x1, 0xbf, 0xe9, 0x0,

    /* U+03D5 "ϕ" */
    0x0, 0x0, 0x7f, 0x0, 0x0, 0x0, 0x0, 0x7f,
    0x0, 0x0, 0x0, 0x0, 0x7f, 0x0, 0x0, 0x0,
    0x4d, 0xff, 0xf9, 0x10, 0x4, 0xfb, 0xaf, 0x6e,
    0xc0, 0xc, 0xd0, 0x7f, 0x5, 0xf4, 0xf, 0x80,
    0x7f, 0x0, 0xf8, 0x1f, 0x60, 0x7f, 0x0, 0xe9,
    0xf, 0x80, 0x7f, 0x0, 0xf8, 0xc, 0xd0, 0x7f,
    0x5, 0xf4, 0x4, 0xfb, 0xaf, 0x6f, 0xc0, 0x0,
    0x4d, 0xff, 0xf9, 0x0, 0x0, 0x0, 0x7f, 0x0,
    0x0, 0x0, 0x0, 0x7f, 0x0, 0x0, 0x0, 0x0,
    0x7f, 0x0, 0x0,

    /* U+03F5 "ϵ" */
    0x0, 0x2a, 0xef, 0xe8, 0x2, 0xfd, 0x64, 0x55,
    0xb, 0xe0, 0x0, 0x0, 0xf, 0x80, 0x0, 0x0,
    0x1f, 0xff, 0xff, 0xfa, 0xf, 0x92, 0x22, 0x21,
    0xb, 0xd0, 0x0, 0x0, 0x2, 0xfc, 0x64, 0x45,
    0x0, 0x2a, 0xef, 0xe8,

    /* U+1D40 "ᵀ" */
    0xb, 0xbd, 0xeb, 0xb2, 0x0, 0x6, 0x90, 0x0,
    0x0, 0x6, 0x90, 0x0, 0x0, 0x6, 0x90, 0x0,
    0x0, 0x6, 0x90, 0x0, 0x0, 0x6, 0x90, 0x0,

    /* U+1D43 "ᵃ" */
    0xb, 0xab, 0x70, 0x0, 0x0, 0xc2, 0x8, 0xaa,
    0xd4, 0x59, 0x0, 0xc4, 0x1c, 0xa9, 0xc4,

    /* U+1D47 "ᵇ" */
    0x1d, 0x0, 0x0, 0x1d, 0x0, 0x0, 0x1d, 0x9a,
    0xb1, 0x1f, 0x10, 0x5a, 0x1d, 0x0, 0x2c, 0x1f,
    0x10, 0x5a, 0x1d, 0x9a, 0xb1,

    /* U+1D48 "ᵈ" */
    0x0, 0x0, 0x67, 0x0, 0x0, 0x67, 0x8, 0xba,
    0xa7, 0x3b, 0x0, 0xa7, 0x68, 0x0, 0x77, 0x3b,
    0x0, 0xa7, 0x8, 0xba, 0xa7,

    /* U+1D49 "ᵉ" */
    0x6, 0xba, 0xa0, 0x3c, 0x0, 0x67, 0x6d, 0x99,
    0xa8, 0x3b, 0x0, 0x0, 0x6, 0xba, 0xa4,

    /* U+1D4D "ᵍ" */
    0x8, 0xba, 0xa7, 0x3b, 0x0, 0xa7, 0x68, 0x0,
    0x77, 0x3b, 0x0, 0xa7, 0x8, 0xba, 0xa7, 0x0,
    0x0, 0xa4, 0x9, 0xab, 0x90,

    /* U+1D4F "ᵏ" */
    0x1d, 0x0, 0x0, 0x1d, 0x0, 0x0, 0x1d, 0x3,
    0xc3, 0x1d, 0x6b, 0x10, 0x1e, 0xe2, 0x0, 0x1d,
    0x3c, 0x30, 0x1d, 0x1, 0xc4,

    /* U+1D50 "ᵐ" */
    0x1e, 0x89, 0xa5, 0x8b, 0x61, 0xf0, 0x9, 0x80,
    0xd, 0x1d, 0x0, 0x86, 0x0, 0xe1, 0xd0, 0x8,
    0x60, 0xe, 0x1d, 0x0, 0x86, 0x0, 0xe0,

    /* U+1D52 "ᵒ" */
    0x7, 0xbb, 0x90, 0x3c, 0x0, 0x96, 0x68, 0x0,
    0x69, 0x3c, 0x0, 0x96, 0x7, 0xbb, 0x90,

    /* U+1D56 "ᵖ" */
    0x1e, 0x88, 0xb1, 0x1f, 0x10, 0x4a, 0x1d, 0x0,
    0x2c, 0x1f, 0x10, 0x5a, 0x1d, 0x9a, 0xb1, 0x1d,
    0x0, 0x0, 0x1d, 0x0, 0x0,

    /* U+1D57 "ᵗ" */
    0x1d, 0x0, 0x7f, 0x97, 0x1d, 0x0, 0x1d, 0x0,
    0xd, 0x0, 0xa, 0xa7,

    /* U+1D58 "ᵘ" */
    0x2c, 0x0, 0x67, 0x2c, 0x0, 0x67, 0x2c, 0x0,
    0x67, 0x1d, 0x0, 0xa7, 0x8, 0xba, 0xa7,

    /* U+1D5B "ᵛ" */
    0x77, 0x0, 0x87, 0x1d, 0x0, 0xd1, 0xa, 0x45,
    0xa0, 0x4, 0xbb, 0x30, 0x0, 0xdc, 0x0,

    /* U+1D62 "ᵢ" */
    0xd, 0x0, 0xd, 0xd, 0xd, 0xd, 0xd,

    /* U+1D63 "ᵣ" */
    0x0, 0x0, 0x1, 0xe9, 0x91, 0x1f, 0x10, 0x1,
    0xd0, 0x0, 0x1d, 0x0, 0x1, 0xd0, 0x0,

    /* U+1D64 "ᵤ" */
    0x2c, 0x0, 0x67, 0x2c, 0x0, 0x67, 0x2c, 0x0,
    0x67, 0x1d, 0x0, 0xa7, 0x8, 0xca, 0xa7,

    /* U+1D65 "ᵥ" */
    0x77, 0x0, 0x87, 0x1d, 0x0, 0xd1, 0xa, 0x45,
    0xa0, 0x4, 0xbb, 0x30, 0x0, 0xdc, 0x0,

    /* U+1D9C "ᶜ" */
    0x6, 0xba, 0xa3, 0xc0, 0x0, 0x68, 0x0, 0x3,
    0xc0, 0x0, 0x6, 0xba, 0xa0,

    /* U+1DA0 "ᶠ" */
    0x7, 0xb7, 0xe, 0x0, 0x7f, 0x94, 0xe, 0x0,
    0xe, 0x0, 0xe, 0x0, 0xe, 0x0,

    /* U+1DBB "ᶻ" */
    0x4a, 0xab, 0xd0, 0x1, 0xc3, 0x1, 0xc3, 0x0,
    0xc4, 0x0, 0x8d, 0xaa, 0x80,

    /* U+2013 "–" */
    0xff, 0xff, 0xff, 0xff, 0x22, 0x22, 0x22, 0x22,

    /* U+2014 "—" */
    0xff, 0xff, 0xff, 0xff, 0xff, 0xff, 0xff, 0xff,
    0x22, 0x22, 0x22, 0x22, 0x22, 0x22, 0x22, 0x22,

    /* U+2018 "‘" */
    0x6, 0xa0, 0xb6, 0xf, 0x53, 0xfc, 0x9, 0x50,

    /* U+2019 "’" */
    0x1e, 0x91, 0xfd, 0xa, 0x90, 0xe3, 0xa, 0x0,

    /* U+201C "“" */
    0x6, 0xa0, 0x5b, 0xb, 0x60, 0xa7, 0xf, 0x50,
    0xf6, 0x3f, 0xc3, 0xfd, 0x9, 0x50, 0x96,

    /* U+201D "”" */
    0x1e, 0x90, 0xda, 0x1f, 0xd1, 0xfd, 0xa, 0x90,
    0xa9, 0xe, 0x30, 0xd4, 0xa, 0x0, 0xa0,

    /* U+2022 "•" */
    0x0, 0x8, 0xf8, 0xef, 0xe7, 0xf7,

    /* U+2026 "…" */
    0x3, 0x10, 0x3, 0x0, 0x13, 0x2, 0xfc, 0x7,
    0xf7, 0xb, 0xf3, 0x1e, 0x90, 0x4f, 0x50, 0x9e,
    0x10,

    /* U+2032 "′" */
    0x8, 0xd0, 0xe, 0x20, 0x75, 0x0,

    /* U+2033 "″" */
    0x9, 0xd4, 0xf3, 0x1e, 0x2a, 0x60, 0x75, 0x2a,
    0x0,

    /* U+2044 "⁄" */
    0x0, 0x0, 0x0, 0xe, 0x40, 0x0, 0x0, 0x8,
    0xb0, 0x0, 0x0, 0x2, 0xf2, 0x0, 0x0, 0x0,
    0xc7, 0x0, 0x0, 0x0, 0x6d, 0x0, 0x0, 0x0,
    0x1e, 0x40, 0x0, 0x0, 0x9, 0xa0, 0x0, 0x0,
    0x3, 0xe1, 0x0, 0x0, 0x0, 0xc7, 0x0, 0x0,
    0x0, 0x6d, 0x0, 0x0, 0x0, 0x1e, 0x30, 0x0,
    0x0, 0xa, 0x90, 0x0, 0x0, 0x0,

    /* U+2070 "⁰" */
    0x4, 0xcb, 0xa1, 0x1e, 0x10, 0x78, 0x4c, 0x0,
    0x3c, 0x4b, 0x0, 0x3c, 0x1e, 0x10, 0x79, 0x5,
    0xcb, 0xa1,

    /* U+2071 "ⁱ" */
    0xd, 0x0, 0xd, 0xd, 0xd, 0xd, 0xd,

    /* U+2074 "⁴" */
    0x0, 0xc, 0xd0, 0x0, 0x99, 0xd0, 0x5, 0x84,
    0xd0, 0x2b, 0x4, 0xd0, 0x7d, 0xdd, 0xfb, 0x0,
    0x4, 0xd0,

    /* U+2075 "⁵" */
    0xe, 0xbb, 0xb1, 0xe, 0x0, 0x0, 0xd, 0xbb,
    0x80, 0x0, 0x0, 0xa7, 0x0, 0x0, 0x88, 0x2c,
    0xbc, 0xa1,

    /* U+2076 "⁶" */
    0x2, 0xab, 0xa4, 0xc, 0x9a, 0x91, 0x3f, 0x30,
    0x7a, 0x3f, 0x0, 0x2d, 0xe, 0x20, 0x5b, 0x4,
    0xcb, 0xb2,

    /* U+2077 "⁷" */
    0x1b, 0xbb, 0xe9, 0x0, 0x0, 0xe2, 0x0, 0x6,
    0xa0, 0x0, 0xd, 0x20, 0x0, 0x6a, 0x0, 0x0,
    0xd3, 0x0,

    /* U+2078 "⁸" */
    0x8, 0xbb, 0xc3, 0x1f, 0x0, 0x79, 0x7, 0xdc,
    0xd1, 0x1c, 0x10, 0x6a, 0x3d, 0x0, 0x4c, 0x8,
    0xcb, 0xc3,

    /* U+2079 "⁹" */
    0x8, 0xba, 0xa0, 0x3c, 0x0, 0x78, 0x3d, 0x0,
    0x9c, 0x6, 0xba, 0x9b, 0x0, 0x0, 0xa6, 0xa,
    0xbc, 0x70,

    /* U+207A "⁺" */
    0x0, 0x15, 0x0, 0x0, 0x3, 0xa0, 0x0, 0x0,
    0x3a, 0x0, 0xa, 0xbc, 0xeb, 0xb4, 0x0, 0x3a,
    0x0, 0x0, 0x3, 0xa0, 0x0,

    /* U+207B "⁻" */
    0xab, 0xbb, 0xbb, 0x40,

    /* U+207C "⁼" */
    0xab, 0xbb, 0xbb, 0x40, 0x0, 0x0, 0x0, 0xab,
    0xbb, 0xbb, 0x40,

    /* U+207D "⁽" */
    0x1, 0xb0, 0x8, 0x50, 0xd, 0x0, 0x1d, 0x0,
    0x1d, 0x0, 0xd, 0x0, 0x8, 0x50, 0x1, 0xb0,

    /* U+207E "⁾" */
    0xb, 0x0, 0x6, 0x70, 0x1, 0xd0, 0x0, 0xe0,
    0x0, 0xe0, 0x1, 0xd0, 0x6, 0x70, 0xb, 0x0,

    /* U+207F "ⁿ" */
    0x1e, 0x88, 0xb1, 0x1f, 0x0, 0x77, 0x1d, 0x0,
    0x68, 0x1d, 0x0, 0x68, 0x1d, 0x0, 0x68,

    /* U+2080 "₀" */
    0x3, 0xcb, 0x90, 0xe, 0x20, 0x97, 0x3c, 0x0,
    0x3b, 0x4b, 0x0, 0x2d, 0x3c, 0x0, 0x3b, 0xe,
    0x10, 0x87, 0x4, 0xbb, 0xa0,

    /* U+2081 "₁" */
    0xbe, 0xf0, 0x3, 0x3f, 0x0, 0x3, 0xf0, 0x0,
    0x3f, 0x0, 0x3, 0xf0, 0x0, 0x3f, 0x0, 0xae,
    0xfd, 0x70,

    /* U+2082 "₂" */
    0x2c, 0xde, 0x80, 0x12, 0x1, 0xf3, 0x0, 0x0,
    0xe3, 0x0, 0xa, 0xa0, 0x0, 0x9c, 0x0, 0x9,
    0xb0, 0x0, 0x4f, 0xee, 0xe5,

    /* U+2083 "₃" */
    0xc, 0xde, 0xa0, 0x1, 0x0, 0xd5, 0x0, 0x1,
    0xd3, 0x0, 0xdf, 0xb0, 0x0, 0x0, 0xc8, 0x0,
    0x0, 0xc7, 0x2d, 0xdd, 0x90,

    /* U+2084 "₄" */
    0x0, 0xb, 0xd0, 0x0, 0x5c, 0xd0, 0x1, 0xc4,
    0xd0, 0x9, 0x44, 0xd0, 0x3a, 0x4, 0xd0, 0x7d,
    0xde, 0xfc, 0x0, 0x4, 0xd0,

    /* U+2085 "₅" */
    0xe, 0xbb, 0xb1, 0xe, 0x0, 0x0, 0xe, 0xbc,
    0x70, 0x1, 0x0, 0xc5, 0x0, 0x0, 0x69, 0x0,
    0x0, 0xa6, 0x2c, 0xbc, 0x90,

    /* U+2086 "₆" */
    0x1, 0xab, 0xc5, 0xb, 0x40, 0x0, 0x2d, 0x9b,
    0x91, 0x4f, 0x40, 0x7a, 0x2f, 0x0, 0x2d, 0xd,
    0x20, 0x5b, 0x3, 0xbb, 0xb2,

    /* U+2087 "₇" */
    0x1b, 0xbb, 0xe9, 0x0, 0x0, 0xd3, 0x0, 0x4,
    0xc0, 0x0, 0xa, 0x60, 0x0, 0x1e, 0x0, 0x0,
    0x79, 0x0, 0x0, 0xe2, 0x0,

    /* U+2088 "₈" */
    0x6, 0xcb, 0xb1, 0xf, 0x0, 0x79, 0xc, 0x10,
    0x88, 0x6, 0xec, 0xd1, 0x2e, 0x10, 0x6a, 0x3d,
    0x0, 0x4c, 0x7, 0xcb, 0xc3,

    /* U+2089 "₉" */
    0x6, 0xcb, 0x90, 0x2d, 0x0, 0x96, 0x4b, 0x0,
    0x6b, 0x1e, 0x10, 0xac, 0x4, 0xaa, 0x9a, 0x0,
    0x0, 0xa4, 0xa, 0xbb, 0x60,

    /* U+208A "₊" */
    0x0, 0x16, 0x0, 0x0, 0x3, 0xa0, 0x0, 0x0,
    0x3a, 0x0, 0xa, 0xbc, 0xeb, 0xb4, 0x0, 0x3a,
    0x0, 0x0, 0x3, 0xa0, 0x0,

    /* U+208B "₋" */
    0xab, 0xbb, 0xbb, 0x40,

    /* U+208C "₌" */
    0xab, 0xbb, 0xbb, 0x40, 0x0, 0x0, 0x0, 0xbc,
    0xcc, 0xcc, 0x40,

    /* U+208D "₍" */
    0x1, 0xb0, 0x8, 0x50, 0xd, 0x0, 0x1d, 0x0,
    0x1d, 0x0, 0xd, 0x0, 0x8, 0x50, 0x1, 0xb0,

    /* U+208E "₎" */
    0xb, 0x0, 0x6, 0x70, 0x1, 0xd0, 0x0, 0xe0,
    0x0, 0xe0, 0x1, 0xd0, 0x6, 0x70, 0xb, 0x0,

    /* U+2090 "ₐ" */
    0xb, 0xbc, 0x70, 0x0, 0x0, 0xc2, 0x8, 0xaa,
    0xd4, 0x59, 0x0, 0xc4, 0x1c, 0xb9, 0xc4,

    /* U+2091 "ₑ" */
    0x6, 0xba, 0xa0, 0x3c, 0x0, 0x67, 0x6d, 0xaa,
    0xa8, 0x3c, 0x0, 0x0, 0x6, 0xba, 0xa4,

    /* U+2092 "ₒ" */
    0x7, 0xbb, 0x90, 0x3c, 0x0, 0x96, 0x68, 0x0,
    0x69, 0x3c, 0x0, 0x96, 0x7, 0xbb, 0x90,

    /* U+2093 "ₓ" */
    0x7, 0x90, 0x5b, 0x0, 0xa, 0x8d, 0x10, 0x0,
    0x2f, 0x60, 0x0, 0xc, 0x5d, 0x10, 0xa, 0x60,
    0x3c, 0x0,

    /* U+2094 "ₔ" */
    0x2a, 0xab, 0x80, 0x0, 0x0, 0x86, 0x5b, 0xaa,
    0xb9, 0x4a, 0x0, 0x86, 0x8, 0xbb, 0x90,

    /* U+2095 "ₕ" */
    0x1d, 0x0, 0x0, 0x1d, 0x0, 0x0, 0x1d, 0x8a,
    0xc1, 0x1f, 0x10, 0x77, 0x1d, 0x0, 0x68, 0x1d,
    0x0, 0x68, 0x1d, 0x0, 0x68,

    /* U+2096 "ₖ" */
    0x1d, 0x0, 0x0, 0x1d, 0x0, 0x0, 0x1d, 0x3,
    0xc3, 0x1d, 0x6b, 0x10, 0x1e, 0xe2, 0x0, 0x1d,
    0x3c, 0x30, 0x1d, 0x1, 0xc4,

    /* U+2097 "ₗ" */
    0xd, 0xd, 0xd, 0xd, 0xd, 0xd, 0xd,

    /* U+2098 "ₘ" */
    0x1e, 0x89, 0xb5, 0x8b, 0x61, 0xf0, 0x9, 0x80,
    0xd, 0x1d, 0x0, 0x86, 0x0, 0xe1, 0xd0, 0x8,
    0x60, 0xe, 0x1d, 0x0, 0x86, 0x0, 0xe0,

    /* U+2099 "ₙ" */
    0x1e, 0x89, 0xb1, 0x1f, 0x0, 0x77, 0x1d, 0x0,
    0x68, 0x1d, 0x0, 0x68, 0x1d, 0x0, 0x68,

    /* U+209A "ₚ" */
    0x1e, 0x89, 0xb1, 0x1f, 0x10, 0x4a, 0x1d, 0x0,
    0x2c, 0x1f, 0x10, 0x5a, 0x1d, 0x9a, 0xb1, 0x1d,
    0x0, 0x0, 0x1d, 0x0, 0x0,

    /* U+209B "ₛ" */
    0x8, 0xba, 0x90, 0xe, 0x10, 0x0, 0x5, 0xbb,
    0x60, 0x0, 0x0, 0xe1, 0xb, 0xab, 0x80,

    /* U+209C "ₜ" */
    0x1d, 0x0, 0x1d, 0x0, 0x7f, 0xa7, 0x1d, 0x0,
    0x1d, 0x0, 0xd, 0x0, 0xa, 0xb7,

    /* U+20AC "€" */
    0x0, 0x0, 0x7, 0xcf, 0xfc, 0x70, 0x0, 0x0,
    0x2e, 0xfc, 0x98, 0xbf, 0xd1, 0x0, 0x1e, 0xe4,
    0x0, 0x0, 0x27, 0x0, 0x7, 0xf4, 0x0, 0x0,
    0x0, 0x0, 0x7f, 0xff, 0xff, 0xff, 0xf1, 0x0,
    0x0, 0xe, 0xc0, 0x0, 0x0, 0x0, 0x0, 0x0,
    0xec, 0x0, 0x0, 0x0, 0x0, 0x7, 0xff, 0xff,
    0xff, 0xff, 0x10, 0x0, 0x0, 0x7f, 0x40, 0x0,
    0x0, 0x0, 0x0, 0x1, 0xee, 0x40, 0x0, 0x2,
    0x70, 0x0, 0x3, 0xef, 0xc9, 0x8b, 0xfd, 0x10,
    0x0, 0x0, 0x7c, 0xff, 0xd7, 0x0,

    /* U+2102 "ℂ" */
    0x0, 0x2, 0x9c, 0xdc, 0x82, 0x0, 0x5, 0xf5,
    0x0, 0x5, 0xc1, 0x3, 0xba, 0x30, 0x0, 0x0,
    0x0, 0xa3, 0xa3, 0x0, 0x0, 0x0, 0xe, 0xa,
    0x30, 0x0, 0x0, 0x0, 0xd0, 0xa3, 0x0, 0x0,
    0x0, 0x1d, 0xa, 0x30, 0x0, 0x0, 0x0, 0xe0,
    0xa3, 0x0, 0x0, 0x0, 0xb, 0x3a, 0x30, 0x0,
    0x0, 0x0, 0x4a, 0xa3, 0x0, 0x0, 0x0, 0x0,
    0x7f, 0x40, 0x0, 0x3a, 0x10, 0x0, 0x4b, 0xdd,
    0xda, 0x30, 0x0, 0x0, 0x0, 0x0, 0x0, 0x0,

    /* U+210F "ℏ" */
    0x0, 0x2, 0x10, 0x0, 0x0, 0x0, 0x1f, 0x60,
    0x11, 0x0, 0x0, 0x4f, 0x9b, 0xb2, 0x0, 0x17,
    0xdf, 0x51, 0x0, 0x0, 0x14, 0xac, 0x3b, 0xed,
    0x40, 0x0, 0xdd, 0xc6, 0x5d, 0xf0, 0x0, 0xfc,
    0x0, 0x5, 0xf2, 0x3, 0xf4, 0x0, 0x5, 0xf1,
    0x6, 0xf0, 0x0, 0x8, 0xe0, 0x9, 0xd0, 0x0,
    0xb, 0xb0, 0xd, 0xa0, 0x0, 0xe, 0x80, 0xf,
    0x70, 0x0, 0x1f, 0x50, 0x3f, 0x40, 0x0, 0x4f,
    0x20,

    /* U+2113 "ℓ" */
    0x0, 0x0, 0x6d, 0x70, 0x0, 0x2f, 0x8b, 0x0,
    0x8, 0xa8, 0xa0, 0x0, 0xd5, 0xc6, 0x0, 0x1f,
    0x2f, 0x20, 0x5, 0xd6, 0xb0, 0x0, 0x8b, 0xd4,
    0x0, 0x9, 0xec, 0x0, 0x0, 0xaf, 0x30, 0x0,
    0xb, 0xa0, 0x0, 0x3, 0xfc, 0x7, 0x30, 0xa5,
    0xcd, 0x90, 0x0, 0x0, 0x0, 0x0,

    /* U+2115 "ℕ" */
    0x8c, 0xca, 0x0, 0x0, 0x9, 0xaa, 0x8, 0x50,
    0x0, 0xc, 0xac, 0x30, 0xc0, 0x0, 0xc, 0xa4,
    0xb0, 0x67, 0x0, 0xc, 0xa1, 0x85, 0xc, 0x10,
    0xc, 0xa1, 0x1c, 0x4, 0x90, 0xc, 0xa1, 0x6,
    0x70, 0xa3, 0xc, 0xa1, 0x0, 0xc1, 0x2b, 0xc,
    0xa1, 0x0, 0x49, 0x8, 0x5c, 0xa1, 0x0, 0xb,
    0x21, 0xcc, 0xa1, 0x0, 0x2, 0xb0, 0x6f, 0xa1,
    0x0, 0x0, 0x9c, 0xcf,

    /* U+211A "ℚ" */
    0x0, 0x2, 0x9c, 0xdb, 0x70, 0x0, 0x0, 0x5f,
    0x50, 0x1, 0xdc, 0x10, 0x3, 0xca, 0x30, 0x0,
    0xd5, 0xb0, 0xa, 0x4a, 0x30, 0x0, 0xd0, 0xb3,
    0xe, 0xa, 0x30, 0x0, 0xd0, 0x68, 0xe, 0xa,
    0x30, 0x0, 0xd0, 0x4a, 0x1d, 0xa, 0x30, 0x0,
    0xd0, 0x4a, 0xe, 0xa, 0x30, 0x0, 0xd0, 0x68,
    0xb, 0x3a, 0x30, 0x0, 0xd0, 0xb5, 0x4, 0xba,
    0x30, 0x0, 0xd4, 0xe0, 0x0, 0x8f, 0x30, 0x0,
    0xde, 0x30, 0x0, 0x5, 0xbd, 0xdf, 0xd2, 0x0,
    0x0, 0x0, 0x0, 0xa, 0xf3, 0x0, 0x0, 0x0,
    0x0, 0x0, 0xce, 0x20, 0x0, 0x0, 0x0, 0x0,
    0x1, 0x0,

    /* U+211D "ℝ" */
    0x8c, 0xcc, 0xcc, 0xb8, 0x10, 0x0, 0xa2, 0x1b,
    0x0, 0xd7, 0xd0, 0x0, 0xa2, 0x1b, 0x0, 0xd0,
    0x86, 0x0, 0xa2, 0x1b, 0x0, 0xd0, 0x49, 0x0,
    0xa2, 0x1b, 0x0, 0xd0, 0x67, 0x0, 0xa2, 0x1b,
    0x0, 0xd3, 0xd1, 0x0, 0xa2, 0x1e, 0xcc, 0xff,
    0x30, 0x0, 0xa2, 0x1b, 0x1a, 0x46, 0xc0, 0x0,
    0xa2, 0x1b, 0x1, 0xc0, 0x96, 0x0, 0xa2, 0x1b,
    0x0, 0x85, 0x1d, 0x0, 0xa2, 0x1b, 0x0, 0x1d,
    0x8, 0x60, 0xac, 0xcb, 0x0, 0xa, 0xdd, 0xe0,

    /* U+2124 "ℤ" */
    0x1c, 0xcc, 0xcc, 0xcc, 0xcc, 0xc0, 0x0, 0x0,
    0x0, 0x2d, 0x5, 0xb0, 0x0, 0x0, 0x0, 0xc3,
    0xd, 0x10, 0x0, 0x0, 0x6, 0x90, 0x97, 0x0,
    0x0, 0x0, 0x1d, 0x13, 0xc0, 0x0, 0x0, 0x0,
    0xa5, 0xc, 0x30, 0x0, 0x0, 0x4, 0xb0, 0x78,
    0x0, 0x0, 0x0, 0xd, 0x12, 0xd0, 0x0, 0x0,
    0x0, 0x97, 0xb, 0x40, 0x0, 0x0, 0x3, 0xc0,
    0x5a, 0x0, 0x0, 0x0, 0xc, 0x31, 0xd1, 0x0,
    0x0, 0x0, 0x4f, 0xcd, 0xec, 0xcc, 0xcc, 0xc2,

    /* U+2150 "⅐" */
    0xae, 0xf0, 0x0, 0x0, 0x8, 0xb0, 0x0, 0x23,
    0xf0, 0x0, 0x0, 0x2f, 0x20, 0x0, 0x3, 0xf0,
    0x0, 0x0, 0xb7, 0x0, 0x0, 0x3, 0xf0, 0x0,
    0x5, 0xd0, 0x0, 0x0, 0x3, 0xf0, 0x0, 0xe,
    0x40, 0x0, 0x0, 0x3, 0xf0, 0x0, 0x9a, 0xc,
    0xcc, 0xca, 0xad, 0xed, 0x73, 0xf1, 0x0, 0x0,
    0xb7, 0x0, 0x0, 0xc, 0x70, 0x0, 0x2, 0xf1,
    0x0, 0x0, 0x6d, 0x0, 0x0, 0x9, 0x90, 0x0,
    0x1, 0xe4, 0x0, 0x0, 0xe, 0x20, 0x0, 0x9,
    0xa0, 0x0, 0x0, 0x6b, 0x0, 0x0, 0x3e, 0x10,
    0x0, 0x0, 0xd4, 0x0,

    /* U+2151 "⅑" */
    0x9e, 0xf0, 0x0, 0x0, 0x8, 0xb0, 0x0, 0x34,
    0xf0, 0x0, 0x0, 0x2f, 0x20, 0x0, 0x3, 0xf0,
    0x0, 0x0, 0xb7, 0x0, 0x0, 0x3, 0xf0, 0x0,
    0x5, 0xd0, 0x0, 0x0, 0x3, 0xf0, 0x0, 0xe,
    0x40, 0x0, 0x0, 0x3, 0xf0, 0x0, 0x9a, 0x3,
    0xab, 0x70, 0xad, 0xed, 0x73, 0xf1, 0x1e, 0x20,
    0x97, 0x0, 0x0, 0xc, 0x70, 0x3c, 0x0, 0x5c,
    0x0, 0x0, 0x6d, 0x0, 0x1e, 0x10, 0x9d, 0x0,
    0x1, 0xe4, 0x0, 0x4, 0xba, 0x8c, 0x0, 0x9,
    0xa0, 0x0, 0x0, 0x0, 0xa6, 0x0, 0x3e, 0x10,
    0x0, 0x9, 0xdd, 0x70,

    /* U+2152 "⅒" */
    0xae, 0xf0, 0x0, 0x0, 0x8, 0xb0, 0x0, 0x0,
    0x0, 0x0, 0x3, 0x3f, 0x0, 0x0, 0x2, 0xf2,
    0x0, 0x0, 0x0, 0x0, 0x0, 0x3, 0xf0, 0x0,
    0x0, 0xb7, 0x0, 0x0, 0x0, 0x0, 0x0, 0x0,
    0x3f, 0x0, 0x0, 0x5d, 0x0, 0x0, 0x0, 0x0,
    0x0, 0x0, 0x3, 0xf0, 0x0, 0xe, 0x40, 0x0,
    0x0, 0x0, 0x0, 0x0, 0x0, 0x3f, 0x0, 0x9,
    0xa0, 0x4a, 0xc0, 0x0, 0x6, 0x99, 0x20, 0xad,
    0xed, 0x73, 0xf1, 0x8, 0x7f, 0x0, 0x5, 0xa0,
    0x2d, 0x0, 0x0, 0x0, 0xc7, 0x0, 0x1, 0xf0,
    0x0, 0xa4, 0x0, 0xb3, 0x0, 0x0, 0x6d, 0x0,
    0x0, 0x1f, 0x0, 0xc, 0x30, 0xa, 0x50, 0x0,
    0x1e, 0x40, 0x0, 0x1, 0xf0, 0x0, 0xb4, 0x0,
    0xb4, 0x0, 0x9, 0xa0, 0x0, 0x1, 0x2f, 0x10,
    0x7, 0xa0, 0x2e, 0x0, 0x3, 0xe1, 0x0, 0x0,
    0xbf, 0xff, 0xa0, 0x9, 0xdd, 0x40,

    /* U+2153 "⅓" */
    0xbe, 0xf0, 0x0, 0x0, 0x8, 0xb0, 0x0, 0x13,
    0xf0, 0x0, 0x0, 0x2f, 0x20, 0x0, 0x3, 0xf0,
    0x0, 0x0, 0xb7, 0x0, 0x0, 0x3, 0xf0, 0x0,
    0x5, 0xd0, 0x0, 0x0, 0x3, 0xf0, 0x0, 0xe,
    0x40, 0x0, 0x0, 0x3, 0xf0, 0x0, 0x9a, 0x8,
    0xcd, 0x90, 0xad, 0xed, 0x73, 0xf1, 0x4, 0x0,
    0xd7, 0x0, 0x0, 0xc, 0x70, 0x0, 0x0, 0xd4,
    0x0, 0x0, 0x6d, 0x0, 0x0, 0xbf, 0xc1, 0x0,
    0x1, 0xe4, 0x0, 0x0, 0x0, 0xb9, 0x0, 0x9,
    0xa0, 0x0, 0x2, 0x1, 0xb8, 0x0, 0x3e, 0x10,
    0x0, 0x1c, 0xfe, 0xa1,

    /* U+2154 "⅔" */
    0x2c, 0xde, 0x80, 0x0, 0x0, 0x8b, 0x0, 0x1,
    0x10, 0x1f, 0x30, 0x0, 0x2f, 0x20, 0x0, 0x0,
    0x0, 0xe3, 0x0, 0xb, 0x70, 0x0, 0x0, 0x0,
    0xb9, 0x0, 0x5, 0xd0, 0x0, 0x0, 0x0, 0xab,
    0x0, 0x0, 0xe4, 0x0, 0x0, 0x0, 0xaa, 0x0,
    0x0, 0x9a, 0x8, 0xcd, 0x90, 0x3f, 0xee, 0xe5,
    0x3f, 0x10, 0x40, 0xd, 0x70, 0x0, 0x0, 0xc,
    0x70, 0x0, 0x0, 0xd4, 0x0, 0x0, 0x6, 0xd0,
    0x0, 0xb, 0xfc, 0x10, 0x0, 0x1, 0xe4, 0x0,
    0x0, 0x0, 0xb9, 0x0, 0x0, 0x9a, 0x0, 0x0,
    0x20, 0x1b, 0x80, 0x0, 0x3e, 0x10, 0x0, 0x1c,
    0xfe, 0xa1,

    /* U+2155 "⅕" */
    0xbe, 0xf0, 0x0, 0x0, 0x8, 0xb0, 0x0, 0x13,
    0xf0, 0x0, 0x0, 0x2f, 0x20, 0x0, 0x3, 0xf0,
    0x0, 0x0, 0xb7, 0x0, 0x0, 0x3, 0xf0, 0x0,
    0x5, 0xd0, 0x0, 0x0, 0x3, 0xf0, 0x0, 0xe,
    0x40, 0x0, 0x0, 0x3, 0xf0, 0x0, 0x9a, 0xb,
    0xcc, 0xc2, 0xad, 0xed, 0x73, 0xf1, 0xc, 0x20,
    0x0, 0x0, 0x0, 0xc, 0x70, 0xc, 0xbb, 0x70,
    0x0, 0x0, 0x6d, 0x0, 0x1, 0x0, 0xa7, 0x0,
    0x1, 0xe4, 0x0, 0x0, 0x0, 0x5a, 0x0, 0x9,
    0xa0, 0x0, 0x1, 0x0, 0xa8, 0x0, 0x3e, 0x10,
    0x0, 0x1c, 0xdd, 0x90,

    /* U+2156 "⅖" */
    0x2c, 0xde, 0x80, 0x0, 0x0, 0x8b, 0x0, 0x1,
    0x10, 0x1f, 0x30, 0x0, 0x2f, 0x20, 0x0, 0x0,
    0x0, 0xe3, 0x0, 0xb, 0x70, 0x0, 0x0, 0x0,
    0xb9, 0x0, 0x5, 0xd0, 0x0, 0x0, 0x0, 0xab,
    0x0, 0x0, 0xe4, 0x0, 0x0, 0x0, 0xaa, 0x0,
    0x0, 0x9a, 0xb, 0xcc, 0xc2, 0x3f, 0xee, 0xe5,
    0x3f, 0x10, 0xc2, 0x0, 0x0, 0x0, 0x0, 0xc,
    0x70, 0xc, 0xbb, 0x70, 0x0, 0x0, 0x6, 0xd0,
    0x0, 0x10, 0xa, 0x70, 0x0, 0x1, 0xe4, 0x0,
    0x0, 0x0, 0x5a, 0x0, 0x0, 0x9a, 0x0, 0x0,
    0x10, 0xa, 0x80, 0x0, 0x3e, 0x10, 0x0, 0x1c,
    0xdd, 0x90,

    /* U+2157 "⅗" */
    0xc, 0xde, 0xa0, 0x0, 0x0, 0x8b, 0x0, 0x0,
    0x10, 0xd, 0x50, 0x0, 0x2f, 0x20, 0x0, 0x0,
    0x2, 0xd3, 0x0, 0xb, 0x70, 0x0, 0x0, 0xd,
    0xfb, 0x10, 0x5, 0xd0, 0x0, 0x0, 0x0, 0x0,
    0xc8, 0x0, 0xe4, 0x0, 0x0, 0x2, 0x30, 0x1c,
    0x70, 0x9a, 0xb, 0xcc, 0xc2, 0x1a, 0xdd, 0x80,
    0x3f, 0x10, 0xc2, 0x0, 0x0, 0x0, 0x0, 0xc,
    0x70, 0xc, 0xbb, 0x70, 0x0, 0x0, 0x6, 0xd0,
    0x0, 0x10, 0xa, 0x70, 0x0, 0x1, 0xe4, 0x0,
    0x0, 0x0, 0x5a, 0x0, 0x0, 0x9a, 0x0, 0x0,
    0x10, 0xa, 0x80, 0x0, 0x3e, 0x10, 0x0, 0x1c,
    0xdd, 0x90,

    /* U+2158 "⅘" */
    0x0, 0xc, 0xd0, 0x0, 0x0, 0x8b, 0x0, 0x0,
    0x9, 0x8d, 0x0, 0x0, 0x2f, 0x20, 0x0, 0x5,
    0x84, 0xd0, 0x0, 0xb, 0x70, 0x0, 0x2, 0xb0,
    0x4d, 0x0, 0x5, 0xd0, 0x0, 0x0, 0x7d, 0xde,
    0xfc, 0x0, 0xe4, 0x0, 0x0, 0x0, 0x0, 0x4d,
    0x0, 0x9a, 0xb, 0xcc, 0xc2, 0x0, 0x1, 0x40,
    0x3f, 0x10, 0xc2, 0x0, 0x0, 0x0, 0x0, 0xc,
    0x70, 0xc, 0xbb, 0x70, 0x0, 0x0, 0x6, 0xd0,
    0x0, 0x10, 0xa, 0x70, 0x0, 0x1, 0xe4, 0x0,
    0x0, 0x0, 0x5a, 0x0, 0x0, 0x9a, 0x0, 0x0,
    0x10, 0xa, 0x80, 0x0, 0x3e, 0x10, 0x0, 0x1c,
    0xdd, 0x90,

    /* U+2159 "⅙" */
    0xbe, 0xf0, 0x0, 0x0, 0x8, 0xb0, 0x0, 0x23,
    0xf0, 0x0, 0x0, 0x2f, 0x20, 0x0, 0x3, 0xf0,
    0x0, 0x0, 0xb7, 0x0, 0x0, 0x3, 0xf0, 0x0,
    0x5, 0xd0, 0x0, 0x0, 0x3, 0xf0, 0x0, 0xe,
    0x40, 0x0, 0x0, 0x3, 0xf0, 0x0, 0x9a, 0x0,
    0x7b, 0xb4, 0xad, 0xed, 0x73, 0xf1, 0x9, 0x60,
    0x1, 0x0, 0x0, 0xc, 0x70, 0xe, 0x8a, 0xa1,
    0x0, 0x0, 0x6d, 0x0, 0x2f, 0x50, 0x5b, 0x0,
    0x1, 0xe4, 0x0, 0x1f, 0x0, 0x1f, 0x0, 0x9,
    0xa0, 0x0, 0xc, 0x40, 0x5c, 0x0, 0x3e, 0x10,
    0x0, 0x2, 0xcd, 0xc2,

    /* U+215A "⅚" */
    0xe, 0xcc, 0xc1, 0x0, 0x0, 0x8b, 0x0, 0x0,
    0xe0, 0x0, 0x0, 0x0, 0x2f, 0x20, 0x0, 0xe,
    0xbc, 0x70, 0x0, 0xb, 0x70, 0x0, 0x0, 0x10,
    0xb, 0x60, 0x5, 0xd0, 0x0, 0x0, 0x0, 0x0,
    0x69, 0x0, 0xe4, 0x0, 0x0, 0x1, 0x20, 0xb,
    0x60, 0x9a, 0x0, 0x7b, 0xc5, 0x1b, 0xbb, 0x70,
    0x3f, 0x10, 0x96, 0x0, 0x20, 0x0, 0x0, 0xc,
    0x70, 0xe, 0x8a, 0xa1, 0x0, 0x0, 0x6, 0xd0,
    0x2, 0xf5, 0x5, 0xb0, 0x0, 0x1, 0xe4, 0x0,
    0x1f, 0x0, 0x1f, 0x0, 0x0, 0x9a, 0x0, 0x0,
    0xc4, 0x5, 0xc0, 0x0, 0x3e, 0x10, 0x0, 0x2,
    0xcd, 0xc2,

    /* U+215B "⅛" */
    0xbe, 0xf0, 0x0, 0x0, 0x8, 0xb0, 0x0, 0x23,
    0xf0, 0x0, 0x0, 0x2f, 0x20, 0x0, 0x3, 0xf0,
    0x0, 0x0, 0xb7, 0x0, 0x0, 0x3, 0xf0, 0x0,
    0x5, 0xd0, 0x0, 0x0, 0x3, 0xf0, 0x0, 0xe,
    0x40, 0x0, 0x0, 0x3, 0xf0, 0x0, 0x9a, 0x4,
    0xbb, 0xa1, 0xad, 0xed, 0x73, 0xf1, 0xe, 0x20,
    0x7a, 0x0, 0x0, 0xc, 0x70, 0xd, 0x20, 0x79,
    0x0, 0x0, 0x6d, 0x0, 0x5, 0xec, 0xd1, 0x0,
    0x1, 0xe4, 0x0, 0x1e, 0x10, 0x4c, 0x0, 0x9,
    0xa0, 0x0, 0x1e, 0x10, 0x4d, 0x0, 0x3e, 0x10,
    0x0, 0x6, 0xdd, 0xc4,

    /* U+215C "⅜" */
    0xc, 0xde, 0xa0, 0x0, 0x0, 0x8b, 0x0, 0x0,
    0x10, 0xd, 0x50, 0x0, 0x2f, 0x20, 0x0, 0x0,
    0x2, 0xd3, 0x0, 0xb, 0x70, 0x0, 0x0, 0xd,
    0xfb, 0x10, 0x5, 0xd0, 0x0, 0x0, 0x0, 0x0,
    0xc8, 0x0, 0xe4, 0x0, 0x0, 0x1, 0x20, 0x1c,
    0x70, 0x9a, 0x4, 0xbb, 0xa1, 0x2c, 0xdd, 0x80,
    0x3f, 0x10, 0xe2, 0x7, 0xa0, 0x0, 0x0, 0xc,
    0x70, 0xd, 0x20, 0x79, 0x0, 0x0, 0x6, 0xd0,
    0x0, 0x5e, 0xcd, 0x10, 0x0, 0x1, 0xe4, 0x0,
    0x1e, 0x10, 0x4c, 0x0, 0x0, 0x9a, 0x0, 0x1,
    0xe1, 0x4, 0xd0, 0x0, 0x3e, 0x10, 0x0, 0x6,
    0xdd, 0xc4,

    /* U+215D "⅝" */
    0xe, 0xcc, 0xc1, 0x0, 0x0, 0x8b, 0x0, 0x0,
    0xe0, 0x0, 0x0, 0x0, 0x2f, 0x20, 0x0, 0xe,
    0xbc, 0x70, 0x0, 0xb, 0x70, 0x0, 0x0, 0x10,
    0xb, 0x60, 0x5, 0xd0, 0x0, 0x0, 0x0, 0x0,
    0x69, 0x0, 0xe4, 0x0, 0x0, 0x1, 0x20, 0xb,
    0x60, 0x9a, 0x4, 0xbb, 0xa1, 0x1b, 0xbb, 0x70,
    0x3f, 0x10, 0xe2, 0x7, 0xa0, 0x0, 0x0, 0xc,
    0x70, 0xd, 0x20, 0x79, 0x0, 0x0, 0x6, 0xd0,
    0x0, 0x5e, 0xcd, 0x10, 0x0, 0x1, 0xe4, 0x0,
    0x1e, 0x10, 0x4c, 0x0, 0x0, 0x9a, 0x0, 0x1,
    0xe1, 0x4, 0xd0, 0x0, 0x3e, 0x10, 0x0, 0x6,
    0xdd, 0xc4,

    /* U+215E "⅞" */
    0x1c, 0xcc, 0xe9, 0x0, 0x0, 0x8b, 0x0, 0x0,
    0x0, 0xd, 0x20, 0x0, 0x2f, 0x20, 0x0, 0x0,
    0x4, 0xb0, 0x0, 0xb, 0x70, 0x0, 0x0, 0x0,
    0xb5, 0x0, 0x5, 0xd0, 0x0, 0x0, 0x0, 0x2d,
    0x0, 0x0, 0xe4, 0x0, 0x0, 0x0, 0x9, 0x70,
    0x0, 0x9a, 0x4, 0xbb, 0xa1, 0x0, 0x90, 0x0,
    0x3f, 0x10, 0xe2, 0x7, 0xa0, 0x0, 0x0, 0xc,
    0x70, 0xd, 0x20, 0x79, 0x0, 0x0, 0x6, 0xd0,
    0x0, 0x5e, 0xcd, 0x10, 0x0, 0x1, 0xe4, 0x0,
    0x1e, 0x10, 0x4c, 0x0, 0x0, 0x9a, 0x0, 0x1,
    0xe1, 0x4, 0xd0, 0x0, 0x3e, 0x10, 0x0, 0x6,
    0xdd, 0xc4,

    /* U+2190 "←" */
    0x0, 0x3, 0x30, 0x0, 0x0, 0x0, 0x0, 0x3,
    0xfa, 0x0, 0x0, 0x0, 0x0, 0x3, 0xfa, 0x0,
    0x0, 0x0, 0x0, 0x0, 0xff, 0xee, 0xee, 0xee,
    0xee, 0xe9, 0xa, 0xfa, 0x66, 0x66, 0x66, 0x66,
    0x40, 0xa, 0xf3, 0x0, 0x0, 0x0, 0x0, 0x0,
    0xa, 0x90, 0x0, 0x0, 0x0, 0x0, 0x0, 0x0,
    0x0, 0x0, 0x0, 0x0,

    /* U+2191 "↑" */
    0x0, 0x1a, 0x40, 0x0, 0x1, 0xcf, 0xf4, 0x0,
    0x1c, 0xef, 0xdf, 0x40, 0x7e, 0x2f, 0x69, 0xd0,
    0x1, 0xf, 0x60, 0x10, 0x0, 0xf, 0x60, 0x0,
    0x0, 0xf, 0x60, 0x0, 0x0, 0xf, 0x60, 0x0,
    0x0, 0xf, 0x60, 0x0, 0x0, 0xf, 0x60, 0x0,
    0x0, 0xf, 0x60, 0x0, 0x0, 0xf, 0x60, 0x0,

    /* U+2192 "→" */
    0x0, 0x0, 0x0, 0x0, 0x6, 0x0, 0x0, 0x0,
    0x0, 0x0, 0x2, 0xfb, 0x0, 0x0, 0x0, 0x0,
    0x0, 0x3, 0xfb, 0x1, 0xee, 0xee, 0xee, 0xee,
    0xef, 0xf8, 0x6, 0x66, 0x66, 0x66, 0x66, 0xef,
    0x40, 0x0, 0x0, 0x0, 0x0, 0x9f, 0x40, 0x0,
    0x0, 0x0, 0x0, 0x2e, 0x40, 0x0, 0x0, 0x0,
    0x0, 0x0, 0x0, 0x0,

    /* U+2193 "↓" */
    0x0, 0xa, 0x40, 0x0, 0x0, 0xf, 0x60, 0x0,
    0x0, 0xf, 0x60, 0x0, 0x0, 0xf, 0x60, 0x0,
    0x0, 0xf, 0x60, 0x0, 0x0, 0xf, 0x60, 0x0,
    0x0, 0xf, 0x60, 0x0, 0x0, 0xf, 0x60, 0x0,
    0x4a, 0xf, 0x64, 0x90, 0x3f, 0xaf, 0xaf, 0x90,
    0x3, 0xff, 0xf9, 0x0, 0x0, 0x3f, 0x90, 0x0,
    0x0, 0x0, 0x0, 0x0,

    /* U+2194 "↔" */
    0x0, 0x3, 0x30, 0x0, 0x5, 0x10, 0x0, 0x3,
    0xfa, 0x0, 0x0, 0xec, 0x10, 0x3, 0xfa, 0x0,
    0x0, 0x2, 0xec, 0x10, 0xff, 0xee, 0xee, 0xee,
    0xef, 0xfa, 0xa, 0xfa, 0x66, 0x66, 0x66, 0xdf,
    0x60, 0xa, 0xf3, 0x0, 0x0, 0x7f, 0x60, 0x0,
    0xa, 0x90, 0x0, 0xd, 0x60, 0x0, 0x0, 0x0,
    0x0, 0x0, 0x0, 0x0,

    /* U+21D0 "⇐" */
    0x0, 0x3, 0x10, 0x0, 0x0, 0x0, 0x0, 0x3,
    0xf8, 0x0, 0x0, 0x0, 0x0, 0x3, 0xff, 0xff,
    0xff, 0xff, 0xff, 0x71, 0xfb, 0x0, 0x0, 0x0,
    0x0, 0x0, 0x1f, 0xb0, 0x0, 0x0, 0x0, 0x0,
    0x0, 0x3f, 0xff, 0xff, 0xff, 0xff, 0xf7, 0x0,
    0x4f, 0x80, 0x0, 0x0, 0x0, 0x0, 0x0, 0x41,
    0x0, 0x0, 0x0, 0x0,

    /* U+21D1 "⇑" */
    0x0, 0xa, 0x60, 0x0, 0x0, 0xcf, 0xf7, 0x0,
    0xc, 0xf2, 0x7f, 0x70, 0x6e, 0xe0, 0x4e, 0xf2,
    0x2, 0xe0, 0x4b, 0x10, 0x0, 0xe0, 0x4b, 0x0,
    0x0, 0xe0, 0x4b, 0x0, 0x0, 0xe0, 0x4b, 0x0,
    0x0, 0xe0, 0x4b, 0x0, 0x0, 0xe0, 0x4b, 0x0,
    0x0, 0xe0, 0x4b, 0x0, 0x0, 0xe0, 0x4b, 0x0,

    /* U+21D2 "⇒" */
    0x0, 0x0, 0x0, 0x0, 0x5, 0x0, 0x0, 0x0,
    0x0, 0x0, 0x2, 0xf9, 0x0, 0x1f, 0xff, 0xff,
    0xff, 0xff, 0xf9, 0x0, 0x0, 0x0, 0x0, 0x0,
    0x5, 0xf7, 0x0, 0x0, 0x0, 0x0, 0x0, 0x4f,
    0x71, 0xff, 0xff, 0xff, 0xff, 0xff, 0x90, 0x0,
    0x0, 0x0, 0x0, 0x2f, 0x90, 0x0, 0x0, 0x0,
    0x0, 0x0, 0x50, 0x0,

    /* U+21D3 "⇓" */
    0x0, 0x90, 0x27, 0x0, 0x0, 0xe0, 0x4b, 0x0,
    0x0, 0xe0, 0x4b, 0x0, 0x0, 0xe0, 0x4b, 0x0,
    0x0, 0xe0, 0x4b, 0x0, 0x0, 0xe0, 0x4b, 0x0,
    0x0, 0xe0, 0x4b, 0x0, 0x0, 0xe0, 0x4b, 0x0,
    0x4a, 0xe0, 0x4c, 0xb1, 0x3f, 0xe0, 0x4f, 0xc0,
    0x3, 0xfc, 0xec, 0x0, 0x0, 0x3f, 0xb0, 0x0,
    0x0, 0x0, 0x0, 0x0,

    /* U+21D4 "⇔" */
    0x0, 0x2, 0x20, 0x0, 0x4, 0x0, 0x0, 0x2,
    0xea, 0x0, 0x0, 0xeb, 0x0, 0x2, 0xef, 0xff,
    0xff, 0xff, 0xfb, 0x0, 0xed, 0x0, 0x0, 0x0,
    0x3, 0xf9, 0xe, 0xd0, 0x0, 0x0, 0x0, 0x3f,
    0x90, 0x2e, 0xff, 0xff, 0xff, 0xff, 0xb0, 0x0,
    0x2e, 0xa0, 0x0, 0xe, 0xb0, 0x0, 0x0, 0x22,
    0x0, 0x0, 0x50, 0x0,

    /* U+2200 "∀" */
    0xad, 0x0, 0x0, 0x0, 0xd, 0x95, 0xf4, 0x0,
    0x0, 0x5, 0xf4, 0xe, 0xa0, 0x0, 0x0, 0xae,
    0x0, 0x9f, 0xee, 0xee, 0xef, 0x80, 0x3, 0xfa,
    0x66, 0x6b, 0xf2, 0x0, 0xd, 0xb0, 0x0, 0xcc,
    0x0, 0x0, 0x7f, 0x10, 0x2f, 0x60, 0x0, 0x1,
    0xf7, 0x8, 0xf0, 0x0, 0x0, 0xa, 0xd0, 0xe9,
    0x0, 0x0, 0x0, 0x4f, 0x7f, 0x30, 0x0, 0x0,
    0x0, 0xef, 0xd0, 0x0, 0x0, 0x0, 0x7, 0xc6,
    0x0, 0x0,

    /* U+2202 "∂" */
    0x0, 0x14, 0x51, 0x0, 0x0, 0x9e, 0xef, 0x60,
    0x0, 0x0, 0x9, 0xf1, 0x0, 0x0, 0x1, 0xf6,
    0x0, 0x3, 0x10, 0xe8, 0x3, 0xee, 0xe7, 0xf7,
    0xc, 0xa0, 0xc, 0xf5, 0x2f, 0x30, 0x5, 0xf1,
    0x3f, 0x10, 0xb, 0xb0, 0xf, 0x50, 0x7f, 0x30,
    0x5, 0xfe, 0xe4, 0x0, 0x0, 0x1, 0x0, 0x0,

    /* U+2203 "∃" */
    0x6e, 0xee, 0xee, 0xee, 0x13, 0x77, 0x77, 0x7b,
    0xf1, 0x0, 0x0, 0x0, 0x8f, 0x10, 0x0, 0x0,
    0x8, 0xf1, 0x0, 0x0, 0x0, 0x8f, 0x12, 0x66,
    0x66, 0x6b, 0xf1, 0x6f, 0xff, 0xff, 0xff, 0x10,
    0x0, 0x0, 0x8, 0xf1, 0x0, 0x0, 0x0, 0x8f,
    0x10, 0x0, 0x0, 0x8, 0xf1, 0x25, 0x55, 0x55,
    0xaf, 0x17, 0xff, 0xff, 0xff, 0xf1,

    /* U+2205 "∅" */
    0x0, 0x0, 0x1, 0x10, 0x0, 0x10, 0x0, 0x19,
    0xee, 0xee, 0x9a, 0x20, 0x2, 0xe9, 0x20, 0x2,
    0xce, 0x20, 0xd, 0x60, 0x0, 0x5, 0x55, 0xd0,
    0x6b, 0x0, 0x0, 0x37, 0x0, 0xb5, 0xa6, 0x0,
    0x1, 0x90, 0x0, 0x5a, 0xb4, 0x0, 0x9, 0x0,
    0x0, 0x4b, 0xa5, 0x0, 0x82, 0x0, 0x0, 0x6a,
    0x5b, 0x6, 0x40, 0x0, 0x0, 0xc5, 0xd, 0x86,
    0x0, 0x0, 0x7, 0xd0, 0x5, 0xf9, 0x20, 0x2,
    0xae, 0x20, 0x1a, 0x18, 0xef, 0xfe, 0x81, 0x0,
    0x0, 0x0, 0x1, 0x10, 0x0, 0x0,

    /* U+2207 "∇" */
    0x6, 0x77, 0x77, 0x77, 0x77, 0x74, 0xa, 0xff,
    0xff, 0xff, 0xff, 0xf6, 0x4, 0xf4, 0x0, 0x0,
    0x9, 0xf0, 0x0, 0xea, 0x0, 0x0, 0xf, 0x90,
    0x0, 0x7f, 0x10, 0x0, 0x6f, 0x30, 0x0, 0x1f,
    0x70, 0x0, 0xcd, 0x0, 0x0, 0xb, 0xd0, 0x2,
    0xf6, 0x0, 0x0, 0x5, 0xf3, 0x8, 0xf1, 0x0,
    0x0, 0x0, 0xe9, 0xe, 0xa0, 0x0, 0x0, 0x0,
    0x8f, 0x5f, 0x30, 0x0, 0x0, 0x0, 0x2f, 0xed,
    0x0, 0x0, 0x0, 0x0, 0xb, 0xf7, 0x0, 0x0,
    0x0, 0x0, 0x0, 0x10, 0x0, 0x0,

    /* U+2208 "∈" */
    0x0, 0x0, 0x13, 0x44, 0x44, 0x41, 0x0, 0x2b,
    0xff, 0xff, 0xff, 0xf5, 0x4, 0xfb, 0x30, 0x0,
    0x0, 0x0, 0x1e, 0x90, 0x0, 0x0, 0x0, 0x0,
    0x7e, 0x0, 0x0, 0x0, 0x0, 0x0, 0xba, 0x22,
    0x22, 0x22, 0x22, 0x20, 0xcf, 0xff, 0xff, 0xff,
    0xff, 0xf5, 0xb9, 0x11, 0x11, 0x11, 0x11, 0x10,
    0x6e, 0x0, 0x0, 0x0, 0x0, 0x0, 0xd, 0xa0,
    0x0, 0x0, 0x0, 0x0, 0x3, 0xed, 0x52, 0x11,
    0x11, 0x10, 0x0, 0x19, 0xff, 0xff, 0xff, 0xf5,
    0x0, 0x0, 0x1, 0x22, 0x22, 0x20,

    /* U+2209 "∉" */
    0x0, 0x0, 0x0, 0x0, 0x10, 0x0, 0x0, 0x0,
    0x0, 0x0, 0x8c, 0x0, 0x0, 0x0, 0x2, 0x44,
    0xda, 0x42, 0x0, 0x8, 0xff, 0xff, 0xff, 0xfa,
    0x1, 0xdd, 0x50, 0x9, 0xb0, 0x0, 0xa, 0xd0,
    0x0, 0xf, 0x50, 0x0, 0x2f, 0x20, 0x0, 0x5f,
    0x0, 0x0, 0x6d, 0x22, 0x22, 0xbb, 0x22, 0x21,
    0x8f, 0xff, 0xff, 0xff, 0xff, 0xfa, 0x6e, 0x11,
    0x18, 0xe1, 0x11, 0x10, 0x1f, 0x40, 0xd, 0x80,
    0x0, 0x0, 0x9, 0xe2, 0x3f, 0x20, 0x0, 0x0,
    0x0, 0xce, 0xcd, 0x11, 0x11, 0x10, 0x0, 0x7,
    0xff, 0xff, 0xff, 0xfa, 0x0, 0x4, 0xf2, 0x22,
    0x22, 0x21, 0x0, 0x8, 0xb0, 0x0, 0x0, 0x0,
    0x0, 0x0, 0x10, 0x0, 0x0, 0x0,

    /* U+220F "∏" */
    0x79, 0x99, 0x99, 0x99, 0x97, 0xcf, 0xff, 0xff,
    0xff, 0xfe, 0xcf, 0x10, 0x0, 0x0, 0xfe, 0xcf,
    0x10, 0x0, 0x0, 0xfe, 0xcf, 0x10, 0x0, 0x0,
    0xfe, 0xcf, 0x10, 0x0, 0x0, 0xfe, 0xcf, 0x10,
    0x0, 0x0, 0xfe, 0xcf, 0x10, 0x0, 0x0, 0xfe,
    0xcf, 0x10, 0x0, 0x0, 0xfe, 0xcf, 0x10, 0x0,
    0x0, 0xfe, 0xcf, 0x10, 0x0, 0x0, 0xfe, 0xcf,
    0x10, 0x0, 0x0, 0xfe, 0xcf, 0x10, 0x0, 0x0,
    0xfe, 0xcf, 0x10, 0x0, 0x0, 0xfe, 0xcf, 0x10,
    0x0, 0x0, 0xfe, 0x0, 0x0, 0x0, 0x0, 0x0,

    /* U+2211 "∑" */
    0x58, 0x88, 0x88, 0x88, 0x88, 0x1a, 0xff, 0xff,
    0xff, 0xff, 0xf2, 0x2e, 0xe3, 0x0, 0x0, 0x0,
    0x0, 0x3f, 0xe2, 0x0, 0x0, 0x0, 0x0, 0x3f,
    0xe1, 0x0, 0x0, 0x0, 0x0, 0x4f, 0xd1, 0x0,
    0x0, 0x0, 0x0, 0x5f, 0xd1, 0x0, 0x0, 0x0,
    0x0, 0x8f, 0xa0, 0x0, 0x0, 0x0, 0x2e, 0xe2,
    0x0, 0x0, 0x0, 0x1d, 0xf3, 0x0, 0x0, 0x0,
    0xc, 0xf4, 0x0, 0x0, 0x0, 0xb, 0xf5, 0x0,
    0x0, 0x0, 0xa, 0xf7, 0x0, 0x0, 0x0, 0x9,
    0xfd, 0x77, 0x77, 0x77, 0x72, 0xef, 0xff, 0xff,
    0xff, 0xff, 0x50, 0x0, 0x0, 0x0, 0x0, 0x0,

    /* U+2212 "−" */
    0x1e, 0xee, 0xee, 0xee, 0xee, 0xd0, 0x66, 0x66,
    0x66, 0x66, 0x66,

    /* U+2213 "∓" */
    0x0, 0x0, 0x0, 0x0, 0x0, 0x1, 0xff, 0xff,
    0xff, 0xff, 0xfe, 0x4, 0x44, 0x44, 0x44, 0x44,
    0x40, 0x0, 0x0, 0x43, 0x0, 0x0, 0x0, 0x0,
    0xb, 0x90, 0x0, 0x0, 0x0, 0x0, 0xb9, 0x0,
    0x0, 0x5, 0x55, 0x5d, 0xb5, 0x55, 0x51, 0xff,
    0xff, 0xff, 0xff, 0xfe, 0x0, 0x0, 0xb, 0x90,
    0x0, 0x0, 0x0, 0x0, 0xb9, 0x0, 0x0, 0x0,
    0x0, 0xb, 0x90, 0x0, 0x0,

    /* U+2218 "∘" */
    0x1, 0x9a, 0x50, 0xd, 0x85, 0xd5, 0x3d, 0x0,
    0x4a, 0x1e, 0x10, 0x89, 0x7, 0xed, 0xd1, 0x0,
    0x12, 0x0,

    /* U+2219 "∙" */
    0x0, 0x56, 0x10, 0xb, 0xff, 0xd0, 0x2f, 0xff,
    0xf5, 0x1f, 0xff, 0xf4, 0x7, 0xff, 0x90, 0x0,
    0x1, 0x0,

    /* U+221A "√" */
    0x0, 0x0, 0x0, 0x0, 0x7c, 0x20, 0x0, 0x0,
    0x0, 0xc, 0x0, 0x0, 0x0, 0x0, 0x3, 0xa0,
    0x0, 0x0, 0x0, 0x0, 0x94, 0x0, 0x0, 0x0,
    0x0, 0xd, 0x0, 0x0, 0x36, 0x0, 0x4, 0x80,
    0x0, 0x4a, 0xf1, 0x0, 0xa2, 0x0, 0x0, 0xe,
    0x70, 0x1c, 0x0, 0x0, 0x0, 0x9d, 0x6, 0x70,
    0x0, 0x0, 0x3, 0xf2, 0xc1, 0x0, 0x0, 0x0,
    0xd, 0xbb, 0x0, 0x0, 0x0, 0x0, 0x8f, 0x50,
    0x0, 0x0, 0x0, 0x2, 0xe0, 0x0, 0x0, 0x0,
    0x0, 0x3, 0x0, 0x0, 0x0,

    /* U+221B "∛" */
    0x1, 0xcd, 0xd7, 0x0, 0x0, 0x0, 0x1, 0x1,
    0xf4, 0x0, 0x0, 0x0, 0x0, 0x2e, 0x10, 0x6d,
    0x20, 0x0, 0xdf, 0xa0, 0xc, 0x10, 0x0, 0x0,
    0xd, 0x72, 0xb0, 0x0, 0x12, 0x2, 0xe5, 0x85,
    0x0, 0x2, 0xbd, 0xc6, 0xd, 0x0, 0x0, 0x36,
    0x0, 0x4, 0x90, 0x0, 0x4a, 0xf1, 0x0, 0xa3,
    0x0, 0x0, 0xe, 0x70, 0x1d, 0x0, 0x0, 0x0,
    0x9d, 0x6, 0x70, 0x0, 0x0, 0x3, 0xf2, 0xc1,
    0x0, 0x0, 0x0, 0xd, 0xab, 0x0, 0x0, 0x0,
    0x0, 0x8f, 0x50, 0x0, 0x0, 0x0, 0x2, 0xe0,
    0x0, 0x0, 0x0, 0x0, 0x3, 0x0, 0x0, 0x0,

    /* U+221D "∝" */
    0x2, 0xac, 0x60, 0x2b, 0xa0, 0xc6, 0x4e, 0x6e,
    0x72, 0x2a, 0x0, 0x3f, 0x80, 0x2, 0x90, 0x0,
    0xe6, 0x0, 0xd, 0x10, 0x9b, 0xe3, 0x0, 0x5e,
    0xec, 0x6, 0xfa, 0x0, 0x1, 0x0, 0x0, 0x20,

    /* U+221E "∞" */
    0x2, 0xac, 0x60, 0x2b, 0xc5, 0x0, 0xc6, 0x4e,
    0x6e, 0x74, 0xc3, 0x2a, 0x0, 0x3f, 0x80, 0x3,
    0x82, 0x90, 0x0, 0xe6, 0x0, 0x29, 0xd, 0x10,
    0x9b, 0xe3, 0x9, 0x60, 0x5e, 0xec, 0x6, 0xfe,
    0xb0, 0x0, 0x1, 0x0, 0x0, 0x10, 0x0,

    /* U+2220 "∠" */
    0x0, 0x0, 0x0, 0x4, 0xa5, 0x0, 0x0, 0x0,
    0x0, 0xe, 0xe0, 0x0, 0x0, 0x0, 0x0, 0x9f,
    0x50, 0x0, 0x0, 0x0, 0x3, 0xfb, 0x0, 0x0,
    0x0, 0x0, 0xd, 0xf1, 0x0, 0x0, 0x0, 0x0,
    0x7f, 0x60, 0x0, 0x0, 0x0, 0x2, 0xfc, 0x0,
    0x0, 0x0, 0x0, 0xc, 0xf2, 0x0, 0x0, 0x0,
    0x0, 0x6f, 0x80, 0x0, 0x0, 0x0, 0x1, 0xed,
    0x0, 0x0, 0x0, 0x0, 0xa, 0xfc, 0x99, 0x99,
    0x99, 0x95, 0x4f, 0xff, 0xff, 0xff, 0xff, 0xf9,

    /* U+2225 "∥" */
    0x10, 0x1, 0xe5, 0x5e, 0xe5, 0x5e, 0xe5, 0x5e,
    0xe5, 0x5e, 0xe5, 0x5e, 0xe5, 0x5e, 0xe5, 0x5e,
    0xe5, 0x5e, 0xe5, 0x5e, 0xe5, 0x5e, 0xe5, 0x5e,
    0xe5, 0x5e, 0xe5, 0x5e, 0xe5, 0x5e, 0xe5, 0x5e,
    0x93, 0x39,

    /* U+2226 "∦" */
    0x0, 0x10, 0x1, 0x0, 0x0, 0xe5, 0x5e, 0x0,
    0x0, 0xe5, 0x5e, 0x0, 0x0, 0xe5, 0x5e, 0x0,
    0x0, 0xe5, 0x5e, 0x0, 0x0, 0xe5, 0x5e, 0x0,
    0x0, 0xe5, 0x5f, 0x70, 0x0, 0xe5, 0x6f, 0xb0,
    0x0, 0xec, 0xfe, 0x0, 0x3, 0xfb, 0x7e, 0x0,
    0x1e, 0xf5, 0x5e, 0x0, 0x0, 0xe5, 0x5e, 0x0,
    0x0, 0xe5, 0x5e, 0x0, 0x0, 0xe5, 0x5e, 0x0,
    0x0, 0xe5, 0x5e, 0x0, 0x0, 0xe5, 0x5e, 0x0,
    0x0, 0x93, 0x39, 0x0,

    /* U+2227 "∧" */
    0x0, 0x4, 0x30, 0x0, 0x0, 0x5f, 0xf1, 0x0,
    0x0, 0xaf, 0xf6, 0x0, 0x0, 0xe9, 0xea, 0x0,
    0x4, 0xf4, 0x9f, 0x0, 0x9, 0xf0, 0x4f, 0x40,
    0xd, 0xa0, 0xe, 0x90, 0x2f, 0x50, 0xa, 0xe0,
    0x7f, 0x10, 0x5, 0xf3, 0xcb, 0x0, 0x0, 0xf8,

    /* U+2228 "∨" */
    0x32, 0x0, 0x0, 0x32, 0xbd, 0x0, 0x1, 0xf6,
    0x6f, 0x20, 0x6, 0xf1, 0x1f, 0x70, 0xb, 0xd0,
    0xc, 0xc0, 0xf, 0x80, 0x7, 0xf1, 0x5f, 0x30,
    0x2, 0xf5, 0xae, 0x0, 0x0, 0xdb, 0xf9, 0x0,
    0x0, 0x9f, 0xf4, 0x0, 0x0, 0x4f, 0xf0, 0x0,

    /* U+2229 "∩" */
    0x0, 0x13, 0x20, 0x0, 0x8, 0xff, 0xfd, 0x20,
    0x5f, 0x61, 0x2c, 0xd0, 0xba, 0x0, 0x2, 0xf3,
    0xe7, 0x0, 0x0, 0xf6, 0xe6, 0x0, 0x0, 0xe6,
    0xf6, 0x0, 0x0, 0xe7, 0xf6, 0x0, 0x0, 0xe7,
    0xf6, 0x0, 0x0, 0xe7, 0xf6, 0x0, 0x0, 0xe7,

    /* U+222A "∪" */
    0x31, 0x0, 0x0, 0x31, 0xf6, 0x0, 0x0, 0xe7,
    0xf6, 0x0, 0x0, 0xe7, 0xf6, 0x0, 0x0, 0xe7,
    0xf6, 0x0, 0x0, 0xe7, 0xe6, 0x0, 0x0, 0xe6,
    0xd8, 0x0, 0x0, 0xf5, 0xac, 0x0, 0x4, 0xf2,
    0x3f, 0xa5, 0x7e, 0xb0, 0x4, 0xcf, 0xe9, 0x0,

    /* U+222B "∫" */
    0x0, 0x0, 0x0, 0x0, 0x0, 0x6f, 0xd0, 0x0,
    0xf, 0x6c, 0x60, 0x1, 0xf2, 0x0, 0x0, 0x2f,
    0x20, 0x0, 0x3, 0xf1, 0x0, 0x0, 0x4f, 0x0,
    0x0, 0x5, 0xf0, 0x0, 0x0, 0x5f, 0x0, 0x0,
    0x6, 0xe0, 0x0, 0x0, 0x7d, 0x0, 0x0, 0x8,
    0xc0, 0x0, 0x0, 0x9b, 0x0, 0x0, 0x9, 0xb0,
    0x0, 0xb4, 0xb9, 0x0, 0x8, 0xff, 0x30, 0x0,
    0x3, 0x10, 0x0, 0x0,

    /* U+222C "∬" */
    0x0, 0x0, 0x0, 0x0, 0x0, 0x0, 0x0, 0x6f,
    0xd0, 0x3e, 0xf3, 0x0, 0xf, 0x6c, 0x6b, 0xa8,
    0xb0, 0x1, 0xf2, 0x0, 0xd7, 0x0, 0x0, 0x2f,
    0x20, 0xe, 0x60, 0x0, 0x3, 0xf1, 0x0, 0xf5,
    0x0, 0x0, 0x4f, 0x0, 0xf, 0x50, 0x0, 0x5,
    0xf0, 0x0, 0xf4, 0x0, 0x0, 0x5f, 0x0, 0x1f,
    0x30, 0x0, 0x6, 0xe0, 0x2, 0xf2, 0x0, 0x0,
    0x7d, 0x0, 0x2f, 0x20, 0x0, 0x8, 0xc0, 0x3,
    0xf1, 0x0, 0x0, 0x9b, 0x0, 0x4f, 0x0, 0x0,
    0x9, 0xb0, 0x5, 0xf0, 0x0, 0xb4, 0xb9, 0x77,
    0x7d, 0x0, 0x8, 0xff, 0x33, 0xff, 0x70, 0x0,
    0x3, 0x10, 0x2, 0x30, 0x0, 0x0,

    /* U+222E "∮" */
    0x0, 0x0, 0x0, 0x0, 0x0, 0x0, 0xaf, 0xb0,
    0x0, 0x4, 0xf3, 0xe4, 0x0, 0x7, 0xf0, 0x0,
    0x0, 0x8, 0xe0, 0x0, 0x0, 0xa, 0xe0, 0x0,
    0x1, 0xdf, 0xfe, 0x20, 0x8, 0x8a, 0xa5, 0xc0,
    0xb, 0x4a, 0xa0, 0xf0, 0x9, 0x7b, 0x93, 0xe0,
    0x2, 0xee, 0xde, 0x40, 0x0, 0x1e, 0xa2, 0x0,
    0x0, 0xe, 0x60, 0x0, 0x0, 0xf, 0x50, 0x0,
    0xc, 0x3f, 0x40, 0x0, 0xa, 0xfd, 0x0, 0x0,
    0x0, 0x40, 0x0, 0x0,

    /* U+2234 "∴" */
    0x0, 0x0, 0xad, 0x0, 0x0, 0x0, 0x0, 0xbe,
    0x0, 0x0, 0x0, 0x0, 0x11, 0x0, 0x0, 0x0,
    0x0, 0x0, 0x0, 0x0, 0x0, 0x0, 0x0, 0x0,
    0x0, 0x0, 0x0, 0x0, 0x0, 0x0, 0xd, 0x70,
    0x0, 0x5, 0xd2, 0xf, 0x90, 0x0, 0x6, 0xf3,
    0x2, 0x10, 0x0, 0x1, 0x20,

    /* U+2235 "∵" */
    0xe, 0x80, 0x0, 0x6, 0xe3, 0xf, 0x90, 0x0,
    0x6, 0xf3, 0x1, 0x0, 0x0, 0x0, 0x10, 0x0,
    0x0, 0x0, 0x0, 0x0, 0x0, 0x0, 0x0, 0x0,
    0x0, 0x0, 0x0, 0x0, 0x0, 0x0, 0x0, 0x0,
    0x9b, 0x0, 0x0, 0x0, 0x0, 0xbe, 0x0, 0x0,
    0x0, 0x0, 0x22, 0x0, 0x0,

    /* U+223C "∼" */
    0x0, 0x2, 0x10, 0x0, 0x0, 0x10, 0x8f, 0xff,
    0xc7, 0x33, 0x9b, 0x4c, 0x42, 0x49, 0xef, 0xfb,
    0x21, 0x0, 0x0, 0x0, 0x11, 0x0,

    /* U+2245 "≅" */
    0x0, 0x14, 0x30, 0x0, 0x0, 0x20, 0x8f, 0xff,
    0xfa, 0x54, 0x9e, 0x1c, 0x30, 0x16, 0xcf, 0xfb,
    0x20, 0x0, 0x0, 0x0, 0x0, 0x0, 0x1e, 0xee,
    0xee, 0xee, 0xee, 0xd0, 0x66, 0x66, 0x66, 0x66,
    0x66, 0x0, 0x0, 0x0, 0x0, 0x0, 0x1, 0xff,
    0xff, 0xff, 0xff, 0xfe, 0x6, 0x66, 0x66, 0x66,
    0x66, 0x50,

    /* U+2248 "≈" */
    0x0, 0x0, 0x0, 0x0, 0x0, 0x0, 0x4b, 0xec,
    0x82, 0x0, 0x49, 0x4f, 0x96, 0x8e, 0xfe, 0xef,
    0x52, 0x10, 0x0, 0x3, 0x65, 0x10, 0x0, 0x7a,
    0x93, 0x0, 0x1, 0x72, 0xef, 0xdf, 0xfc, 0x88,
    0xea, 0x47, 0x0, 0x4, 0xad, 0xc7, 0x0, 0x0,
    0x0, 0x0, 0x0, 0x0,

    /* U+2260 "≠" */
    0x0, 0x0, 0x0, 0x0, 0x44, 0x0, 0x0, 0x0,
    0x0, 0x2e, 0x80, 0x4, 0x44, 0x44, 0x4d, 0xe4,
    0x31, 0xff, 0xff, 0xff, 0xff, 0xfe, 0x0, 0x0,
    0x8, 0xf3, 0x0, 0x0, 0x11, 0x15, 0xf6, 0x11,
    0x11, 0x1f, 0xff, 0xff, 0xff, 0xff, 0xe0, 0x45,
    0xfa, 0x44, 0x44, 0x43, 0x0, 0xcc, 0x0, 0x0,
    0x0, 0x0, 0x5, 0x10, 0x0, 0x0, 0x0,

    /* U+2261 "≡" */
    0x6, 0x66, 0x66, 0x66, 0x66, 0x51, 0xff, 0xff,
    0xff, 0xff, 0xfe, 0x0, 0x0, 0x0, 0x0, 0x0,
    0x1, 0xee, 0xee, 0xee, 0xee, 0xed, 0x6, 0x66,
    0x66, 0x66, 0x66, 0x60, 0x0, 0x0, 0x0, 0x0,
    0x0, 0x1f, 0xff, 0xff, 0xff, 0xff, 0xe0, 0x66,
    0x66, 0x66, 0x66, 0x65,

    /* U+2264 "≤" */
    0x0, 0x0, 0x0, 0x0, 0x0, 0x20, 0x0, 0x0,
    0x1, 0x59, 0xee, 0x0, 0x3, 0x7c, 0xff, 0xc7,
    0x20, 0x9e, 0xfe, 0x95, 0x10, 0x0, 0x1f, 0xfe,
    0x72, 0x0, 0x0, 0x0, 0x15, 0x9e, 0xfe, 0x95,
    0x0, 0x0, 0x0, 0x3, 0x7c, 0xff, 0xb0, 0x0,
    0x0, 0x0, 0x1, 0x59, 0x5, 0x55, 0x55, 0x55,
    0x55, 0x41, 0xff, 0xff, 0xff, 0xff, 0xfe,

    /* U+2265 "≥" */
    0x2, 0x0, 0x0, 0x0, 0x0, 0x1, 0xfd, 0x94,
    0x0, 0x0, 0x0, 0x3, 0x8c, 0xff, 0xb6, 0x20,
    0x0, 0x0, 0x1, 0x6a, 0xff, 0xd8, 0x0, 0x0,
    0x0, 0x38, 0xff, 0xe0, 0x1, 0x6a, 0xef, 0xd9,
    0x40, 0xc, 0xff, 0xb6, 0x20, 0x0, 0x1, 0x94,
    0x0, 0x0, 0x0, 0x0, 0x5, 0x55, 0x55, 0x55,
    0x55, 0x41, 0xff, 0xff, 0xff, 0xff, 0xfe,

    /* U+226A "≪" */
    0x0, 0x0, 0x0, 0x3, 0x50, 0x0, 0x3, 0x50,
    0x0, 0x0, 0x4b, 0xf8, 0x0, 0x4b, 0xf9, 0x0,
    0x4, 0xcf, 0xd6, 0x4, 0xcf, 0xd6, 0x0, 0x5c,
    0xfd, 0x50, 0x5c, 0xfd, 0x50, 0x0, 0xbf, 0xc5,
    0x0, 0xbf, 0xc5, 0x0, 0x0, 0xa, 0xfd, 0x50,
    0xa, 0xfd, 0x50, 0x0, 0x0, 0x3, 0xbf, 0xd6,
    0x3, 0xbf, 0xd6, 0x0, 0x0, 0x0, 0x3a, 0xfe,
    0x60, 0x3a, 0xfe, 0x60, 0x0, 0x0, 0x2, 0xaf,
    0x90, 0x2, 0xaf, 0x90, 0x0, 0x0, 0x0, 0x24,
    0x0, 0x0, 0x24,

    /* U+226B "≫" */
    0x71, 0x0, 0x0, 0x71, 0x0, 0x0, 0x0, 0xd,
    0xf9, 0x20, 0xc, 0xf9, 0x20, 0x0, 0x0, 0x18,
    0xff, 0xa2, 0x18, 0xef, 0xa2, 0x0, 0x0, 0x0,
    0x7e, 0xfa, 0x30, 0x7e, 0xfa, 0x30, 0x0, 0x0,
    0x7, 0xef, 0x70, 0x7, 0xef, 0x70, 0x0, 0x0,
    0x7e, 0xf6, 0x0, 0x7e, 0xf6, 0x0, 0x18, 0xff,
    0x91, 0x18, 0xef, 0x91, 0x1, 0x8f, 0xf8, 0x11,
    0x8f, 0xf8, 0x10, 0x0, 0xde, 0x81, 0x0, 0xdf,
    0x81, 0x0, 0x0, 0x5, 0x0, 0x0, 0x5, 0x0,
    0x0, 0x0, 0x0,

    /* U+2282 "⊂" */
    0x0, 0x7d, 0xff, 0xff, 0xff, 0xc0, 0x8e, 0x63,
    0x33, 0x33, 0x32, 0x2f, 0x30, 0x0, 0x0, 0x0,
    0x5, 0xd0, 0x0, 0x0, 0x0, 0x0, 0x5d, 0x0,
    0x0, 0x0, 0x0, 0x2, 0xf3, 0x0, 0x0, 0x0,
    0x0, 0x8, 0xe6, 0x33, 0x33, 0x33, 0x30, 0x6,
    0xde, 0xff, 0xff, 0xfc,

    /* U+2283 "⊃" */
    0x6f, 0xff, 0xff, 0xfe, 0xa1, 0x1, 0x33, 0x33,
    0x33, 0x4b, 0xe1, 0x0, 0x0, 0x0, 0x0, 0xc,
    0x80, 0x0, 0x0, 0x0, 0x0, 0x7c, 0x0, 0x0,
    0x0, 0x0, 0x7, 0xc0, 0x0, 0x0, 0x0, 0x0,
    0xc8, 0x13, 0x33, 0x33, 0x35, 0xbe, 0x16, 0xff,
    0xff, 0xff, 0xea, 0x10,

    /* U+2286 "⊆" */
    0x0, 0x7d, 0xff, 0xff, 0xff, 0xc0, 0x8e, 0x63,
    0x33, 0x33, 0x32, 0x2f, 0x30, 0x0, 0x0, 0x0,
    0x5, 0xd0, 0x0, 0x0, 0x0, 0x0, 0x5d, 0x0,
    0x0, 0x0, 0x0, 0x1, 0xf4, 0x0, 0x0, 0x0,
    0x0, 0x7, 0xf7, 0x44, 0x44, 0x44, 0x30, 0x5,
    0xcd, 0xee, 0xee, 0xeb, 0x2, 0x22, 0x22, 0x22,
    0x22, 0x20, 0xff, 0xff, 0xff, 0xff, 0xfd,

    /* U+2287 "⊇" */
    0x1f, 0xff, 0xff, 0xfe, 0xc4, 0x0, 0x3, 0x33,
    0x33, 0x34, 0x8f, 0x40, 0x0, 0x0, 0x0, 0x0,
    0x7, 0xd0, 0x0, 0x0, 0x0, 0x0, 0x1, 0xf1,
    0x0, 0x0, 0x0, 0x0, 0x2, 0xf1, 0x0, 0x0,
    0x0, 0x0, 0x8, 0xd0, 0x4, 0x44, 0x44, 0x45,
    0x9f, 0x40, 0x1e, 0xee, 0xee, 0xed, 0xb3, 0x0,
    0x2, 0x22, 0x22, 0x22, 0x22, 0x20, 0x1f, 0xff,
    0xff, 0xff, 0xff, 0xb0,

    /* U+2295 "⊕" */
    0x0, 0x0, 0x13, 0x30, 0x0, 0x0, 0x0, 0x2b,
    0xfe, 0xff, 0x80, 0x0, 0x2, 0xea, 0x27, 0x34,
    0xdb, 0x0, 0xc, 0xa0, 0xe, 0x60, 0x1e, 0x60,
    0x2f, 0x10, 0xe, 0x60, 0x6, 0xd0, 0x5c, 0x9e,
    0xef, 0xfe, 0xe6, 0xf0, 0x5d, 0x46, 0x6f, 0xa6,
    0x64, 0xf0, 0x2f, 0x10, 0xe, 0x60, 0x6, 0xd0,
    0xb, 0xa0, 0xe, 0x60, 0x1e, 0x60, 0x1, 0xeb,
    0x35, 0x35, 0xea, 0x0, 0x0, 0x1a, 0xff, 0xfe,
    0x70, 0x0, 0x0, 0x0, 0x13, 0x20, 0x0, 0x0,

    /* U+2297 "⊗" */
    0x0, 0x0, 0x13, 0x30, 0x0, 0x0, 0x0, 0x2b,
    0xfe, 0xff, 0x80, 0x0, 0x2, 0xea, 0x20, 0x4,
    0xdb, 0x0, 0xc, 0xa8, 0x50, 0x9, 0x5e, 0x60,
    0x2f, 0x19, 0xf5, 0x9f, 0x46, 0xd0, 0x5c, 0x0,
    0x9f, 0xf4, 0x2, 0xf0, 0x5d, 0x0, 0x9f, 0xf5,
    0x2, 0xf0, 0x2f, 0x19, 0xf4, 0x9f, 0x56, 0xd0,
    0xb, 0xa8, 0x40, 0x8, 0x5e, 0x60, 0x1, 0xeb,
    0x30, 0x5, 0xea, 0x0, 0x0, 0x1a, 0xff, 0xfe,
    0x70, 0x0, 0x0, 0x0, 0x13, 0x20, 0x0, 0x0,

    /* U+22A5 "⊥" */
    0x0, 0x0, 0x2, 0x0, 0x0, 0x0, 0x0, 0x0,
    0xb, 0x40, 0x0, 0x0, 0x0, 0x0, 0xb, 0x40,
    0x0, 0x0, 0x0, 0x0, 0xb, 0x40, 0x0, 0x0,
    0x0, 0x0, 0xb, 0x40, 0x0, 0x0, 0x0, 0x0,
    0xb, 0x40, 0x0, 0x0, 0x0, 0x0, 0xb, 0x40,
    0x0, 0x0, 0x0, 0x0, 0xb, 0x40, 0x0, 0x0,
    0x0, 0x0, 0xb, 0x40, 0x0, 0x0, 0x0, 0x0,
    0xb, 0x40, 0x0, 0x0, 0x0, 0x0, 0xb, 0x40,
    0x0, 0x0, 0xdf, 0xff, 0xff, 0xff, 0xff, 0xf5,

    /* U+22C5 "⋅" */
    0xc, 0x61, 0xf9, 0x3, 0x10,

    /* U+22EF "⋯" */
    0x1f, 0x80, 0x0, 0xbe, 0x0, 0x6, 0xf4, 0x1f,
    0x90, 0x0, 0xbe, 0x0, 0x6, 0xf4, 0x0, 0x0,
    0x0, 0x0, 0x0, 0x0, 0x0,

    /* U+2308 "⌈" */
    0x12, 0x21, 0x8f, 0xfc, 0x8e, 0x0, 0x8e, 0x0,
    0x8e, 0x0, 0x8e, 0x0, 0x8e, 0x0, 0x8e, 0x0,
    0x8e, 0x0, 0x8e, 0x0, 0x8e, 0x0, 0x8e, 0x0,
    0x8e, 0x0, 0x8e, 0x0, 0x8e, 0x0, 0x1, 0x0,

    /* U+2309 "⌉" */
    0x2, 0x22, 0x5f, 0xfe, 0x0, 0x8e, 0x0, 0x8e,
    0x0, 0x8e, 0x0, 0x8e, 0x0, 0x8e, 0x0, 0x8e,
    0x0, 0x8e, 0x0, 0x8e, 0x0, 0x8e, 0x0, 0x8e,
    0x0, 0x8e, 0x0, 0x8e, 0x0, 0x8e, 0x0, 0x1,

    /* U+230A "⌊" */
    0x12, 0x0, 0x8e, 0x0, 0x8e, 0x0, 0x8e, 0x0,
    0x8e, 0x0, 0x8e, 0x0, 0x8e, 0x0, 0x8e, 0x0,
    0x8e, 0x0, 0x8e, 0x0, 0x8e, 0x0, 0x8e, 0x0,
    0x8e, 0x0, 0x8e, 0x0, 0x8f, 0xfc, 0x1, 0x11,

    /* U+230B "⌋" */
    0x0, 0x12, 0x0, 0x8e, 0x0, 0x8e, 0x0, 0x8e,
    0x0, 0x8e, 0x0, 0x8e, 0x0, 0x8e, 0x0, 0x8e,
    0x0, 0x8e, 0x0, 0x8e, 0x0, 0x8e, 0x0, 0x8e,
    0x0, 0x8e, 0x0, 0x8e, 0x6f, 0xfe, 0x1, 0x11,

    /* U+2713 "✓" */
    0x0, 0x0, 0x0, 0x2, 0x20, 0x0, 0x0, 0x6,
    0xf4, 0x0, 0x0, 0x4, 0xf8, 0x0, 0x0, 0x1,
    0xeb, 0x0, 0x0, 0x0, 0xbd, 0x10, 0x0, 0x20,
    0x6f, 0x30, 0x0, 0x7f, 0x3e, 0x80, 0x0, 0x5,
    0xff, 0xd0, 0x0, 0x0, 0xf, 0xf2, 0x0, 0x0,
    0x0, 0x22, 0x0, 0x0, 0x0,

    /* U+2717 "✗" */
    0x0, 0x0, 0x10, 0x0, 0x58, 0x10, 0x0, 0xaf,
    0x0, 0x5f, 0xc0, 0x0, 0x7, 0xf6, 0x4f, 0xd1,
    0x0, 0x0, 0x1f, 0xee, 0xf2, 0x0, 0x0, 0x0,
    0xbf, 0xf5, 0x0, 0x0, 0x0, 0xa, 0xff, 0x10,
    0x0, 0x0, 0x6, 0xff, 0xf8, 0x0, 0x0, 0x3,
    0xff, 0x6f, 0xf1, 0x0, 0x0, 0xdf, 0x70, 0x8f,
    0x90, 0x0, 0x9f, 0xc0, 0x0, 0xc4, 0x0, 0xf,
    0xf3, 0x0, 0x0, 0x0, 0x0, 0xe8, 0x0, 0x0,
    0x0, 0x0, 0x1, 0x0, 0x0, 0x0, 0x0, 0x0,

    /* U+2C7C "ⱼ" */
    0x0, 0xd0, 0x0, 0x0, 0xd0, 0xd, 0x0, 0xd0,
    0xd, 0x0, 0xd0, 0x1d, 0x2c, 0x60,

    /* U+F001 "" */
    0x0, 0x0, 0x0, 0x0, 0x0, 0x0, 0x0, 0x0,
    0x0, 0x0, 0x0, 0x0, 0x0, 0x0, 0x49, 0xdc,
    0x0, 0x0, 0x0, 0x0, 0x16, 0xbf, 0xff, 0xff,
    0x0, 0x0, 0x3, 0x8d, 0xff, 0xff, 0xff, 0xff,
    0x0, 0x0, 0xcf, 0xff, 0xff, 0xff, 0xff, 0xff,
    0x0, 0x0, 0xff, 0xff, 0xff, 0xff, 0xc7, 0xff,
    0x0, 0x0, 0xff, 0xff, 0xfa, 0x51, 0x0, 0xff,
    0x0, 0x0, 0xff, 0x84, 0x0, 0x0, 0x0, 0xff,
    0x0, 0x0, 0xff, 0x0, 0x0, 0x0, 0x0, 0xff,
    0x0, 0x0, 0xff, 0x0, 0x0, 0x0, 0x0, 0xff,
    0x0, 0x0, 0xff, 0x0, 0x0, 0x0, 0x0, 0xff,
    0x0, 0x0, 0xff, 0x0, 0x0, 0x2b, 0xee, 0xff,
    0x0, 0x0, 0xff, 0x0, 0x0, 0xdf, 0xff, 0xff,
    0x2b, 0xee, 0xff, 0x0, 0x0, 0xdf, 0xff, 0xfd,
    0xdf, 0xff, 0xff, 0x0, 0x0, 0x2b, 0xff, 0xb2,
    0xdf, 0xff, 0xfd, 0x0, 0x0, 0x0, 0x0, 0x0,
    0x2b, 0xff, 0xb2, 0x0, 0x0, 0x0, 0x0, 0x0,

    /* U+F008 "" */
    0xd0, 0xf, 0xff, 0xff, 0xff, 0xff, 0xf0, 0xd,
    0xff, 0xff, 0xc8, 0x88, 0x88, 0x8c, 0xff, 0xff,
    0xf0, 0xf, 0x80, 0x0, 0x0, 0x8, 0xf0, 0xf,
    0xf0, 0xf, 0x80, 0x0, 0x0, 0x8, 0xf0, 0xf,
    0xff, 0xff, 0x80, 0x0, 0x0, 0x8, 0xff, 0xff,
    0xf0, 0xf, 0xec, 0xcc, 0xcc, 0xce, 0xf0, 0xf,
    0xf0, 0xf, 0xec, 0xcc, 0xcc, 0xce, 0xf0, 0xf,
    0xff, 0xff, 0x80, 0x0, 0x0, 0x8, 0xff, 0xff,
    0xf0, 0xf, 0x80, 0x0, 0x0, 0x8, 0xf0, 0xf,
    0xf0, 0xf, 0x80, 0x0, 0x0, 0x8, 0xf0, 0xf,
    0xff, 0xff, 0xc8, 0x88, 0x88, 0x8c, 0xff, 0xff,
    0xd0, 0xf, 0xff, 0xff, 0xff, 0xff, 0xf0, 0xd,

    /* U+F00B "" */
    0xdf, 0xff, 0x73, 0xff, 0xff, 0xff, 0xff, 0xfd,
    0xff, 0xff, 0xa5, 0xff, 0xff, 0xff, 0xff, 0xff,
    0xff, 0xff, 0xa5, 0xff, 0xff, 0xff, 0xff, 0xff,
    0xdf, 0xff, 0x73, 0xff, 0xff, 0xff, 0xff, 0xfd,
    0x0, 0x0, 0x0, 0x0, 0x0, 0x0, 0x0, 0x0,
    0xdf, 0xff, 0x73, 0xff, 0xff, 0xff, 0xff, 0xfd,
    0xff, 0xff, 0xa5, 0xff, 0xff, 0xff, 0xff, 0xff,
    0xff, 0xff, 0xa5, 0xff, 0xff, 0xff, 0xff, 0xff,
    0xdf, 0xff, 0x73, 0xff, 0xff, 0xff, 0xff, 0xfd,
    0x0, 0x0, 0x0, 0x0, 0x0, 0x0, 0x0, 0x0,
    0xdf, 0xff, 0x73, 0xff, 0xff, 0xff, 0xff, 0xfd,
    0xff, 0xff, 0xa5, 0xff, 0xff, 0xff, 0xff, 0xff,
    0xff, 0xff, 0xa5, 0xff, 0xff, 0xff, 0xff, 0xff,
    0xdf, 0xff, 0x73, 0xff, 0xff, 0xff, 0xff, 0xfd,

    /* U+F00C "" */
    0x0, 0x0, 0x0, 0x0, 0x0, 0x0, 0xa, 0xb1,
    0x0, 0x0, 0x0, 0x0, 0x0, 0x0, 0xbf, 0xfc,
    0x0, 0x0, 0x0, 0x0, 0x0, 0xb, 0xff, 0xfb,
    0x0, 0x0, 0x0, 0x0, 0x0, 0xbf, 0xff, 0xc0,
    0x1b, 0xa0, 0x0, 0x0, 0xb, 0xff, 0xfc, 0x0,
    0xcf, 0xfb, 0x0, 0x0, 0xbf, 0xff, 0xc0, 0x0,
    0xbf, 0xff, 0xb0, 0xb, 0xff, 0xfc, 0x0, 0x0,
    0xc, 0xff, 0xfb, 0xbf, 0xff, 0xc0, 0x0, 0x0,
    0x0, 0xcf, 0xff, 0xff, 0xfb, 0x0, 0x0, 0x0,
    0x0, 0xc, 0xff, 0xff, 0xb0, 0x0, 0x0, 0x0,
    0x0, 0x0, 0xbf, 0xfb, 0x0, 0x0, 0x0, 0x0,
    0x0, 0x0, 0xb, 0xb0, 0x0, 0x0, 0x0, 0x0,

    /* U+F00D "" */
    0x3, 0x0, 0x0, 0x0, 0x3, 0x8, 0xfc, 0x10,
    0x0, 0x1c, 0xf8, 0xff, 0xfc, 0x10, 0x1c, 0xff,
    0xf5, 0xff, 0xfc, 0x2c, 0xff, 0xf5, 0x5, 0xff,
    0xff, 0xff, 0xf5, 0x0, 0x5, 0xff, 0xff, 0xf5,
    0x0, 0x0, 0x1d, 0xff, 0xfd, 0x10, 0x0, 0x1c,
    0xff, 0xff, 0xfc, 0x10, 0x1c, 0xff, 0xf9, 0xff,
    0xfc, 0x1c, 0xff, 0xf5, 0x5, 0xff, 0xfc, 0xdf,
    0xf5, 0x0, 0x5, 0xff, 0xd1, 0xa4, 0x0, 0x0,
    0x4, 0xa1,

    /* U+F011 "" */
    0x0, 0x0, 0x0, 0x4f, 0xe0, 0x0, 0x0, 0x0,
    0x0, 0x2, 0x10, 0x6f, 0xf1, 0x3, 0x10, 0x0,
    0x0, 0x5f, 0xd0, 0x6f, 0xf1, 0x3f, 0xd1, 0x0,
    0x3, 0xff, 0xf1, 0x6f, 0xf1, 0x5f, 0xfd, 0x0,
    0xd, 0xff, 0x40, 0x6f, 0xf1, 0x9, 0xff, 0x70,
    0x4f, 0xf7, 0x0, 0x6f, 0xf1, 0x0, 0xcf, 0xe0,
    0x9f, 0xf0, 0x0, 0x6f, 0xf1, 0x0, 0x5f, 0xf3,
    0xbf, 0xc0, 0x0, 0x6f, 0xf1, 0x0, 0x2f, 0xf5,
    0xbf, 0xc0, 0x0, 0x4f, 0xe0, 0x0, 0x1f, 0xf6,
    0xaf, 0xe0, 0x0, 0x0, 0x0, 0x0, 0x4f, 0xf4,
    0x6f, 0xf4, 0x0, 0x0, 0x0, 0x0, 0xaf, 0xf0,
    0xf, 0xfe, 0x10, 0x0, 0x0, 0x5, 0xff, 0xa0,
    0x6, 0xff, 0xd3, 0x0, 0x0, 0x7f, 0xff, 0x20,
    0x0, 0x9f, 0xff, 0xda, 0xbe, 0xff, 0xf4, 0x0,
    0x0, 0x6, 0xff, 0xff, 0xff, 0xfd, 0x30, 0x0,
    0x0, 0x0, 0x17, 0xbd, 0xca, 0x50, 0x0, 0x0,

    /* U+F013 "" */
    0x0, 0x0, 0x0, 0x8b, 0xb8, 0x0, 0x0, 0x0,
    0x0, 0x0, 0x0, 0xff, 0xff, 0x0, 0x0, 0x0,
    0x0, 0x30, 0x6, 0xff, 0xff, 0x60, 0x3, 0x0,
    0x4, 0xfd, 0xdf, 0xff, 0xff, 0xfd, 0xef, 0x40,
    0xd, 0xff, 0xff, 0xff, 0xff, 0xff, 0xff, 0xd0,
    0x4f, 0xff, 0xff, 0xf9, 0x9f, 0xff, 0xff, 0xf4,
    0x8, 0xff, 0xff, 0x20, 0x2, 0xff, 0xff, 0x80,
    0x0, 0xff, 0xf9, 0x0, 0x0, 0x9f, 0xff, 0x0,
    0x0, 0xff, 0xf9, 0x0, 0x0, 0x9f, 0xff, 0x0,
    0x8, 0xff, 0xff, 0x20, 0x2, 0xff, 0xff, 0x80,
    0x4f, 0xff, 0xff, 0xf9, 0x9f, 0xff, 0xff, 0xf4,
    0xd, 0xff, 0xff, 0xff, 0xff, 0xff, 0xff, 0xd0,
    0x4, 0xfe, 0xdf, 0xff, 0xff, 0xfd, 0xdf, 0x40,
    0x0, 0x30, 0x6, 0xff, 0xff, 0x60, 0x3, 0x0,
    0x0, 0x0, 0x0, 0xff, 0xff, 0x0, 0x0, 0x0,
    0x0, 0x0, 0x0, 0x8b, 0xb8, 0x0, 0x0, 0x0,

    /* U+F015 "" */
    0x0, 0x0, 0x0, 0x3, 0xdd, 0x30, 0x3f, 0xf3,
    0x0, 0x0, 0x0, 0x0, 0x6f, 0xff, 0xf5, 0x4f,
    0xf4, 0x0, 0x0, 0x0, 0x9, 0xff, 0x99, 0xff,
    0xbf, 0xf4, 0x0, 0x0, 0x1, 0xbf, 0xf6, 0x22,
    0x6f, 0xff, 0xf4, 0x0, 0x0, 0x2d, 0xfe, 0x35,
    0xff, 0x53, 0xef, 0xf4, 0x0, 0x4, 0xff, 0xc1,
    0x8f, 0xff, 0xf8, 0x1c, 0xfe, 0x40, 0x7f, 0xfa,
    0x1a, 0xff, 0xff, 0xff, 0xa1, 0xaf, 0xf7, 0xcf,
    0x82, 0xdf, 0xff, 0xff, 0xff, 0xfd, 0x28, 0xfc,
    0x14, 0xe, 0xff, 0xff, 0xff, 0xff, 0xff, 0xe0,
    0x41, 0x0, 0xf, 0xff, 0xff, 0xff, 0xff, 0xff,
    0xf0, 0x0, 0x0, 0xf, 0xff, 0xf9, 0x0, 0x8f,
    0xff, 0xf0, 0x0, 0x0, 0xf, 0xff, 0xf8, 0x0,
    0x8f, 0xff, 0xf0, 0x0, 0x0, 0xf, 0xff, 0xf8,
    0x0, 0x8f, 0xff, 0xf0, 0x0, 0x0, 0xe, 0xff,
    0xf6, 0x0, 0x6f, 0xff, 0xe0, 0x0,

    /* U+F019 "" */
    0x0, 0x0, 0x0, 0xdf, 0xfd, 0x0, 0x0, 0x0,
    0x0, 0x0, 0x0, 0xff, 0xff, 0x0, 0x0, 0x0,
    0x0, 0x0, 0x0, 0xff, 0xff, 0x0, 0x0, 0x0,
    0x0, 0x0, 0x0, 0xff, 0xff, 0x0, 0x0, 0x0,
    0x0, 0x0, 0x0, 0xff, 0xff, 0x0, 0x0, 0x0,
    0x0, 0x0, 0x0, 0xff, 0xff, 0x0, 0x0, 0x0,
    0x0, 0x4f, 0xff, 0xff, 0xff, 0xff, 0xf4, 0x0,
    0x0, 0xb, 0xff, 0xff, 0xff, 0xff, 0xb0, 0x0,
    0x0, 0x0, 0xbf, 0xff, 0xff, 0xfb, 0x0, 0x0,
    0x0, 0x0, 0xb, 0xff, 0xff, 0xb0, 0x0, 0x0,
    0x0, 0x0, 0x0, 0xbf, 0xfb, 0x0, 0x0, 0x0,
    0xdf, 0xff, 0xfc, 0x1b, 0xb1, 0xcf, 0xff, 0xfd,
    0xff, 0xff, 0xff, 0xc2, 0x2c, 0xff, 0xff, 0xff,
    0xff, 0xff, 0xff, 0xff, 0xff, 0xff, 0xff, 0xff,
    0xff, 0xff, 0xff, 0xff, 0xff, 0xf0, 0xe0, 0xff,
    0xdf, 0xff, 0xff, 0xff, 0xff, 0xff, 0xff, 0xfd,

    /* U+F01C "" */
    0x0, 0x4, 0xef, 0xff, 0xff, 0xff, 0xfe, 0x40,
    0x0, 0x0, 0x1e, 0xff, 0xff, 0xff, 0xff, 0xff,
    0xe1, 0x0, 0x0, 0xaf, 0xb0, 0x0, 0x0, 0x0,
    0xb, 0xfa, 0x0, 0x5, 0xff, 0x10, 0x0, 0x0,
    0x0, 0x1, 0xff, 0x50, 0x1e, 0xf6, 0x0, 0x0,
    0x0, 0x0, 0x0, 0x6f, 0xe1, 0xaf, 0xb0, 0x0,
    0x0, 0x0, 0x0, 0x0, 0xb, 0xfa, 0xff, 0xff,
    0xff, 0x70, 0x0, 0x8, 0xff, 0xff, 0xff, 0xff,
    0xff, 0xff, 0xe0, 0x0, 0xf, 0xff, 0xff, 0xff,
    0xff, 0xff, 0xff, 0xff, 0xff, 0xff, 0xff, 0xff,
    0xff, 0xff, 0xff, 0xff, 0xff, 0xff, 0xff, 0xff,
    0xff, 0xff, 0xff, 0xff, 0xff, 0xff, 0xff, 0xff,
    0xff, 0xff, 0xff, 0x8f, 0xff, 0xff, 0xff, 0xff,
    0xff, 0xff, 0xff, 0xf8,

    /* U+F021 "" */
    0x0, 0x0, 0x6, 0xbd, 0xda, 0x50, 0x2, 0xff,
    0x0, 0x5, 0xef, 0xff, 0xff, 0xfe, 0x42, 0xff,
    0x0, 0x7f, 0xff, 0xa7, 0x7b, 0xff, 0xf9, 0xff,
    0x5, 0xff, 0xc1, 0x0, 0x0, 0x2c, 0xff, 0xff,
    0xe, 0xfc, 0x0, 0x0, 0x2, 0x22, 0xdf, 0xff,
    0x5f, 0xf2, 0x0, 0x0, 0xf, 0xff, 0xff, 0xff,
    0x8f, 0xb0, 0x0, 0x0, 0xf, 0xff, 0xff, 0xff,
    0x0, 0x0, 0x0, 0x0, 0x0, 0x0, 0x0, 0x0,
    0x0, 0x0, 0x0, 0x0, 0x0, 0x0, 0x0, 0x0,
    0xff, 0xff, 0xff, 0xf0, 0x0, 0x0, 0xb, 0xf8,
    0xff, 0xff, 0xff, 0xf0, 0x0, 0x0, 0x2f, 0xf4,
    0xff, 0xfd, 0x22, 0x20, 0x0, 0x0, 0xcf, 0xe0,
    0xff, 0xff, 0xc2, 0x0, 0x0, 0x2c, 0xff, 0x40,
    0xff, 0x9f, 0xff, 0xb7, 0x6a, 0xff, 0xf7, 0x0,
    0xff, 0x24, 0xdf, 0xff, 0xff, 0xfe, 0x50, 0x0,
    0xff, 0x20, 0x5, 0xac, 0xdb, 0x60, 0x0, 0x0,

    /* U+F026 "" */
    0x0, 0x0, 0x0, 0x0, 0x0, 0x0, 0x0, 0x8d,
    0x0, 0x0, 0x8, 0xff, 0x0, 0x0, 0x8f, 0xff,
    0xdf, 0xff, 0xff, 0xff, 0xff, 0xff, 0xff, 0xff,
    0xff, 0xff, 0xff, 0xff, 0xff, 0xff, 0xff, 0xff,
    0xff, 0xff, 0xff, 0xff, 0xdf, 0xff, 0xff, 0xff,
    0x0, 0x0, 0x9f, 0xff, 0x0, 0x0, 0x9, 0xff,
    0x0, 0x0, 0x0, 0x8d, 0x0, 0x0, 0x0, 0x0,

    /* U+F027 "" */
    0x0, 0x0, 0x0, 0x0, 0x0, 0x0, 0x0, 0x0,
    0x0, 0x8d, 0x0, 0x0, 0x0, 0x0, 0x8, 0xff,
    0x0, 0x0, 0x0, 0x0, 0x8f, 0xff, 0x0, 0x0,
    0xcf, 0xff, 0xff, 0xff, 0x1, 0x50, 0xff, 0xff,
    0xff, 0xff, 0x6, 0xf7, 0xff, 0xff, 0xff, 0xff,
    0x0, 0xbe, 0xff, 0xff, 0xff, 0xff, 0x0, 0xae,
    0xff, 0xff, 0xff, 0xff, 0x5, 0xf8, 0xdf, 0xff,
    0xff, 0xff, 0x2, 0x60, 0x0, 0x0, 0x9f, 0xff,
    0x0, 0x0, 0x0, 0x0, 0x9, 0xff, 0x0, 0x0,
    0x0, 0x0, 0x0, 0x9e, 0x0, 0x0, 0x0, 0x0,
    0x0, 0x0, 0x0, 0x0,

    /* U+F028 "" */
    0x0, 0x0, 0x0, 0x0, 0x0, 0x0, 0x6, 0x10,
    0x0, 0x0, 0x0, 0x0, 0x0, 0x0, 0x0, 0x1f,
    0xd2, 0x0, 0x0, 0x0, 0x0, 0x8d, 0x0, 0x0,
    0x3, 0xee, 0x10, 0x0, 0x0, 0x8, 0xff, 0x0,
    0xa, 0xb1, 0x2f, 0xb0, 0x0, 0x0, 0x8f, 0xff,
    0x0, 0x5, 0xfc, 0x7, 0xf4, 0xdf, 0xff, 0xff,
    0xff, 0x2, 0x50, 0x5f, 0x60, 0xf9, 0xff, 0xff,
    0xff, 0xff, 0x6, 0xf7, 0xd, 0xc0, 0xbd, 0xff,
    0xff, 0xff, 0xff, 0x0, 0xae, 0x9, 0xf0, 0x9f,
    0xff, 0xff, 0xff, 0xff, 0x0, 0xae, 0x9, 0xe0,
    0x8f, 0xff, 0xff, 0xff, 0xff, 0x6, 0xf7, 0xd,
    0xc0, 0xad, 0xdf, 0xff, 0xff, 0xff, 0x2, 0x50,
    0x5f, 0x60, 0xe9, 0x0, 0x0, 0x9f, 0xff, 0x0,
    0x5, 0xfc, 0x6, 0xf4, 0x0, 0x0, 0x9, 0xff,
    0x0, 0xa, 0xb1, 0x2f, 0xb0, 0x0, 0x0, 0x0,
    0x8d, 0x0, 0x0, 0x2, 0xee, 0x10, 0x0, 0x0,
    0x0, 0x0, 0x0, 0x0, 0x1f, 0xd2, 0x0, 0x0,
    0x0, 0x0, 0x0, 0x0, 0x0, 0x6, 0x10, 0x0,

    /* U+F03E "" */
    0x8f, 0xff, 0xff, 0xff, 0xff, 0xff, 0xff, 0xf8,
    0xff, 0xfc, 0xff, 0xff, 0xff, 0xff, 0xff, 0xff,
    0xff, 0x20, 0x2f, 0xff, 0xff, 0xff, 0xff, 0xff,
    0xfc, 0x0, 0xc, 0xff, 0xff, 0xee, 0xff, 0xff,
    0xff, 0x20, 0x2f, 0xff, 0xfe, 0x12, 0xef, 0xff,
    0xff, 0xfc, 0xff, 0xff, 0xe1, 0x0, 0x2e, 0xff,
    0xff, 0xfe, 0x4e, 0xfe, 0x10, 0x0, 0x2, 0xff,
    0xff, 0xe1, 0x2, 0xc1, 0x0, 0x0, 0x0, 0xff,
    0xff, 0x10, 0x0, 0x0, 0x0, 0x0, 0x0, 0xff,
    0xff, 0x0, 0x0, 0x0, 0x0, 0x0, 0x0, 0xff,
    0xff, 0xff, 0xff, 0xff, 0xff, 0xff, 0xff, 0xff,
    0x8f, 0xff, 0xff, 0xff, 0xff, 0xff, 0xff, 0xf8,

    /* U+F043 "" */
    0x0, 0x0, 0x4e, 0x40, 0x0, 0x0, 0x0, 0xb,
    0xfb, 0x0, 0x0, 0x0, 0x1, 0xff, 0xf1, 0x0,
    0x0, 0x0, 0x9f, 0xff, 0x90, 0x0, 0x0, 0x2f,
    0xff, 0xff, 0x30, 0x0, 0xc, 0xff, 0xff, 0xfc,
    0x0, 0x7, 0xff, 0xff, 0xff, 0xf8, 0x2, 0xff,
    0xff, 0xff, 0xff, 0xf2, 0x9f, 0xff, 0xff, 0xff,
    0xff, 0x9e, 0xff, 0xff, 0xff, 0xff, 0xfe, 0xff,
    0x2f, 0xff, 0xff, 0xff, 0xfe, 0xf2, 0xbf, 0xff,
    0xff, 0xfe, 0x9f, 0xa1, 0xbf, 0xff, 0xff, 0x92,
    0xff, 0xa2, 0x2f, 0xff, 0xf2, 0x4, 0xff, 0xff,
    0xff, 0xf4, 0x0, 0x2, 0x9e, 0xfe, 0x92, 0x0,

    /* U+F048 "" */
    0x0, 0x0, 0x0, 0x0, 0x0, 0xff, 0x30, 0x0,
    0x1, 0xcc, 0xff, 0x40, 0x0, 0x2d, 0xff, 0xff,
    0x40, 0x3, 0xef, 0xff, 0xff, 0x40, 0x3f, 0xff,
    0xff, 0xff, 0x44, 0xff, 0xff, 0xff, 0xff, 0x9f,
    0xff, 0xff, 0xff, 0xff, 0xff, 0xff, 0xff, 0xff,
    0xff, 0xff, 0xff, 0xff, 0xff, 0xff, 0xaf, 0xff,
    0xff, 0xff, 0xff, 0x45, 0xff, 0xff, 0xff, 0xff,
    0x40, 0x4f, 0xff, 0xff, 0xff, 0x40, 0x3, 0xef,
    0xff, 0xff, 0x40, 0x0, 0x2d, 0xff, 0xff, 0x30,
    0x0, 0x1, 0xcc, 0x0, 0x0, 0x0, 0x0, 0x0,

    /* U+F04B "" */
    0x0, 0x0, 0x0, 0x0, 0x0, 0x0, 0x0, 0x8f,
    0x91, 0x0, 0x0, 0x0, 0x0, 0x0, 0xff, 0xff,
    0x70, 0x0, 0x0, 0x0, 0x0, 0xff, 0xff, 0xfd,
    0x40, 0x0, 0x0, 0x0, 0xff, 0xff, 0xff, 0xfa,
    0x10, 0x0, 0x0, 0xff, 0xff, 0xff, 0xff, 0xf7,
    0x0, 0x0, 0xff, 0xff, 0xff, 0xff, 0xff, 0xd5,
    0x0, 0xff, 0xff, 0xff, 0xff, 0xff, 0xff, 0xb2,
    0xff, 0xff, 0xff, 0xff, 0xff, 0xff, 0xfd, 0xff,
    0xff, 0xff, 0xff, 0xff, 0xff, 0xfd, 0xff, 0xff,
    0xff, 0xff, 0xff, 0xff, 0xb2, 0xff, 0xff, 0xff,
    0xff, 0xff, 0xd5, 0x0, 0xff, 0xff, 0xff, 0xff,
    0xf7, 0x0, 0x0, 0xff, 0xff, 0xff, 0xfa, 0x20,
    0x0, 0x0, 0xff, 0xff, 0xfd, 0x40, 0x0, 0x0,
    0x0, 0xff, 0xff, 0x70, 0x0, 0x0, 0x0, 0x0,
    0x8e, 0xa1, 0x0, 0x0, 0x0, 0x0, 0x0, 0x0,
    0x0, 0x0, 0x0, 0x0, 0x0, 0x0,

    /* U+F04C "" */
    0x0, 0x0, 0x0, 0x0, 0x0, 0x0, 0x0, 0x8f,
    0xff, 0xf8, 0x0, 0x8f, 0xff, 0xf8, 0xff, 0xff,
    0xff, 0x0, 0xff, 0xff, 0xff, 0xff, 0xff, 0xff,
    0x0, 0xff, 0xff, 0xff, 0xff, 0xff, 0xff, 0x0,
    0xff, 0xff, 0xff, 0xff, 0xff, 0xff, 0x0, 0xff,
    0xff, 0xff, 0xff, 0xff, 0xff, 0x0, 0xff, 0xff,
    0xff, 0xff, 0xff, 0xff, 0x0, 0xff, 0xff, 0xff,
    0xff, 0xff, 0xff, 0x0, 0xff, 0xff, 0xff, 0xff,
    0xff, 0xff, 0x0, 0xff, 0xff, 0xff, 0xff, 0xff,
    0xff, 0x0, 0xff, 0xff, 0xff, 0xff, 0xff, 0xff,
    0x0, 0xff, 0xff, 0xff, 0xff, 0xff, 0xff, 0x0,
    0xff, 0xff, 0xff, 0xff, 0xff, 0xff, 0x0, 0xff,
    0xff, 0xff, 0x7f, 0xff, 0xf7, 0x0, 0x7f, 0xff,
    0xf7,

    /* U+F04D "" */
    0x8f, 0xff, 0xff, 0xff, 0xff, 0xff, 0xf8, 0xff,
    0xff, 0xff, 0xff, 0xff, 0xff, 0xff, 0xff, 0xff,
    0xff, 0xff, 0xff, 0xff, 0xff, 0xff, 0xff, 0xff,
    0xff, 0xff, 0xff, 0xff, 0xff, 0xff, 0xff, 0xff,
    0xff, 0xff, 0xff, 0xff, 0xff, 0xff, 0xff, 0xff,
    0xff, 0xff, 0xff, 0xff, 0xff, 0xff, 0xff, 0xff,
    0xff, 0xff, 0xff, 0xff, 0xff, 0xff, 0xff, 0xff,
    0xff, 0xff, 0xff, 0xff, 0xff, 0xff, 0xff, 0xff,
    0xff, 0xff, 0xff, 0xff, 0xff, 0xff, 0xff, 0xff,
    0xff, 0xff, 0xff, 0xff, 0xff, 0xff, 0xff, 0xff,
    0xff, 0xff, 0xff, 0xff, 0xff, 0xff, 0xff, 0xff,
    0xff, 0xff, 0xff, 0x8f, 0xff, 0xff, 0xff, 0xff,
    0xff, 0xf8,

    /* U+F051 "" */
    0x0, 0x0, 0x0, 0x0, 0x0, 0xcc, 0x10, 0x0,
    0x3, 0xff, 0xff, 0xd2, 0x0, 0x4, 0xff, 0xff,
    0xfe, 0x30, 0x4, 0xff, 0xff, 0xff, 0xf4, 0x4,
    0xff, 0xff, 0xff, 0xff, 0x54, 0xff, 0xff, 0xff,
    0xff, 0xfa, 0xff, 0xff, 0xff, 0xff, 0xff, 0xff,
    0xff, 0xff, 0xff, 0xff, 0xff, 0xff, 0xff, 0xff,
    0xf9, 0xff, 0xff, 0xff, 0xff, 0x44, 0xff, 0xff,
    0xff, 0xf3, 0x4, 0xff, 0xff, 0xfe, 0x30, 0x4,
    0xff, 0xff, 0xd2, 0x0, 0x4, 0xff, 0xcc, 0x10,
    0x0, 0x3, 0xff, 0x0, 0x0, 0x0, 0x0, 0x0,

    /* U+F052 "" */
    0x0, 0x0, 0x0, 0x2d, 0xd2, 0x0, 0x0, 0x0,
    0x0, 0x0, 0x1, 0xef, 0xfe, 0x10, 0x0, 0x0,
    0x0, 0x0, 0x1d, 0xff, 0xff, 0xd1, 0x0, 0x0,
    0x0, 0x0, 0xcf, 0xff, 0xff, 0xfc, 0x0, 0x0,
    0x0, 0xb, 0xff, 0xff, 0xff, 0xff, 0xb0, 0x0,
    0x0, 0xaf, 0xff, 0xff, 0xff, 0xff, 0xfa, 0x0,
    0x9, 0xff, 0xff, 0xff, 0xff, 0xff, 0xff, 0x90,
    0xf, 0xff, 0xff, 0xff, 0xff, 0xff, 0xff, 0xf0,
    0x8, 0xff, 0xff, 0xff, 0xff, 0xff, 0xff, 0x80,
    0x0, 0x0, 0x0, 0x0, 0x0, 0x0, 0x0, 0x0,
    0xc, 0xff, 0xff, 0xff, 0xff, 0xff, 0xff, 0xc0,
    0xf, 0xff, 0xff, 0xff, 0xff, 0xff, 0xff, 0xf0,
    0xf, 0xff, 0xff, 0xff, 0xff, 0xff, 0xff, 0xf0,
    0xc, 0xff, 0xff, 0xff, 0xff, 0xff, 0xff, 0xc0,

    /* U+F053 "" */
    0x0, 0x0, 0x0, 0x1a, 0x40, 0x0, 0x0, 0x1,
    0xdf, 0xf0, 0x0, 0x0, 0x1d, 0xff, 0xa0, 0x0,
    0x1, 0xdf, 0xfa, 0x0, 0x0, 0x1d, 0xff, 0xa0,
    0x0, 0x1, 0xdf, 0xfa, 0x0, 0x0, 0xc, 0xff,
    0xa0, 0x0, 0x0, 0xd, 0xff, 0x80, 0x0, 0x0,
    0x1, 0xdf, 0xf8, 0x0, 0x0, 0x0, 0x1d, 0xff,
    0x80, 0x0, 0x0, 0x1, 0xdf, 0xf8, 0x0, 0x0,
    0x0, 0x1d, 0xff, 0x80, 0x0, 0x0, 0x1, 0xdf,
    0xf0, 0x0, 0x0, 0x0, 0x1b, 0x50,

    /* U+F054 "" */
    0x4, 0xa1, 0x0, 0x0, 0x0, 0xf, 0xfc, 0x10,
    0x0, 0x0, 0xa, 0xff, 0xc1, 0x0, 0x0, 0x0,
    0xaf, 0xfc, 0x10, 0x0, 0x0, 0xa, 0xff, 0xc1,
    0x0, 0x0, 0x0, 0xaf, 0xfc, 0x10, 0x0, 0x0,
    0xa, 0xff, 0xc0, 0x0, 0x0, 0x8, 0xff, 0xd0,
    0x0, 0x0, 0x8f, 0xfd, 0x10, 0x0, 0x8, 0xff,
    0xd1, 0x0, 0x0, 0x8f, 0xfd, 0x10, 0x0, 0x8,
    0xff, 0xd1, 0x0, 0x0, 0xf, 0xfd, 0x10, 0x0,
    0x0, 0x5, 0xb1, 0x0, 0x0, 0x0,

    /* U+F067 "" */
    0x0, 0x0, 0x4, 0xff, 0x40, 0x0, 0x0, 0x0,
    0x0, 0x8, 0xff, 0x80, 0x0, 0x0, 0x0, 0x0,
    0x8, 0xff, 0x80, 0x0, 0x0, 0x0, 0x0, 0x8,
    0xff, 0x80, 0x0, 0x0, 0x0, 0x0, 0x8, 0xff,
    0x80, 0x0, 0x0, 0x48, 0x88, 0x8c, 0xff, 0xc8,
    0x88, 0x84, 0xff, 0xff, 0xff, 0xff, 0xff, 0xff,
    0xff, 0xff, 0xff, 0xff, 0xff, 0xff, 0xff, 0xff,
    0x48, 0x88, 0x8c, 0xff, 0xc8, 0x88, 0x84, 0x0,
    0x0, 0x8, 0xff, 0x80, 0x0, 0x0, 0x0, 0x0,
    0x8, 0xff, 0x80, 0x0, 0x0, 0x0, 0x0, 0x8,
    0xff, 0x80, 0x0, 0x0, 0x0, 0x0, 0x8, 0xff,
    0x80, 0x0, 0x0, 0x0, 0x0, 0x4, 0xff, 0x40,
    0x0, 0x0,

    /* U+F068 "" */
    0x14, 0x44, 0x44, 0x44, 0x44, 0x44, 0x41, 0xef,
    0xff, 0xff, 0xff, 0xff, 0xff, 0xfe, 0xff, 0xff,
    0xff, 0xff, 0xff, 0xff, 0xff, 0x7b, 0xbb, 0xbb,
    0xbb, 0xbb, 0xbb, 0xb7,

    /* U+F06E "" */
    0x0, 0x0, 0x5, 0xad, 0xff, 0xda, 0x50, 0x0,
    0x0, 0x0, 0x4, 0xdf, 0xfc, 0x88, 0xcf, 0xfd,
    0x40, 0x0, 0x0, 0x7f, 0xfe, 0x40, 0x0, 0x4,
    0xef, 0xf7, 0x0, 0x7, 0xff, 0xf4, 0x0, 0x9e,
    0x80, 0x4f, 0xff, 0x70, 0x4f, 0xff, 0xc0, 0x0,
    0xaf, 0xf8, 0xc, 0xff, 0xf4, 0xdf, 0xff, 0x80,
    0x9a, 0xff, 0xfe, 0x8, 0xff, 0xfd, 0xdf, 0xff,
    0x80, 0xef, 0xff, 0xfe, 0x8, 0xff, 0xfd, 0x4f,
    0xff, 0xc0, 0x8f, 0xff, 0xf8, 0xc, 0xff, 0xf4,
    0x7, 0xff, 0xf4, 0x8, 0xee, 0x80, 0x4f, 0xff,
    0x70, 0x0, 0x7f, 0xfe, 0x40, 0x0, 0x4, 0xef,
    0xf8, 0x0, 0x0, 0x4, 0xdf, 0xfc, 0x88, 0xcf,
    0xfd, 0x40, 0x0, 0x0, 0x0, 0x5, 0xad, 0xff,
    0xda, 0x50, 0x0, 0x0,

    /* U+F070 "" */
    0x8c, 0x20, 0x0, 0x0, 0x0, 0x0, 0x0, 0x0,
    0x0, 0x0, 0xdf, 0xe4, 0x0, 0x0, 0x0, 0x0,
    0x0, 0x0, 0x0, 0x0, 0x1b, 0xff, 0x80, 0x49,
    0xdf, 0xfd, 0xa5, 0x0, 0x0, 0x0, 0x0, 0x7f,
    0xff, 0xff, 0xd8, 0x8c, 0xff, 0xd4, 0x0, 0x0,
    0x0, 0x4, 0xef, 0xf8, 0x0, 0x0, 0x4e, 0xff,
    0x70, 0x0, 0x0, 0x0, 0x1c, 0xff, 0x69, 0xe8,
    0x4, 0xff, 0xf7, 0x0, 0x4, 0xe3, 0x0, 0x9f,
    0xfe, 0xff, 0x80, 0xcf, 0xff, 0x40, 0xd, 0xff,
    0x70, 0x5, 0xff, 0xff, 0xe0, 0x8f, 0xff, 0xd0,
    0xd, 0xff, 0xf7, 0x0, 0x2d, 0xff, 0xe0, 0x8f,
    0xff, 0xd0, 0x4, 0xff, 0xfc, 0x0, 0x0, 0xaf,
    0xf8, 0xcf, 0xff, 0x30, 0x0, 0x7f, 0xff, 0x40,
    0x0, 0x6, 0xff, 0xff, 0xf7, 0x0, 0x0, 0x8,
    0xff, 0xf4, 0x0, 0x0, 0x3e, 0xff, 0xa0, 0x0,
    0x0, 0x0, 0x4d, 0xff, 0xc8, 0x82, 0x1, 0xbf,
    0xf7, 0x0, 0x0, 0x0, 0x0, 0x5a, 0xdf, 0xfc,
    0x10, 0x8, 0xff, 0xb0, 0x0, 0x0, 0x0, 0x0,
    0x0, 0x0, 0x0, 0x0, 0x4e, 0xfd, 0x0, 0x0,
    0x0, 0x0, 0x0, 0x0, 0x0, 0x0, 0x2, 0xc8,

    /* U+F071 "" */
    0x0, 0x0, 0x0, 0x0, 0x2d, 0xd2, 0x0, 0x0,
    0x0, 0x0, 0x0, 0x0, 0x0, 0x0, 0xbf, 0xfb,
    0x0, 0x0, 0x0, 0x0, 0x0, 0x0, 0x0, 0x5,
    0xff, 0xff, 0x50, 0x0, 0x0, 0x0, 0x0, 0x0,
    0x0, 0xd, 0xff, 0xff, 0xd0, 0x0, 0x0, 0x0,
    0x0, 0x0, 0x0, 0x7f, 0xff, 0xff, 0xf7, 0x0,
    0x0, 0x0, 0x0, 0x0, 0x1, 0xff, 0xd8, 0x8d,
    0xff, 0x10, 0x0, 0x0, 0x0, 0x0, 0xa, 0xff,
    0xa0, 0xa, 0xff, 0xa0, 0x0, 0x0, 0x0, 0x0,
    0x3f, 0xff, 0xb0, 0xb, 0xff, 0xf3, 0x0, 0x0,
    0x0, 0x0, 0xcf, 0xff, 0xc0, 0xc, 0xff, 0xfc,
    0x0, 0x0, 0x0, 0x5, 0xff, 0xff, 0xd0, 0xd,
    0xff, 0xff, 0x50, 0x0, 0x0, 0xe, 0xff, 0xff,
    0xf9, 0x9f, 0xff, 0xff, 0xe0, 0x0, 0x0, 0x8f,
    0xff, 0xff, 0xe2, 0x2e, 0xff, 0xff, 0xf8, 0x0,
    0x2, 0xff, 0xff, 0xff, 0x90, 0x9, 0xff, 0xff,
    0xff, 0x10, 0xa, 0xff, 0xff, 0xff, 0xe3, 0x3e,
    0xff, 0xff, 0xff, 0xa0, 0xf, 0xff, 0xff, 0xff,
    0xff, 0xff, 0xff, 0xff, 0xff, 0xf0, 0x8, 0xff,
    0xff, 0xff, 0xff, 0xff, 0xff, 0xff, 0xff, 0x80,

    /* U+F074 "" */
    0x0, 0x0, 0x0, 0x0, 0x0, 0x0, 0x0, 0x0,
    0x0, 0x0, 0x0, 0x0, 0x0, 0x0, 0xd8, 0x0,
    0x0, 0x0, 0x0, 0x0, 0x0, 0x0, 0xff, 0x80,
    0xff, 0xff, 0x70, 0x0, 0x7, 0xff, 0xff, 0xf8,
    0xff, 0xff, 0xf6, 0x0, 0x6f, 0xff, 0xff, 0xfd,
    0x78, 0x8e, 0xff, 0x15, 0xff, 0xe8, 0xff, 0xe2,
    0x0, 0x2, 0xe5, 0x4f, 0xfe, 0x20, 0xfe, 0x20,
    0x0, 0x0, 0x13, 0xff, 0xf3, 0x0, 0x52, 0x0,
    0x0, 0x0, 0x3f, 0xff, 0x31, 0x0, 0x52, 0x0,
    0x0, 0x2, 0xef, 0xf4, 0x5e, 0x20, 0xfe, 0x20,
    0x78, 0x8e, 0xff, 0x51, 0xff, 0xe8, 0xff, 0xe2,
    0xff, 0xff, 0xf6, 0x0, 0x6f, 0xff, 0xff, 0xfd,
    0xff, 0xff, 0x70, 0x0, 0x7, 0xff, 0xff, 0xf8,
    0x0, 0x0, 0x0, 0x0, 0x0, 0x0, 0xff, 0x80,
    0x0, 0x0, 0x0, 0x0, 0x0, 0x0, 0xd8, 0x0,
    0x0, 0x0, 0x0, 0x0, 0x0, 0x0, 0x0, 0x0,

    /* U+F077 "" */
    0x0, 0x0, 0x0, 0x0, 0x0, 0x0, 0x0, 0x0,
    0x0, 0x1, 0xdd, 0x10, 0x0, 0x0, 0x0, 0x0,
    0x1d, 0xff, 0xd1, 0x0, 0x0, 0x0, 0x1, 0xdf,
    0xff, 0xfd, 0x10, 0x0, 0x0, 0x1d, 0xff, 0x99,
    0xff, 0xd1, 0x0, 0x1, 0xdf, 0xf9, 0x0, 0x9f,
    0xfd, 0x10, 0x1d, 0xff, 0x90, 0x0, 0x9, 0xff,
    0xd1, 0xbf, 0xf9, 0x0, 0x0, 0x0, 0x9f, 0xfb,
    0x5f, 0x90, 0x0, 0x0, 0x0, 0x9, 0xf5, 0x0,
    0x0, 0x0, 0x0, 0x0, 0x0, 0x0,

    /* U+F078 "" */
    0x0, 0x0, 0x0, 0x0, 0x0, 0x0, 0x0, 0x5f,
    0x90, 0x0, 0x0, 0x0, 0x9, 0xf5, 0xbf, 0xf9,
    0x0, 0x0, 0x0, 0x9f, 0xfb, 0x1d, 0xff, 0x90,
    0x0, 0x9, 0xff, 0xd1, 0x1, 0xdf, 0xf9, 0x0,
    0x9f, 0xfd, 0x10, 0x0, 0x1d, 0xff, 0x99, 0xff,
    0xd1, 0x0, 0x0, 0x1, 0xdf, 0xff, 0xfd, 0x10,
    0x0, 0x0, 0x0, 0x1d, 0xff, 0xd1, 0x0, 0x0,
    0x0, 0x0, 0x1, 0xdd, 0x10, 0x0, 0x0, 0x0,
    0x0, 0x0, 0x0, 0x0, 0x0, 0x0,

    /* U+F079 "" */
    0x0, 0x0, 0x0, 0x0, 0x0, 0x0, 0x0, 0x0,
    0x0, 0x0, 0x0, 0x1d, 0xd1, 0x0, 0x0, 0x0,
    0x0, 0x0, 0x0, 0x0, 0x1, 0xdf, 0xfd, 0x10,
    0xef, 0xff, 0xff, 0xff, 0xd0, 0x0, 0x1d, 0xff,
    0xff, 0xd1, 0xaf, 0xff, 0xff, 0xff, 0xf0, 0x0,
    0xcf, 0xcf, 0xfc, 0xfc, 0x0, 0x0, 0x0, 0xf,
    0xf0, 0x0, 0x6b, 0x1f, 0xf1, 0xb6, 0x0, 0x0,
    0x0, 0xf, 0xf0, 0x0, 0x0, 0xf, 0xf0, 0x0,
    0x0, 0x0, 0x0, 0xf, 0xf0, 0x0, 0x0, 0xf,
    0xf0, 0x0, 0x0, 0x0, 0x0, 0xf, 0xf0, 0x0,
    0x0, 0xf, 0xf0, 0x0, 0x0, 0x0, 0x6b, 0x1f,
    0xf1, 0xb6, 0x0, 0xf, 0xf0, 0x0, 0x0, 0x0,
    0xcf, 0xcf, 0xfc, 0xfc, 0x0, 0xf, 0xff, 0xff,
    0xff, 0xfa, 0x1d, 0xff, 0xff, 0xd1, 0x0, 0xd,
    0xff, 0xff, 0xff, 0xfe, 0x1, 0xdf, 0xfd, 0x10,
    0x0, 0x0, 0x0, 0x0, 0x0, 0x0, 0x0, 0x1d,
    0xd1, 0x0, 0x0, 0x0, 0x0, 0x0, 0x0, 0x0,
    0x0, 0x0, 0x0, 0x0,

    /* U+F07B "" */
    0x8f, 0xff, 0xff, 0xd1, 0x0, 0x0, 0x0, 0x0,
    0xff, 0xff, 0xff, 0xfd, 0x10, 0x0, 0x0, 0x0,
    0xff, 0xff, 0xff, 0xff, 0xff, 0xff, 0xff, 0xf8,
    0xff, 0xff, 0xff, 0xff, 0xff, 0xff, 0xff, 0xff,
    0xff, 0xff, 0xff, 0xff, 0xff, 0xff, 0xff, 0xff,
    0xff, 0xff, 0xff, 0xff, 0xff, 0xff, 0xff, 0xff,
    0xff, 0xff, 0xff, 0xff, 0xff, 0xff, 0xff, 0xff,
    0xff, 0xff, 0xff, 0xff, 0xff, 0xff, 0xff, 0xff,
    0xff, 0xff, 0xff, 0xff, 0xff, 0xff, 0xff, 0xff,
    0xff, 0xff, 0xff, 0xff, 0xff, 0xff, 0xff, 0xff,
    0xff, 0xff, 0xff, 0xff, 0xff, 0xff, 0xff, 0xff,
    0x8f, 0xff, 0xff, 0xff, 0xff, 0xff, 0xff, 0xf8,

    /* U+F093 "" */
    0x0, 0x0, 0x0, 0xb, 0xb0, 0x0, 0x0, 0x0,
    0x0, 0x0, 0x0, 0xbf, 0xfb, 0x0, 0x0, 0x0,
    0x0, 0x0, 0xb, 0xff, 0xff, 0xb0, 0x0, 0x0,
    0x0, 0x0, 0xbf, 0xff, 0xff, 0xfb, 0x0, 0x0,
    0x0, 0xb, 0xff, 0xff, 0xff, 0xff, 0xb0, 0x0,
    0x0, 0x4f, 0xff, 0xff, 0xff, 0xff, 0xf4, 0x0,
    0x0, 0x0, 0x0, 0xff, 0xff, 0x0, 0x0, 0x0,
    0x0, 0x0, 0x0, 0xff, 0xff, 0x0, 0x0, 0x0,
    0x0, 0x0, 0x0, 0xff, 0xff, 0x0, 0x0, 0x0,
    0x0, 0x0, 0x0, 0xff, 0xff, 0x0, 0x0, 0x0,
    0x0, 0x0, 0x0, 0xff, 0xff, 0x0, 0x0, 0x0,
    0xdf, 0xff, 0xf0, 0xdf, 0xfd, 0xf, 0xff, 0xfd,
    0xff, 0xff, 0xf9, 0x0, 0x0, 0x9f, 0xff, 0xff,
    0xff, 0xff, 0xff, 0xff, 0xff, 0xff, 0xff, 0xff,
    0xff, 0xff, 0xff, 0xff, 0xff, 0xf0, 0xe0, 0xff,
    0xdf, 0xff, 0xff, 0xff, 0xff, 0xff, 0xff, 0xfd,

    /* U+F095 "" */
    0x0, 0x0, 0x0, 0x0, 0x0, 0x0, 0x0, 0x0,
    0x0, 0x0, 0x0, 0x0, 0x0, 0x0, 0xa, 0xea,
    0x62, 0x0, 0x0, 0x0, 0x0, 0x0, 0x2, 0xff,
    0xff, 0xf0, 0x0, 0x0, 0x0, 0x0, 0x0, 0x9f,
    0xff, 0xff, 0x0, 0x0, 0x0, 0x0, 0x0, 0xf,
    0xff, 0xff, 0xd0, 0x0, 0x0, 0x0, 0x0, 0x2,
    0xff, 0xff, 0xfb, 0x0, 0x0, 0x0, 0x0, 0x0,
    0x3, 0xef, 0xff, 0x70, 0x0, 0x0, 0x0, 0x0,
    0x0, 0x4, 0xff, 0xf2, 0x0, 0x0, 0x0, 0x0,
    0x0, 0x0, 0xbf, 0xfb, 0x0, 0x0, 0x0, 0x0,
    0x0, 0x0, 0x6f, 0xff, 0x30, 0x0, 0x0, 0x2,
    0x0, 0x0, 0x4f, 0xff, 0x90, 0x0, 0x2, 0x8f,
    0xf3, 0x0, 0x6f, 0xff, 0xd0, 0x0, 0xa, 0xff,
    0xff, 0xe4, 0xbf, 0xff, 0xd1, 0x0, 0x0, 0xef,
    0xff, 0xff, 0xff, 0xff, 0xd1, 0x0, 0x0, 0xa,
    0xff, 0xff, 0xff, 0xff, 0x90, 0x0, 0x0, 0x0,
    0x6f, 0xff, 0xff, 0xfb, 0x30, 0x0, 0x0, 0x0,
    0x2, 0xff, 0xdb, 0x72, 0x0, 0x0, 0x0, 0x0,
    0x0,

    /* U+F0C4 "" */
    0x8, 0xee, 0x80, 0x0, 0x0, 0x6, 0x61, 0x8,
    0xff, 0xff, 0x80, 0x0, 0x2d, 0xff, 0xd0, 0xef,
    0x33, 0xfe, 0x0, 0x2e, 0xff, 0xf3, 0xe, 0xf3,
    0x3f, 0xe0, 0x2e, 0xff, 0xf3, 0x0, 0x8f, 0xff,
    0xff, 0x6e, 0xff, 0xf3, 0x0, 0x0, 0x8e, 0xff,
    0xff, 0xff, 0xf3, 0x0, 0x0, 0x0, 0x2, 0xef,
    0xff, 0xf3, 0x0, 0x0, 0x0, 0x0, 0x2e, 0xff,
    0xff, 0x30, 0x0, 0x0, 0x8, 0xef, 0xff, 0xff,
    0xff, 0x30, 0x0, 0x8, 0xff, 0xff, 0xf6, 0xef,
    0xff, 0x30, 0x0, 0xef, 0x33, 0xfe, 0x2, 0xef,
    0xff, 0x30, 0xe, 0xf3, 0x3f, 0xe0, 0x2, 0xef,
    0xff, 0x30, 0x8f, 0xff, 0xf8, 0x0, 0x2, 0xdf,
    0xfd, 0x0, 0x8e, 0xe8, 0x0, 0x0, 0x0, 0x66,
    0x10,

    /* U+F0C5 "" */
    0x0, 0x0, 0xdf, 0xff, 0xff, 0xd, 0x10, 0x0,
    0x0, 0xff, 0xff, 0xff, 0xf, 0xd1, 0x0, 0x0,
    0xff, 0xff, 0xff, 0xf, 0xfd, 0xdf, 0xf0, 0xff,
    0xff, 0xff, 0x20, 0x0, 0xff, 0xf0, 0xff, 0xff,
    0xff, 0xff, 0xff, 0xff, 0xf0, 0xff, 0xff, 0xff,
    0xff, 0xff, 0xff, 0xf0, 0xff, 0xff, 0xff, 0xff,
    0xff, 0xff, 0xf0, 0xff, 0xff, 0xff, 0xff, 0xff,
    0xff, 0xf0, 0xff, 0xff, 0xff, 0xff, 0xff, 0xff,
    0xf0, 0xff, 0xff, 0xff, 0xff, 0xff, 0xff, 0xf0,
    0xff, 0xff, 0xff, 0xff, 0xff, 0xff, 0xf0, 0xff,
    0xff, 0xff, 0xff, 0xff, 0xff, 0xf0, 0xdf, 0xff,
    0xff, 0xff, 0xfd, 0xff, 0xf9, 0x0, 0x0, 0x0,
    0x0, 0x0, 0xff, 0xff, 0xff, 0xff, 0xff, 0x0,
    0x0, 0xdf, 0xff, 0xff, 0xff, 0xfd, 0x0, 0x0,

    /* U+F0C7 "" */
    0x8f, 0xff, 0xff, 0xff, 0xff, 0xc1, 0x0, 0xff,
    0xff, 0xff, 0xff, 0xff, 0xfd, 0x10, 0xff, 0x0,
    0x0, 0x0, 0x1, 0xff, 0xd1, 0xff, 0x0, 0x0,
    0x0, 0x0, 0xff, 0xfc, 0xff, 0x0, 0x0, 0x0,
    0x0, 0xff, 0xff, 0xff, 0x0, 0x0, 0x0, 0x0,
    0xff, 0xff, 0xff, 0xff, 0xff, 0xff, 0xff, 0xff,
    0xff, 0xff, 0xff, 0xff, 0xff, 0xff, 0xff, 0xff,
    0xff, 0xff, 0xfb, 0x11, 0xbf, 0xff, 0xff, 0xff,
    0xff, 0xf1, 0x0, 0x1f, 0xff, 0xff, 0xff, 0xff,
    0xf1, 0x0, 0x1f, 0xff, 0xff, 0xff, 0xff, 0xfb,
    0x11, 0xbf, 0xff, 0xff, 0xff, 0xff, 0xff, 0xff,
    0xff, 0xff, 0xff, 0x8f, 0xff, 0xff, 0xff, 0xff,
    0xff, 0xf8,

    /* U+F0C9 "" */
    0x12, 0x22, 0x22, 0x22, 0x22, 0x22, 0x21, 0xff,
    0xff, 0xff, 0xff, 0xff, 0xff, 0xff, 0xff, 0xff,
    0xff, 0xff, 0xff, 0xff, 0xff, 0x12, 0x22, 0x22,
    0x22, 0x22, 0x22, 0x21, 0x0, 0x0, 0x0, 0x0,
    0x0, 0x0, 0x0, 0x12, 0x22, 0x22, 0x22, 0x22,
    0x22, 0x21, 0xff, 0xff, 0xff, 0xff, 0xff, 0xff,
    0xff, 0xff, 0xff, 0xff, 0xff, 0xff, 0xff, 0xff,
    0x12, 0x22, 0x22, 0x22, 0x22, 0x22, 0x21, 0x0,
    0x0, 0x0, 0x0, 0x0, 0x0, 0x0, 0x12, 0x22,
    0x22, 0x22, 0x22, 0x22, 0x21, 0xff, 0xff, 0xff,
    0xff, 0xff, 0xff, 0xff, 0xff, 0xff, 0xff, 0xff,
    0xff, 0xff, 0xff, 0x12, 0x22, 0x22, 0x22, 0x22,
    0x22, 0x21,

    /* U+F0E0 "" */
    0x8f, 0xff, 0xff, 0xff, 0xff, 0xff, 0xff, 0xf8,
    0xff, 0xff, 0xff, 0xff, 0xff, 0xff, 0xff, 0xff,
    0xcf, 0xff, 0xff, 0xff, 0xff, 0xff, 0xff, 0xfc,
    0x9, 0xff, 0xff, 0xff, 0xff, 0xff, 0xff, 0x90,
    0xd2, 0x5f, 0xff, 0xff, 0xff, 0xff, 0xf5, 0x2d,
    0xff, 0x62, 0xcf, 0xff, 0xff, 0xfc, 0x26, 0xff,
    0xff, 0xfa, 0x18, 0xff, 0xff, 0x81, 0xaf, 0xff,
    0xff, 0xff, 0xe3, 0x4d, 0xd4, 0x3e, 0xff, 0xff,
    0xff, 0xff, 0xff, 0x81, 0x18, 0xff, 0xff, 0xff,
    0xff, 0xff, 0xff, 0xff, 0xff, 0xff, 0xff, 0xff,
    0xff, 0xff, 0xff, 0xff, 0xff, 0xff, 0xff, 0xff,
    0x8f, 0xff, 0xff, 0xff, 0xff, 0xff, 0xff, 0xf8,

    /* U+F0E7 "" */
    0x0, 0xdf, 0xff, 0xfd, 0x0, 0x0, 0x1, 0xff,
    0xff, 0xfc, 0x0, 0x0, 0x3, 0xff, 0xff, 0xf7,
    0x0, 0x0, 0x6, 0xff, 0xff, 0xf2, 0x0, 0x0,
    0x8, 0xff, 0xff, 0xd0, 0x0, 0x0, 0xa, 0xff,
    0xff, 0xff, 0xff, 0xd0, 0xc, 0xff, 0xff, 0xff,
    0xff, 0xa0, 0xe, 0xff, 0xff, 0xff, 0xff, 0x20,
    0xd, 0xff, 0xff, 0xff, 0xf8, 0x0, 0x0, 0x0,
    0xa, 0xff, 0xe0, 0x0, 0x0, 0x0, 0xe, 0xff,
    0x50, 0x0, 0x0, 0x0, 0x2f, 0xfc, 0x0, 0x0,
    0x0, 0x0, 0x5f, 0xf3, 0x0, 0x0, 0x0, 0x0,
    0x9f, 0xa0, 0x0, 0x0, 0x0, 0x0, 0xdf, 0x10,
    0x0, 0x0, 0x0, 0x0, 0xd7, 0x0, 0x0, 0x0,

    /* U+F0EA "" */
    0x0, 0x4, 0xde, 0x40, 0x0, 0x0, 0x0, 0xdf,
    0xff, 0x99, 0xff, 0xfd, 0x0, 0x0, 0xff, 0xff,
    0x99, 0xff, 0xff, 0x0, 0x0, 0xff, 0xff, 0xff,
    0xff, 0xff, 0x0, 0x0, 0xff, 0xff, 0x90, 0x0,
    0x0, 0x0, 0x0, 0xff, 0xff, 0xd, 0xff, 0xff,
    0xd, 0x10, 0xff, 0xff, 0xf, 0xff, 0xff, 0xf,
    0xd1, 0xff, 0xff, 0xf, 0xff, 0xff, 0xf, 0xfd,
    0xff, 0xff, 0xf, 0xff, 0xff, 0x20, 0x0, 0xff,
    0xff, 0xf, 0xff, 0xff, 0xff, 0xff, 0xff, 0xff,
    0xf, 0xff, 0xff, 0xff, 0xff, 0xff, 0xff, 0xf,
    0xff, 0xff, 0xff, 0xff, 0xdf, 0xff, 0xf, 0xff,
    0xff, 0xff, 0xff, 0x0, 0x0, 0xf, 0xff, 0xff,
    0xff, 0xff, 0x0, 0x0, 0xf, 0xff, 0xff, 0xff,
    0xff, 0x0, 0x0, 0xd, 0xff, 0xff, 0xff, 0xfd,

    /* U+F0F3 "" */
    0x0, 0x0, 0x0, 0xcc, 0x0, 0x0, 0x0, 0x0,
    0x0, 0x2, 0xff, 0x30, 0x0, 0x0, 0x0, 0x1,
    0xbf, 0xff, 0xfc, 0x20, 0x0, 0x0, 0x1e, 0xff,
    0xff, 0xff, 0xe1, 0x0, 0x0, 0x9f, 0xff, 0xff,
    0xff, 0xf8, 0x0, 0x0, 0xef, 0xff, 0xff, 0xff,
    0xfd, 0x0, 0x0, 0xff, 0xff, 0xff, 0xff, 0xff,
    0x0, 0x1, 0xff, 0xff, 0xff, 0xff, 0xff, 0x0,
    0x3, 0xff, 0xff, 0xff, 0xff, 0xff, 0x30, 0x8,
    0xff, 0xff, 0xff, 0xff, 0xff, 0x80, 0x1e, 0xff,
    0xff, 0xff, 0xff, 0xff, 0xe1, 0xcf, 0xff, 0xff,
    0xff, 0xff, 0xff, 0xfc, 0xcf, 0xff, 0xff, 0xff,
    0xff, 0xff, 0xfc, 0x0, 0x0, 0x0, 0x0, 0x0,
    0x0, 0x0, 0x0, 0x0, 0xe, 0xff, 0xe0, 0x0,
    0x0, 0x0, 0x0, 0x4, 0xee, 0x40, 0x0, 0x0,

    /* U+F11C "" */
    0x8f, 0xff, 0xff, 0xff, 0xff, 0xff, 0xff, 0xff,
    0xf8, 0xff, 0xff, 0xff, 0xff, 0xff, 0xff, 0xff,
    0xff, 0xff, 0xff, 0x0, 0xf0, 0xf, 0x0, 0xf0,
    0xf, 0x0, 0xff, 0xff, 0x0, 0xf0, 0xf, 0x0,
    0xf0, 0xf, 0x0, 0xff, 0xff, 0xff, 0xff, 0xff,
    0xff, 0xff, 0xff, 0xff, 0xff, 0xff, 0xf8, 0x8,
    0x80, 0x88, 0x8, 0x80, 0x8f, 0xff, 0xff, 0xf8,
    0x8, 0x80, 0x88, 0x8, 0x80, 0x8f, 0xff, 0xff,
    0xff, 0xff, 0xff, 0xff, 0xff, 0xff, 0xff, 0xff,
    0xff, 0x0, 0xf0, 0x0, 0x0, 0x0, 0xf, 0x0,
    0xff, 0xff, 0x0, 0xf0, 0x0, 0x0, 0x0, 0xf,
    0x0, 0xff, 0xff, 0xff, 0xff, 0xff, 0xff, 0xff,
    0xff, 0xff, 0xff, 0x8f, 0xff, 0xff, 0xff, 0xff,
    0xff, 0xff, 0xff, 0xf8,

    /* U+F124 "" */
    0x0, 0x0, 0x0, 0x0, 0x0, 0x0, 0x0, 0x0,
    0x0, 0x0, 0x0, 0x0, 0x0, 0x0, 0x0, 0x3,
    0xaf, 0x70, 0x0, 0x0, 0x0, 0x0, 0x0, 0x4,
    0xcf, 0xff, 0xf0, 0x0, 0x0, 0x0, 0x0, 0x6,
    0xdf, 0xff, 0xff, 0xa0, 0x0, 0x0, 0x0, 0x17,
    0xef, 0xff, 0xff, 0xff, 0x30, 0x0, 0x0, 0x18,
    0xff, 0xff, 0xff, 0xff, 0xfc, 0x0, 0x0, 0x2a,
    0xff, 0xff, 0xff, 0xff, 0xff, 0xf4, 0x0, 0x8,
    0xff, 0xff, 0xff, 0xff, 0xff, 0xff, 0xd0, 0x0,
    0xf, 0xff, 0xff, 0xff, 0xff, 0xff, 0xff, 0x60,
    0x0, 0x8, 0xff, 0xff, 0xff, 0xff, 0xff, 0xfe,
    0x0, 0x0, 0x0, 0x0, 0x0, 0x0, 0xff, 0xff,
    0xf7, 0x0, 0x0, 0x0, 0x0, 0x0, 0x0, 0xff,
    0xff, 0xf1, 0x0, 0x0, 0x0, 0x0, 0x0, 0x0,
    0xff, 0xff, 0x80, 0x0, 0x0, 0x0, 0x0, 0x0,
    0x0, 0xff, 0xff, 0x10, 0x0, 0x0, 0x0, 0x0,
    0x0, 0x0, 0xff, 0xfa, 0x0, 0x0, 0x0, 0x0,
    0x0, 0x0, 0x0, 0xff, 0xf2, 0x0, 0x0, 0x0,
    0x0, 0x0, 0x0, 0x0, 0x8f, 0x80, 0x0, 0x0,
    0x0, 0x0, 0x0, 0x0, 0x0, 0x0, 0x0, 0x0,
    0x0, 0x0,

    /* U+F15B "" */
    0xdf, 0xff, 0xff, 0xf0, 0xd1, 0x0, 0xff, 0xff,
    0xff, 0xf0, 0xfd, 0x10, 0xff, 0xff, 0xff, 0xf0,
    0xff, 0xd1, 0xff, 0xff, 0xff, 0xf0, 0xff, 0xfd,
    0xff, 0xff, 0xff, 0xf2, 0x0, 0x0, 0xff, 0xff,
    0xff, 0xff, 0xff, 0xff, 0xff, 0xff, 0xff, 0xff,
    0xff, 0xff, 0xff, 0xff, 0xff, 0xff, 0xff, 0xff,
    0xff, 0xff, 0xff, 0xff, 0xff, 0xff, 0xff, 0xff,
    0xff, 0xff, 0xff, 0xff, 0xff, 0xff, 0xff, 0xff,
    0xff, 0xff, 0xff, 0xff, 0xff, 0xff, 0xff, 0xff,
    0xff, 0xff, 0xff, 0xff, 0xff, 0xff, 0xff, 0xff,
    0xff, 0xff, 0xff, 0xff, 0xff, 0xff, 0xff, 0xff,
    0xff, 0xff, 0xdf, 0xff, 0xff, 0xff, 0xff, 0xfd,

    /* U+F1EB "" */
    0x0, 0x0, 0x0, 0x0, 0x0, 0x0, 0x0, 0x0,
    0x0, 0x0, 0x0, 0x0, 0x4, 0x9c, 0xef, 0xfe,
    0xc9, 0x40, 0x0, 0x0, 0x0, 0x7, 0xef, 0xff,
    0xff, 0xff, 0xff, 0xfe, 0x70, 0x0, 0x4, 0xdf,
    0xff, 0xfc, 0xa8, 0x8a, 0xcf, 0xff, 0xfd, 0x40,
    0x6f, 0xff, 0xd5, 0x0, 0x0, 0x0, 0x0, 0x5d,
    0xff, 0xf6, 0xcf, 0xf6, 0x0, 0x0, 0x0, 0x0,
    0x0, 0x0, 0x6f, 0xfc, 0x1a, 0x30, 0x0, 0x5a,
    0xdf, 0xfd, 0xa5, 0x0, 0x3, 0xa1, 0x0, 0x0,
    0x4d, 0xff, 0xff, 0xff, 0xff, 0xd4, 0x0, 0x0,
    0x0, 0x5, 0xff, 0xfe, 0xa8, 0x8a, 0xef, 0xff,
    0x50, 0x0, 0x0, 0x1, 0xdf, 0x70, 0x0, 0x0,
    0x7, 0xfd, 0x10, 0x0, 0x0, 0x0, 0x12, 0x0,
    0x0, 0x0, 0x0, 0x21, 0x0, 0x0, 0x0, 0x0,
    0x0, 0x0, 0x4e, 0xe4, 0x0, 0x0, 0x0, 0x0,
    0x0, 0x0, 0x0, 0x0, 0xef, 0xfe, 0x0, 0x0,
    0x0, 0x0, 0x0, 0x0, 0x0, 0x0, 0xef, 0xfe,
    0x0, 0x0, 0x0, 0x0, 0x0, 0x0, 0x0, 0x0,
    0x4e, 0xe4, 0x0, 0x0, 0x0, 0x0,

    /* U+F240 "" */
    0x8f, 0xff, 0xff, 0xff, 0xff, 0xff, 0xff, 0xff,
    0xff, 0x80, 0xff, 0xff, 0xff, 0xff, 0xff, 0xff,
    0xff, 0xff, 0xff, 0xf0, 0xff, 0x0, 0x0, 0x0,
    0x0, 0x0, 0x0, 0x0, 0xf, 0xfd, 0xff, 0xf,
    0xff, 0xff, 0xff, 0xff, 0xff, 0xff, 0xf, 0xff,
    0xff, 0xf, 0xff, 0xff, 0xff, 0xff, 0xff, 0xff,
    0x0, 0xff, 0xff, 0xf, 0xff, 0xff, 0xff, 0xff,
    0xff, 0xff, 0x0, 0xff, 0xff, 0xf, 0xff, 0xff,
    0xff, 0xff, 0xff, 0xff, 0xf, 0xff, 0xff, 0x0,
    0x0, 0x0, 0x0, 0x0, 0x0, 0x0, 0xf, 0xfd,
    0xff, 0xff, 0xff, 0xff, 0xff, 0xff, 0xff, 0xff,
    0xff, 0xf0, 0x8f, 0xff, 0xff, 0xff, 0xff, 0xff,
    0xff, 0xff, 0xff, 0x80,

    /* U+F241 "" */
    0x8f, 0xff, 0xff, 0xff, 0xff, 0xff, 0xff, 0xff,
    0xff, 0x80, 0xff, 0xff, 0xff, 0xff, 0xff, 0xff,
    0xff, 0xff, 0xff, 0xf0, 0xff, 0x0, 0x0, 0x0,
    0x0, 0x0, 0x0, 0x0, 0xf, 0xfd, 0xff, 0xf,
    0xff, 0xff, 0xff, 0xff, 0xf0, 0x0, 0xf, 0xff,
    0xff, 0xf, 0xff, 0xff, 0xff, 0xff, 0xf0, 0x0,
    0x0, 0xff, 0xff, 0xf, 0xff, 0xff, 0xff, 0xff,
    0xf0, 0x0, 0x0, 0xff, 0xff, 0xf, 0xff, 0xff,
    0xff, 0xff, 0xf0, 0x0, 0xf, 0xff, 0xff, 0x0,
    0x0, 0x0, 0x0, 0x0, 0x0, 0x0, 0xf, 0xfd,
    0xff, 0xff, 0xff, 0xff, 0xff, 0xff, 0xff, 0xff,
    0xff, 0xf0, 0x8f, 0xff, 0xff, 0xff, 0xff, 0xff,
    0xff, 0xff, 0xff, 0x80,

    /* U+F242 "" */
    0x8f, 0xff, 0xff, 0xff, 0xff, 0xff, 0xff, 0xff,
    0xff, 0x80, 0xff, 0xff, 0xff, 0xff, 0xff, 0xff,
    0xff, 0xff, 0xff, 0xf0, 0xff, 0x0, 0x0, 0x0,
    0x0, 0x0, 0x0, 0x0, 0xf, 0xfd, 0xff, 0xf,
    0xff, 0xff, 0xff, 0x0, 0x0, 0x0, 0xf, 0xff,
    0xff, 0xf, 0xff, 0xff, 0xff, 0x0, 0x0, 0x0,
    0x0, 0xff, 0xff, 0xf, 0xff, 0xff, 0xff, 0x0,
    0x0, 0x0, 0x0, 0xff, 0xff, 0xf, 0xff, 0xff,
    0xff, 0x0, 0x0, 0x0, 0xf, 0xff, 0xff, 0x0,
    0x0, 0x0, 0x0, 0x0, 0x0, 0x0, 0xf, 0xfd,
    0xff, 0xff, 0xff, 0xff, 0xff, 0xff, 0xff, 0xff,
    0xff, 0xf0, 0x8f, 0xff, 0xff, 0xff, 0xff, 0xff,
    0xff, 0xff, 0xff, 0x80,

    /* U+F243 "" */
    0x8f, 0xff, 0xff, 0xff, 0xff, 0xff, 0xff, 0xff,
    0xff, 0x80, 0xff, 0xff, 0xff, 0xff, 0xff, 0xff,
    0xff, 0xff, 0xff, 0xf0, 0xff, 0x0, 0x0, 0x0,
    0x0, 0x0, 0x0, 0x0, 0xf, 0xfd, 0xff, 0xf,
    0xff, 0xf0, 0x0, 0x0, 0x0, 0x0, 0xf, 0xff,
    0xff, 0xf, 0xff, 0xf0, 0x0, 0x0, 0x0, 0x0,
    0x0, 0xff, 0xff, 0xf, 0xff, 0xf0, 0x0, 0x0,
    0x0, 0x0, 0x0, 0xff, 0xff, 0xf, 0xff, 0xf0,
    0x0, 0x0, 0x0, 0x0, 0xf, 0xff, 0xff, 0x0,
    0x0, 0x0, 0x0, 0x0, 0x0, 0x0, 0xf, 0xfd,
    0xff, 0xff, 0xff, 0xff, 0xff, 0xff, 0xff, 0xff,
    0xff, 0xf0, 0x8f, 0xff, 0xff, 0xff, 0xff, 0xff,
    0xff, 0xff, 0xff, 0x80,

    /* U+F244 "" */
    0x8f, 0xff, 0xff, 0xff, 0xff, 0xff, 0xff, 0xff,
    0xff, 0x80, 0xff, 0xff, 0xff, 0xff, 0xff, 0xff,
    0xff, 0xff, 0xff, 0xf0, 0xff, 0x0, 0x0, 0x0,
    0x0, 0x0, 0x0, 0x0, 0xf, 0xfd, 0xff, 0x0,
    0x0, 0x0, 0x0, 0x0, 0x0, 0x0, 0xf, 0xff,
    0xff, 0x0, 0x0, 0x0, 0x0, 0x0, 0x0, 0x0,
    0x0, 0xff, 0xff, 0x0, 0x0, 0x0, 0x0, 0x0,
    0x0, 0x0, 0x0, 0xff, 0xff, 0x0, 0x0, 0x0,
    0x0, 0x0, 0x0, 0x0, 0xf, 0xff, 0xff, 0x0,
    0x0, 0x0, 0x0, 0x0, 0x0, 0x0, 0xf, 0xfd,
    0xff, 0xff, 0xff, 0xff, 0xff, 0xff, 0xff, 0xff,
    0xff, 0xf0, 0x8f, 0xff, 0xff, 0xff, 0xff, 0xff,
    0xff, 0xff, 0xff, 0x80,

    /* U+F287 "" */
    0x0, 0x0, 0x0, 0x0, 0x0, 0x1, 0x0, 0x0,
    0x0, 0x0, 0x0, 0x0, 0x0, 0x0, 0x0, 0x7,
    0xfd, 0x10, 0x0, 0x0, 0x0, 0x0, 0x0, 0x0,
    0x1, 0xcf, 0xff, 0xf5, 0x0, 0x0, 0x0, 0x0,
    0x0, 0x0, 0x0, 0xb9, 0x29, 0xfe, 0x10, 0x0,
    0x0, 0x0, 0x0, 0x0, 0x0, 0x3f, 0x10, 0x2,
    0x0, 0x0, 0x0, 0x0, 0x3, 0xdf, 0x80, 0xa,
    0x90, 0x0, 0x0, 0x0, 0x3, 0x70, 0x0, 0xdf,
    0xff, 0x77, 0xf7, 0x55, 0x55, 0x55, 0x55, 0x8f,
    0xd3, 0xf, 0xff, 0xfd, 0xcc, 0xdf, 0xdc, 0xcc,
    0xcc, 0xcd, 0xff, 0xb0, 0x8f, 0xfe, 0x10, 0x0,
    0xaa, 0x0, 0x0, 0x0, 0x4d, 0x40, 0x0, 0x46,
    0x10, 0x0, 0x1, 0xf2, 0x2, 0x33, 0x10, 0x0,
    0x0, 0x0, 0x0, 0x0, 0x0, 0x9, 0xb1, 0xcf,
    0xf9, 0x0, 0x0, 0x0, 0x0, 0x0, 0x0, 0x0,
    0xa, 0xff, 0xff, 0x90, 0x0, 0x0, 0x0, 0x0,
    0x0, 0x0, 0x0, 0x0, 0xbf, 0xf9, 0x0, 0x0,
    0x0, 0x0, 0x0, 0x0, 0x0, 0x0, 0x1, 0x22,
    0x0, 0x0, 0x0,

    /* U+F293 "" */
    0x0, 0x18, 0xdf, 0xfd, 0x92, 0x0, 0x2, 0xef,
    0xfb, 0xef, 0xff, 0x40, 0xd, 0xff, 0xfa, 0x2e,
    0xff, 0xe0, 0x4f, 0xff, 0xfa, 0x3, 0xff, 0xf5,
    0x9f, 0xfa, 0xfa, 0x35, 0x4f, 0xfa, 0xcf, 0xc0,
    0x8a, 0x3d, 0xb, 0xfd, 0xef, 0xfb, 0x3, 0x11,
    0x8f, 0xfe, 0xff, 0xff, 0xb0, 0x6, 0xff, 0xff,
    0xff, 0xff, 0xd1, 0x8, 0xff, 0xff, 0xef, 0xfd,
    0x11, 0x10, 0x9f, 0xff, 0xdf, 0xd1, 0x59, 0x3b,
    0xb, 0xfd, 0xaf, 0xd6, 0xfa, 0x37, 0x1d, 0xfb,
    0x5f, 0xff, 0xfa, 0x1, 0xdf, 0xf7, 0xd, 0xff,
    0xfa, 0x1d, 0xff, 0xf1, 0x3, 0xef, 0xfc, 0xdf,
    0xff, 0x50, 0x0, 0x18, 0xdf, 0xfe, 0xa3, 0x0,

    /* U+F2ED "" */
    0x0, 0x0, 0x7f, 0xff, 0xf7, 0x0, 0x0, 0xef,
    0xff, 0xff, 0xff, 0xff, 0xff, 0xfe, 0xef, 0xff,
    0xff, 0xff, 0xff, 0xff, 0xfe, 0x0, 0x0, 0x0,
    0x0, 0x0, 0x0, 0x0, 0xf, 0xff, 0xff, 0xff,
    0xff, 0xff, 0xf0, 0xf, 0xff, 0xff, 0xff, 0xff,
    0xff, 0xf0, 0xf, 0xf9, 0x9f, 0x99, 0xf9, 0x9f,
    0xf0, 0xf, 0xf8, 0x8f, 0x88, 0xf8, 0x8f, 0xf0,
    0xf, 0xf8, 0x8f, 0x88, 0xf8, 0x8f, 0xf0, 0xf,
    0xf8, 0x8f, 0x88, 0xf8, 0x8f, 0xf0, 0xf, 0xf8,
    0x8f, 0x88, 0xf8, 0x8f, 0xf0, 0xf, 0xf8, 0x8f,
    0x88, 0xf8, 0x8f, 0xf0, 0xf, 0xf8, 0x8f, 0x88,
    0xf8, 0x8f, 0xf0, 0xf, 0xf9, 0x9f, 0x99, 0xf9,
    0x9f, 0xf0, 0xf, 0xff, 0xff, 0xff, 0xff, 0xff,
    0xf0, 0x8, 0xff, 0xff, 0xff, 0xff, 0xff, 0x80,

    /* U+F304 "" */
    0x0, 0x0, 0x0, 0x0, 0x0, 0x0, 0x7f, 0xa0,
    0x0, 0x0, 0x0, 0x0, 0x0, 0x0, 0x7f, 0xff,
    0xb0, 0x0, 0x0, 0x0, 0x0, 0x0, 0xd, 0xff,
    0xff, 0xa0, 0x0, 0x0, 0x0, 0x0, 0x7a, 0x1d,
    0xff, 0xff, 0x0, 0x0, 0x0, 0x0, 0x7f, 0xfa,
    0x1d, 0xff, 0x70, 0x0, 0x0, 0x0, 0x7f, 0xff,
    0xfa, 0x1d, 0x70, 0x0, 0x0, 0x0, 0x7f, 0xff,
    0xff, 0xfa, 0x0, 0x0, 0x0, 0x0, 0x7f, 0xff,
    0xff, 0xff, 0x70, 0x0, 0x0, 0x0, 0x7f, 0xff,
    0xff, 0xff, 0x70, 0x0, 0x0, 0x0, 0x7f, 0xff,
    0xff, 0xff, 0x70, 0x0, 0x0, 0x0, 0x7f, 0xff,
    0xff, 0xff, 0x70, 0x0, 0x0, 0x0, 0x6f, 0xff,
    0xff, 0xff, 0x70, 0x0, 0x0, 0x0, 0xb, 0xff,
    0xff, 0xff, 0x70, 0x0, 0x0, 0x0, 0x0, 0xdf,
    0xff, 0xff, 0x70, 0x0, 0x0, 0x0, 0x0, 0xe,
    0xff, 0xff, 0x70, 0x0, 0x0, 0x0, 0x0, 0x0,
    0xde, 0xdb, 0x60, 0x0, 0x0, 0x0, 0x0, 0x0,
    0x0, 0x0, 0x0, 0x0, 0x0, 0x0, 0x0, 0x0,
    0x0,

    /* U+F55A "" */
    0x0, 0x0, 0x1b, 0xff, 0xff, 0xff, 0xff, 0xff,
    0xff, 0xe4, 0x0, 0x1, 0xdf, 0xff, 0xff, 0xff,
    0xff, 0xff, 0xff, 0xfe, 0x0, 0x1d, 0xff, 0xff,
    0xfa, 0xef, 0xfe, 0xaf, 0xff, 0xff, 0x1, 0xdf,
    0xff, 0xff, 0xa0, 0x2e, 0xe2, 0xa, 0xff, 0xff,
    0x1d, 0xff, 0xff, 0xff, 0xe2, 0x2, 0x20, 0x2e,
    0xff, 0xff, 0xcf, 0xff, 0xff, 0xff, 0xfe, 0x20,
    0x2, 0xef, 0xff, 0xff, 0xcf, 0xff, 0xff, 0xff,
    0xfe, 0x20, 0x2, 0xef, 0xff, 0xff, 0x1d, 0xff,
    0xff, 0xff, 0xe2, 0x2, 0x20, 0x2e, 0xff, 0xff,
    0x1, 0xdf, 0xff, 0xff, 0xa0, 0x2e, 0xe2, 0xa,
    0xff, 0xff, 0x0, 0x1d, 0xff, 0xff, 0xfa, 0xef,
    0xfe, 0xaf, 0xff, 0xff, 0x0, 0x1, 0xdf, 0xff,
    0xff, 0xff, 0xff, 0xff, 0xff, 0xfe, 0x0, 0x0,
    0x1b, 0xff, 0xff, 0xff, 0xff, 0xff, 0xff, 0xe4,

    /* U+F7C2 "" */
    0x0, 0x7, 0xff, 0xff, 0xff, 0xe4, 0x0, 0x7f,
    0xff, 0xff, 0xff, 0xfe, 0x7, 0xf8, 0xf, 0xb,
    0x40, 0xff, 0x7f, 0xf8, 0xf, 0xb, 0x40, 0xff,
    0xff, 0xf8, 0xf, 0xb, 0x40, 0xff, 0xff, 0xff,
    0xff, 0xff, 0xff, 0xff, 0xff, 0xff, 0xff, 0xff,
    0xff, 0xff, 0xff, 0xff, 0xff, 0xff, 0xff, 0xff,
    0xff, 0xff, 0xff, 0xff, 0xff, 0xff, 0xff, 0xff,
    0xff, 0xff, 0xff, 0xff, 0xff, 0xff, 0xff, 0xff,
    0xff, 0xff, 0xff, 0xff, 0xff, 0xff, 0xff, 0xff,
    0xff, 0xff, 0xff, 0xff, 0xff, 0xff, 0xff, 0xff,
    0xff, 0xff, 0xff, 0xff, 0xef, 0xff, 0xff, 0xff,
    0xff, 0xfe, 0x4e, 0xff, 0xff, 0xff, 0xff, 0xe4,

    /* U+F8A2 "" */
    0x0, 0x0, 0x0, 0x0, 0x0, 0x0, 0x0, 0x1,
    0x0, 0x0, 0x0, 0x0, 0x0, 0x0, 0x0, 0x3,
    0xe0, 0x0, 0x0, 0x10, 0x0, 0x0, 0x0, 0x2,
    0xef, 0x10, 0x0, 0xbf, 0x0, 0x0, 0x0, 0x0,
    0x7f, 0xf1, 0x0, 0xcf, 0xf1, 0x0, 0x0, 0x0,
    0x7, 0xff, 0x11, 0xcf, 0xff, 0x77, 0x77, 0x77,
    0x77, 0xbf, 0xf1, 0xcf, 0xff, 0xff, 0xff, 0xff,
    0xff, 0xff, 0xff, 0x17, 0xff, 0xff, 0xff, 0xff,
    0xff, 0xff, 0xff, 0xe0, 0x7, 0xff, 0xf1, 0x0,
    0x0, 0x0, 0x0, 0x0, 0x0, 0x6, 0xff, 0x10,
    0x0, 0x0, 0x0, 0x0, 0x0, 0x0, 0x5, 0xa0,
    0x0, 0x0, 0x0, 0x0, 0x0, 0x0
};


/*---------------------
 *  GLYPH DESCRIPTION
 *--------------------*/

static const lv_font_fmt_txt_glyph_dsc_t glyph_dsc[] = {
    {.bitmap_index = 0, .adv_w = 0, .box_w = 0, .box_h = 0, .ofs_x = 0, .ofs_y = 0} /* id = 0 reserved */,
    {.bitmap_index = 0, .adv_w = 69, .box_w = 0, .box_h = 0, .ofs_x = 0, .ofs_y = 0},
    {.bitmap_index = 0, .adv_w = 69, .box_w = 3, .box_h = 12, .ofs_x = 1, .ofs_y = 0},
    {.bitmap_index = 18, .adv_w = 100, .box_w = 5, .box_h = 5, .ofs_x = 1, .ofs_y = 7},
    {.bitmap_index = 31, .adv_w = 180, .box_w = 11, .box_h = 12, .ofs_x = 0, .ofs_y = 0},
    {.bitmap_index = 97, .adv_w = 159, .box_w = 10, .box_h = 16, .ofs_x = 0, .ofs_y = -2},
    {.bitmap_index = 177, .adv_w = 216, .box_w = 13, .box_h = 12, .ofs_x = 0, .ofs_y = 0},
    {.bitmap_index = 255, .adv_w = 176, .box_w = 11, .box_h = 13, .ofs_x = 0, .ofs_y = -1},
    {.bitmap_index = 327, .adv_w = 54, .box_w = 2, .box_h = 5, .ofs_x = 1, .ofs_y = 7},
    {.bitmap_index = 332, .adv_w = 86, .box_w = 4, .box_h = 15, .ofs_x = 1, .ofs_y = -3},
    {.bitmap_index = 362, .adv_w = 87, .box_w = 4, .box_h = 15, .ofs_x = 0, .ofs_y = -3},
    {.bitmap_index = 392, .adv_w = 102, .box_w = 7, .box_h = 7, .ofs_x = 0, .ofs_y = 5},
    {.bitmap_index = 417, .adv_w = 149, .box_w = 8, .box_h = 8, .ofs_x = 1, .ofs_y = 2},
    {.bitmap_index = 449, .adv_w = 58, .box_w = 3, .box_h = 5, .ofs_x = 0, .ofs_y = -2},
    {.bitmap_index = 457, .adv_w = 98, .box_w = 6, .box_h = 3, .ofs_x = 0, .ofs_y = 3},
    {.bitmap_index = 466, .adv_w = 58, .box_w = 3, .box_h = 3, .ofs_x = 0, .ofs_y = 0},
    {.bitmap_index = 471, .adv_w = 90, .box_w = 8, .box_h = 16, .ofs_x = -1, .ofs_y = -2},
    {.bitmap_index = 535, .adv_w = 171, .box_w = 10, .box_h = 12, .ofs_x = 0, .ofs_y = 0},
    {.bitmap_index = 595, .adv_w = 95, .box_w = 5, .box_h = 12, .ofs_x = 0, .ofs_y = 0},
    {.bitmap_index = 625, .adv_w = 147, .box_w = 9, .box_h = 12, .ofs_x = 0, .ofs_y = 0},
    {.bitmap_index = 679, .adv_w = 146, .box_w = 9, .box_h = 12, .ofs_x = 0, .ofs_y = 0},
    {.bitmap_index = 733, .adv_w = 171, .box_w = 11, .box_h = 12, .ofs_x = 0, .ofs_y = 0},
    {.bitmap_index = 799, .adv_w = 147, .box_w = 9, .box_h = 12, .ofs_x = 0, .ofs_y = 0},
    {.bitmap_index = 853, .adv_w = 158, .box_w = 10, .box_h = 12, .ofs_x = 0, .ofs_y = 0},
    {.bitmap_index = 913, .adv_w = 153, .box_w = 9, .box_h = 12, .ofs_x = 0, .ofs_y = 0},
    {.bitmap_index = 967, .adv_w = 165, .box_w = 10, .box_h = 12, .ofs_x = 0, .ofs_y = 0},
    {.bitmap_index = 1027, .adv_w = 158, .box_w = 10, .box_h = 12, .ofs_x = 0, .ofs_y = 0},
    {.bitmap_index = 1087, .adv_w = 58, .box_w = 3, .box_h = 9, .ofs_x = 0, .ofs_y = 0},
    {.bitmap_index = 1101, .adv_w = 58, .box_w = 3, .box_h = 12, .ofs_x = 0, .ofs_y = -3},
    {.bitmap_index = 1119, .adv_w = 149, .box_w = 8, .box_h = 8, .ofs_x = 1, .ofs_y = 2},
    {.bitmap_index = 1151, .adv_w = 149, .box_w = 8, .box_h = 6, .ofs_x = 1, .ofs_y = 3},
    {.bitmap_index = 1175, .adv_w = 149, .box_w = 8, .box_h = 8, .ofs_x = 1, .ofs_y = 2},
    {.bitmap_index = 1207, .adv_w = 147, .box_w = 9, .box_h = 12, .ofs_x = 0, .ofs_y = 0},
    {.bitmap_index = 1261, .adv_w = 265, .box_w = 16, .box_h = 15, .ofs_x = 0, .ofs_y = -3},
    {.bitmap_index = 1381, .adv_w = 187, .box_w = 13, .box_h = 12, .ofs_x = -1, .ofs_y = 0},
    {.bitmap_index = 1459, .adv_w = 194, .box_w = 11, .box_h = 12, .ofs_x = 1, .ofs_y = 0},
    {.bitmap_index = 1525, .adv_w = 185, .box_w = 11, .box_h = 12, .ofs_x = 0, .ofs_y = 0},
    {.bitmap_index = 1591, .adv_w = 211, .box_w = 12, .box_h = 12, .ofs_x = 1, .ofs_y = 0},
    {.bitmap_index = 1663, .adv_w = 172, .box_w = 9, .box_h = 12, .ofs_x = 1, .ofs_y = 0},
    {.bitmap_index = 1717, .adv_w = 163, .box_w = 9, .box_h = 12, .ofs_x = 1, .ofs_y = 0},
    {.bitmap_index = 1771, .adv_w = 198, .box_w = 12, .box_h = 12, .ofs_x = 0, .ofs_y = 0},
    {.bitmap_index = 1843, .adv_w = 208, .box_w = 11, .box_h = 12, .ofs_x = 1, .ofs_y = 0},
    {.bitmap_index = 1909, .adv_w = 79, .box_w = 3, .box_h = 12, .ofs_x = 1, .ofs_y = 0},
    {.bitmap_index = 1927, .adv_w = 131, .box_w = 8, .box_h = 12, .ofs_x = -1, .ofs_y = 0},
    {.bitmap_index = 1975, .adv_w = 184, .box_w = 11, .box_h = 12, .ofs_x = 1, .ofs_y = 0},
    {.bitmap_index = 2041, .adv_w = 152, .box_w = 9, .box_h = 12, .ofs_x = 1, .ofs_y = 0},
    {.bitmap_index = 2095, .adv_w = 244, .box_w = 13, .box_h = 12, .ofs_x = 1, .ofs_y = 0},
    {.bitmap_index = 2173, .adv_w = 208, .box_w = 11, .box_h = 12, .ofs_x = 1, .ofs_y = 0},
    {.bitmap_index = 2239, .adv_w = 215, .box_w = 13, .box_h = 12, .ofs_x = 0, .ofs_y = 0},
    {.bitmap_index = 2317, .adv_w = 185, .box_w = 10, .box_h = 12, .ofs_x = 1, .ofs_y = 0},
    {.bitmap_index = 2377, .adv_w = 215, .box_w = 14, .box_h = 15, .ofs_x = 0, .ofs_y = -3},
    {.bitmap_index = 2482, .adv_w = 186, .box_w = 10, .box_h = 12, .ofs_x = 1, .ofs_y = 0},
    {.bitmap_index = 2542, .adv_w = 159, .box_w = 10, .box_h = 12, .ofs_x = 0, .ofs_y = 0},
    {.bitmap_index = 2602, .adv_w = 150, .box_w = 10, .box_h = 12, .ofs_x = 0, .ofs_y = 0},
    {.bitmap_index = 2662, .adv_w = 202, .box_w = 11, .box_h = 12, .ofs_x = 1, .ofs_y = 0},
    {.bitmap_index = 2728, .adv_w = 182, .box_w = 13, .box_h = 12, .ofs_x = -1, .ofs_y = 0},
    {.bitmap_index = 2806, .adv_w = 288, .box_w = 18, .box_h = 12, .ofs_x = 0, .ofs_y = 0},
    {.bitmap_index = 2914, .adv_w = 172, .box_w = 11, .box_h = 12, .ofs_x = 0, .ofs_y = 0},
    {.bitmap_index = 2980, .adv_w = 166, .box_w = 12, .box_h = 12, .ofs_x = -1, .ofs_y = 0},
    {.bitmap_index = 3052, .adv_w = 168, .box_w = 11, .box_h = 12, .ofs_x = 0, .ofs_y = 0},
    {.bitmap_index = 3118, .adv_w = 85, .box_w = 5, .box_h = 15, .ofs_x = 1, .ofs_y = -3},
    {.bitmap_index = 3156, .adv_w = 90, .box_w = 8, .box_h = 16, .ofs_x = -1, .ofs_y = -2},
    {.bitmap_index = 3220, .adv_w = 85, .box_w = 4, .box_h = 15, .ofs_x = 0, .ofs_y = -3},
    {.bitmap_index = 3250, .adv_w = 149, .box_w = 8, .box_h = 7, .ofs_x = 1, .ofs_y = 2},
    {.bitmap_index = 3278, .adv_w = 128, .box_w = 8, .box_h = 2, .ofs_x = 0, .ofs_y = -2},
    {.bitmap_index = 3286, .adv_w = 154, .box_w = 5, .box_h = 2, .ofs_x = 1, .ofs_y = 10},
    {.bitmap_index = 3291, .adv_w = 153, .box_w = 9, .box_h = 9, .ofs_x = 0, .ofs_y = 0},
    {.bitmap_index = 3332, .adv_w = 175, .box_w = 10, .box_h = 12, .ofs_x = 1, .ofs_y = 0},
    {.bitmap_index = 3392, .adv_w = 146, .box_w = 9, .box_h = 9, .ofs_x = 0, .ofs_y = 0},
    {.bitmap_index = 3433, .adv_w = 175, .box_w = 10, .box_h = 12, .ofs_x = 0, .ofs_y = 0},
    {.bitmap_index = 3493, .adv_w = 157, .box_w = 10, .box_h = 9, .ofs_x = 0, .ofs_y = 0},
    {.bitmap_index = 3538, .adv_w = 90, .box_w = 7, .box_h = 12, .ofs_x = 0, .ofs_y = 0},
    {.bitmap_index = 3580, .adv_w = 177, .box_w = 10, .box_h = 12, .ofs_x = 0, .ofs_y = -3},
    {.bitmap_index = 3640, .adv_w = 174, .box_w = 9, .box_h = 12, .ofs_x = 1, .ofs_y = 0},
    {.bitmap_index = 3694, .adv_w = 71, .box_w = 3, .box_h = 12, .ofs_x = 1, .ofs_y = 0},
    {.bitmap_index = 3712, .adv_w = 73, .box_w = 6, .box_h = 15, .ofs_x = -2, .ofs_y = -3},
    {.bitmap_index = 3757, .adv_w = 158, .box_w = 9, .box_h = 12, .ofs_x = 1, .ofs_y = 0},
    {.bitmap_index = 3811, .adv_w = 71, .box_w = 2, .box_h = 12, .ofs_x = 1, .ofs_y = 0},
    {.bitmap_index = 3823, .adv_w = 271, .box_w = 15, .box_h = 9, .ofs_x = 1, .ofs_y = 0},
    {.bitmap_index = 3891, .adv_w = 174, .box_w = 9, .box_h = 9, .ofs_x = 1, .ofs_y = 0},
    {.bitmap_index = 3932, .adv_w = 163, .box_w = 10, .box_h = 9, .ofs_x = 0, .ofs_y = 0},
    {.bitmap_index = 3977, .adv_w = 175, .box_w = 10, .box_h = 12, .ofs_x = 1, .ofs_y = -3},
    {.bitmap_index = 4037, .adv_w = 175, .box_w = 10, .box_h = 12, .ofs_x = 0, .ofs_y = -3},
    {.bitmap_index = 4097, .adv_w = 105, .box_w = 6, .box_h = 9, .ofs_x = 1, .ofs_y = 0},
    {.bitmap_index = 4124, .adv_w = 128, .box_w = 8, .box_h = 9, .ofs_x = 0, .ofs_y = 0},
    {.bitmap_index = 4160, .adv_w = 106, .box_w = 7, .box_h = 11, .ofs_x = 0, .ofs_y = 0},
    {.bitmap_index = 4199, .adv_w = 173, .box_w = 9, .box_h = 9, .ofs_x = 1, .ofs_y = 0},
    {.bitmap_index = 4240, .adv_w = 143, .box_w = 10, .box_h = 9, .ofs_x = -1, .ofs_y = 0},
    {.bitmap_index = 4285, .adv_w = 230, .box_w = 15, .box_h = 9, .ofs_x = 0, .ofs_y = 0},
    {.bitmap_index = 4353, .adv_w = 141, .box_w = 9, .box_h = 9, .ofs_x = 0, .ofs_y = 0},
    {.bitmap_index = 4394, .adv_w = 143, .box_w = 10, .box_h = 12, .ofs_x = -1, .ofs_y = -3},
    {.bitmap_index = 4454, .adv_w = 133, .box_w = 8, .box_h = 9, .ofs_x = 0, .ofs_y = 0},
    {.bitmap_index = 4490, .adv_w = 90, .box_w = 6, .box_h = 15, .ofs_x = 0, .ofs_y = -3},
    {.bitmap_index = 4535, .adv_w = 77, .box_w = 3, .box_h = 15, .ofs_x = 1, .ofs_y = -3},
    {.bitmap_index = 4558, .adv_w = 90, .box_w = 5, .box_h = 15, .ofs_x = 0, .ofs_y = -3},
    {.bitmap_index = 4596, .adv_w = 149, .box_w = 9, .box_h = 5, .ofs_x = 0, .ofs_y = 4},
    {.bitmap_index = 4619, .adv_w = 69, .box_w = 0, .box_h = 0, .ofs_x = 0, .ofs_y = 0},
    {.bitmap_index = 4619, .adv_w = 69, .box_w = 3, .box_h = 12, .ofs_x = 1, .ofs_y = -3},
    {.bitmap_index = 4637, .adv_w = 146, .box_w = 9, .box_h = 13, .ofs_x = 0, .ofs_y = -2},
    {.bitmap_index = 4696, .adv_w = 165, .box_w = 11, .box_h = 12, .ofs_x = 0, .ofs_y = 0},
    {.bitmap_index = 4762, .adv_w = 179, .box_w = 11, .box_h = 12, .ofs_x = 0, .ofs_y = -1},
    {.bitmap_index = 4828, .adv_w = 181, .box_w = 13, .box_h = 12, .ofs_x = -1, .ofs_y = 0},
    {.bitmap_index = 4906, .adv_w = 77, .box_w = 3, .box_h = 15, .ofs_x = 1, .ofs_y = -3},
    {.bitmap_index = 4929, .adv_w = 128, .box_w = 8, .box_h = 14, .ofs_x = 0, .ofs_y = -2},
    {.bitmap_index = 4985, .adv_w = 154, .box_w = 6, .box_h = 2, .ofs_x = 2, .ofs_y = 11},
    {.bitmap_index = 4991, .adv_w = 205, .box_w = 13, .box_h = 12, .ofs_x = 0, .ofs_y = 0},
    {.bitmap_index = 5069, .adv_w = 103, .box_w = 6, .box_h = 5, .ofs_x = 0, .ofs_y = 7},
    {.bitmap_index = 5084, .adv_w = 129, .box_w = 8, .box_h = 7, .ofs_x = 0, .ofs_y = 1},
    {.bitmap_index = 5112, .adv_w = 149, .box_w = 8, .box_h = 6, .ofs_x = 1, .ofs_y = 1},
    {.bitmap_index = 5136, .adv_w = 98, .box_w = 6, .box_h = 3, .ofs_x = 0, .ofs_y = 3},
    {.bitmap_index = 5145, .adv_w = 205, .box_w = 13, .box_h = 12, .ofs_x = 0, .ofs_y = 0},
    {.bitmap_index = 5223, .adv_w = 154, .box_w = 6, .box_h = 2, .ofs_x = 2, .ofs_y = 10},
    {.bitmap_index = 5229, .adv_w = 107, .box_w = 6, .box_h = 6, .ofs_x = 0, .ofs_y = 6},
    {.bitmap_index = 5247, .adv_w = 149, .box_w = 8, .box_h = 11, .ofs_x = 1, .ofs_y = 0},
    {.bitmap_index = 5291, .adv_w = 110, .box_w = 7, .box_h = 7, .ofs_x = 0, .ofs_y = 5},
    {.bitmap_index = 5316, .adv_w = 110, .box_w = 7, .box_h = 7, .ofs_x = 0, .ofs_y = 5},
    {.bitmap_index = 5341, .adv_w = 154, .box_w = 5, .box_h = 2, .ofs_x = 3, .ofs_y = 10},
    {.bitmap_index = 5346, .adv_w = 175, .box_w = 9, .box_h = 12, .ofs_x = 1, .ofs_y = -3},
    {.bitmap_index = 5400, .adv_w = 166, .box_w = 9, .box_h = 15, .ofs_x = 0, .ofs_y = -3},
    {.bitmap_index = 5468, .adv_w = 68, .box_w = 3, .box_h = 3, .ofs_x = 1, .ofs_y = 3},
    {.bitmap_index = 5473, .adv_w = 154, .box_w = 5, .box_h = 4, .ofs_x = 2, .ofs_y = -4},
    {.bitmap_index = 5483, .adv_w = 110, .box_w = 5, .box_h = 7, .ofs_x = 1, .ofs_y = 5},
    {.bitmap_index = 5501, .adv_w = 107, .box_w = 7, .box_h = 5, .ofs_x = 0, .ofs_y = 7},
    {.bitmap_index = 5519, .adv_w = 129, .box_w = 8, .box_h = 7, .ofs_x = 0, .ofs_y = 1},
    {.bitmap_index = 5547, .adv_w = 265, .box_w = 16, .box_h = 12, .ofs_x = 1, .ofs_y = 0},
    {.bitmap_index = 5643, .adv_w = 265, .box_w = 15, .box_h = 12, .ofs_x = 1, .ofs_y = 0},
    {.bitmap_index = 5733, .adv_w = 265, .box_w = 17, .box_h = 12, .ofs_x = 0, .ofs_y = 0},
    {.bitmap_index = 5835, .adv_w = 147, .box_w = 9, .box_h = 12, .ofs_x = 1, .ofs_y = -3},
    {.bitmap_index = 5889, .adv_w = 187, .box_w = 13, .box_h = 15, .ofs_x = -1, .ofs_y = 0},
    {.bitmap_index = 5987, .adv_w = 187, .box_w = 13, .box_h = 15, .ofs_x = -1, .ofs_y = 0},
    {.bitmap_index = 6085, .adv_w = 187, .box_w = 13, .box_h = 15, .ofs_x = -1, .ofs_y = 0},
    {.bitmap_index = 6183, .adv_w = 187, .box_w = 13, .box_h = 15, .ofs_x = -1, .ofs_y = 0},
    {.bitmap_index = 6281, .adv_w = 187, .box_w = 13, .box_h = 15, .ofs_x = -1, .ofs_y = 0},
    {.bitmap_index = 6379, .adv_w = 187, .box_w = 13, .box_h = 17, .ofs_x = -1, .ofs_y = 0},
    {.bitmap_index = 6490, .adv_w = 268, .box_w = 17, .box_h = 12, .ofs_x = -1, .ofs_y = 0},
    {.bitmap_index = 6592, .adv_w = 185, .box_w = 11, .box_h = 15, .ofs_x = 0, .ofs_y = -3},
    {.bitmap_index = 6675, .adv_w = 172, .box_w = 9, .box_h = 15, .ofs_x = 1, .ofs_y = 0},
    {.bitmap_index = 6743, .adv_w = 172, .box_w = 9, .box_h = 15, .ofs_x = 1, .ofs_y = 0},
    {.bitmap_index = 6811, .adv_w = 172, .box_w = 9, .box_h = 15, .ofs_x = 1, .ofs_y = 0},
    {.bitmap_index = 6879, .adv_w = 172, .box_w = 9, .box_h = 15, .ofs_x = 1, .ofs_y = 0},
    {.bitmap_index = 6947, .adv_w = 79, .box_w = 5, .box_h = 15, .ofs_x = -1, .ofs_y = 0},
    {.bitmap_index = 6985, .adv_w = 79, .box_w = 5, .box_h = 15, .ofs_x = 1, .ofs_y = 0},
    {.bitmap_index = 7023, .adv_w = 79, .box_w = 7, .box_h = 15, .ofs_x = -1, .ofs_y = 0},
    {.bitmap_index = 7076, .adv_w = 79, .box_w = 5, .box_h = 15, .ofs_x = 0, .ofs_y = 0},
    {.bitmap_index = 7114, .adv_w = 214, .box_w = 13, .box_h = 12, .ofs_x = 0, .ofs_y = 0},
    {.bitmap_index = 7192, .adv_w = 208, .box_w = 11, .box_h = 15, .ofs_x = 1, .ofs_y = 0},
    {.bitmap_index = 7275, .adv_w = 215, .box_w = 13, .box_h = 15, .ofs_x = 0, .ofs_y = 0},
    {.bitmap_index = 7373, .adv_w = 215, .box_w = 13, .box_h = 15, .ofs_x = 0, .ofs_y = 0},
    {.bitmap_index = 7471, .adv_w = 215, .box_w = 13, .box_h = 15, .ofs_x = 0, .ofs_y = 0},
    {.bitmap_index = 7569, .adv_w = 215, .box_w = 13, .box_h = 15, .ofs_x = 0, .ofs_y = 0},
    {.bitmap_index = 7667, .adv_w = 215, .box_w = 13, .box_h = 15, .ofs_x = 0, .ofs_y = 0},
    {.bitmap_index = 7765, .adv_w = 149, .box_w = 7, .box_h = 8, .ofs_x = 1, .ofs_y = 2},
    {.bitmap_index = 7793, .adv_w = 215, .box_w = 13, .box_h = 14, .ofs_x = 0, .ofs_y = -1},
    {.bitmap_index = 7884, .adv_w = 202, .box_w = 11, .box_h = 15, .ofs_x = 1, .ofs_y = 0},
    {.bitmap_index = 7967, .adv_w = 202, .box_w = 11, .box_h = 15, .ofs_x = 1, .ofs_y = 0},
    {.bitmap_index = 8050, .adv_w = 202, .box_w = 11, .box_h = 15, .ofs_x = 1, .ofs_y = 0},
    {.bitmap_index = 8133, .adv_w = 202, .box_w = 11, .box_h = 15, .ofs_x = 1, .ofs_y = 0},
    {.bitmap_index = 8216, .adv_w = 166, .box_w = 12, .box_h = 15, .ofs_x = -1, .ofs_y = 0},
    {.bitmap_index = 8306, .adv_w = 185, .box_w = 10, .box_h = 12, .ofs_x = 1, .ofs_y = 0},
    {.bitmap_index = 8366, .adv_w = 173, .box_w = 10, .box_h = 12, .ofs_x = 1, .ofs_y = 0},
    {.bitmap_index = 8426, .adv_w = 153, .box_w = 9, .box_h = 12, .ofs_x = 0, .ofs_y = 0},
    {.bitmap_index = 8480, .adv_w = 153, .box_w = 9, .box_h = 12, .ofs_x = 0, .ofs_y = 0},
    {.bitmap_index = 8534, .adv_w = 153, .box_w = 9, .box_h = 12, .ofs_x = 0, .ofs_y = 0},
    {.bitmap_index = 8588, .adv_w = 153, .box_w = 9, .box_h = 12, .ofs_x = 0, .ofs_y = 0},
    {.bitmap_index = 8642, .adv_w = 153, .box_w = 9, .box_h = 12, .ofs_x = 0, .ofs_y = 0},
    {.bitmap_index = 8696, .adv_w = 153, .box_w = 9, .box_h = 14, .ofs_x = 0, .ofs_y = 0},
    {.bitmap_index = 8759, .adv_w = 253, .box_w = 16, .box_h = 9, .ofs_x = 0, .ofs_y = 0},
    {.bitmap_index = 8831, .adv_w = 146, .box_w = 9, .box_h = 12, .ofs_x = 0, .ofs_y = -3},
    {.bitmap_index = 8885, .adv_w = 157, .box_w = 10, .box_h = 12, .ofs_x = 0, .ofs_y = 0},
    {.bitmap_index = 8945, .adv_w = 157, .box_w = 10, .box_h = 12, .ofs_x = 0, .ofs_y = 0},
    {.bitmap_index = 9005, .adv_w = 157, .box_w = 10, .box_h = 12, .ofs_x = 0, .ofs_y = 0},
    {.bitmap_index = 9065, .adv_w = 157, .box_w = 10, .box_h = 12, .ofs_x = 0, .ofs_y = 0},
    {.bitmap_index = 9125, .adv_w = 71, .box_w = 5, .box_h = 12, .ofs_x = -1, .ofs_y = 0},
    {.bitmap_index = 9155, .adv_w = 71, .box_w = 5, .box_h = 12, .ofs_x = 1, .ofs_y = 0},
    {.bitmap_index = 9185, .adv_w = 71, .box_w = 6, .box_h = 12, .ofs_x = -1, .ofs_y = 0},
    {.bitmap_index = 9221, .adv_w = 71, .box_w = 5, .box_h = 12, .ofs_x = 0, .ofs_y = 0},
    {.bitmap_index = 9251, .adv_w = 164, .box_w = 10, .box_h = 12, .ofs_x = 0, .ofs_y = 0},
    {.bitmap_index = 9311, .adv_w = 174, .box_w = 9, .box_h = 12, .ofs_x = 1, .ofs_y = 0},
    {.bitmap_index = 9365, .adv_w = 163, .box_w = 10, .box_h = 12, .ofs_x = 0, .ofs_y = 0},
    {.bitmap_index = 9425, .adv_w = 163, .box_w = 10, .box_h = 12, .ofs_x = 0, .ofs_y = 0},
    {.bitmap_index = 9485, .adv_w = 163, .box_w = 10, .box_h = 12, .ofs_x = 0, .ofs_y = 0},
    {.bitmap_index = 9545, .adv_w = 163, .box_w = 10, .box_h = 12, .ofs_x = 0, .ofs_y = 0},
    {.bitmap_index = 9605, .adv_w = 163, .box_w = 10, .box_h = 12, .ofs_x = 0, .ofs_y = 0},
    {.bitmap_index = 9665, .adv_w = 149, .box_w = 8, .box_h = 9, .ofs_x = 1, .ofs_y = 2},
    {.bitmap_index = 9701, .adv_w = 163, .box_w = 10, .box_h = 11, .ofs_x = 0, .ofs_y = -1},
    {.bitmap_index = 9756, .adv_w = 173, .box_w = 9, .box_h = 12, .ofs_x = 1, .ofs_y = 0},
    {.bitmap_index = 9810, .adv_w = 173, .box_w = 9, .box_h = 12, .ofs_x = 1, .ofs_y = 0},
    {.bitmap_index = 9864, .adv_w = 173, .box_w = 9, .box_h = 12, .ofs_x = 1, .ofs_y = 0},
    {.bitmap_index = 9918, .adv_w = 173, .box_w = 9, .box_h = 12, .ofs_x = 1, .ofs_y = 0},
    {.bitmap_index = 9972, .adv_w = 143, .box_w = 10, .box_h = 15, .ofs_x = -1, .ofs_y = -3},
    {.bitmap_index = 10047, .adv_w = 175, .box_w = 10, .box_h = 15, .ofs_x = 1, .ofs_y = -3},
    {.bitmap_index = 10122, .adv_w = 143, .box_w = 10, .box_h = 15, .ofs_x = -1, .ofs_y = -3},
    {.bitmap_index = 10197, .adv_w = 104, .box_w = 6, .box_h = 7, .ofs_x = 0, .ofs_y = 5},
    {.bitmap_index = 10218, .adv_w = 45, .box_w = 3, .box_h = 9, .ofs_x = -1, .ofs_y = 3},
    {.bitmap_index = 10232, .adv_w = 66, .box_w = 5, .box_h = 6, .ofs_x = 0, .ofs_y = 5},
    {.bitmap_index = 10247, .adv_w = 132, .box_w = 8, .box_h = 5, .ofs_x = 0, .ofs_y = 5},
    {.bitmap_index = 10267, .adv_w = 95, .box_w = 6, .box_h = 7, .ofs_x = 0, .ofs_y = 3},
    {.bitmap_index = 10288, .adv_w = 43, .box_w = 2, .box_h = 7, .ofs_x = 0, .ofs_y = 5},
    {.bitmap_index = 10295, .adv_w = 96, .box_w = 6, .box_h = 5, .ofs_x = 0, .ofs_y = 5},
    {.bitmap_index = 10310, .adv_w = 114, .box_w = 7, .box_h = 5, .ofs_x = 0, .ofs_y = 5},
    {.bitmap_index = 10328, .adv_w = 175, .box_w = 11, .box_h = 12, .ofs_x = 0, .ofs_y = 0},
    {.bitmap_index = 10394, .adv_w = 176, .box_w = 9, .box_h = 12, .ofs_x = 1, .ofs_y = 0},
    {.bitmap_index = 10448, .adv_w = 143, .box_w = 8, .box_h = 12, .ofs_x = 1, .ofs_y = 0},
    {.bitmap_index = 10496, .adv_w = 175, .box_w = 11, .box_h = 12, .ofs_x = 0, .ofs_y = 0},
    {.bitmap_index = 10562, .adv_w = 162, .box_w = 9, .box_h = 12, .ofs_x = 1, .ofs_y = 0},
    {.bitmap_index = 10616, .adv_w = 175, .box_w = 11, .box_h = 12, .ofs_x = 0, .ofs_y = 0},
    {.bitmap_index = 10682, .adv_w = 193, .box_w = 10, .box_h = 12, .ofs_x = 1, .ofs_y = 0},
    {.bitmap_index = 10742, .adv_w = 202, .box_w = 12, .box_h = 12, .ofs_x = 0, .ofs_y = 0},
    {.bitmap_index = 10814, .adv_w = 76, .box_w = 3, .box_h = 12, .ofs_x = 1, .ofs_y = 0},
    {.bitmap_index = 10832, .adv_w = 168, .box_w = 10, .box_h = 12, .ofs_x = 1, .ofs_y = 0},
    {.bitmap_index = 10892, .adv_w = 175, .box_w = 11, .box_h = 12, .ofs_x = 0, .ofs_y = 0},
    {.bitmap_index = 10958, .adv_w = 221, .box_w = 12, .box_h = 12, .ofs_x = 1, .ofs_y = 0},
    {.bitmap_index = 11030, .adv_w = 192, .box_w = 10, .box_h = 12, .ofs_x = 1, .ofs_y = 0},
    {.bitmap_index = 11090, .adv_w = 162, .box_w = 8, .box_h = 12, .ofs_x = 1, .ofs_y = 0},
    {.bitmap_index = 11138, .adv_w = 202, .box_w = 12, .box_h = 12, .ofs_x = 0, .ofs_y = 0},
    {.bitmap_index = 11210, .adv_w = 193, .box_w = 10, .box_h = 12, .ofs_x = 1, .ofs_y = 0},
    {.bitmap_index = 11270, .adv_w = 154, .box_w = 9, .box_h = 12, .ofs_x = 1, .ofs_y = 0},
    {.bitmap_index = 11324, .adv_w = 162, .box_w = 9, .box_h = 12, .ofs_x = 1, .ofs_y = 0},
    {.bitmap_index = 11378, .adv_w = 156, .box_w = 11, .box_h = 12, .ofs_x = -1, .ofs_y = 0},
    {.bitmap_index = 11444, .adv_w = 156, .box_w = 11, .box_h = 12, .ofs_x = -1, .ofs_y = 0},
    {.bitmap_index = 11510, .adv_w = 202, .box_w = 12, .box_h = 12, .ofs_x = 0, .ofs_y = 0},
    {.bitmap_index = 11582, .adv_w = 175, .box_w = 11, .box_h = 12, .ofs_x = 0, .ofs_y = 0},
    {.bitmap_index = 11648, .adv_w = 202, .box_w = 12, .box_h = 12, .ofs_x = 0, .ofs_y = 0},
    {.bitmap_index = 11720, .adv_w = 196, .box_w = 12, .box_h = 12, .ofs_x = 0, .ofs_y = 0},
    {.bitmap_index = 11792, .adv_w = 169, .box_w = 10, .box_h = 9, .ofs_x = 0, .ofs_y = 0},
    {.bitmap_index = 11837, .adv_w = 163, .box_w = 9, .box_h = 15, .ofs_x = 1, .ofs_y = -3},
    {.bitmap_index = 11905, .adv_w = 152, .box_w = 9, .box_h = 12, .ofs_x = 0, .ofs_y = -3},
    {.bitmap_index = 11959, .adv_w = 157, .box_w = 9, .box_h = 12, .ofs_x = 0, .ofs_y = 0},
    {.bitmap_index = 12013, .adv_w = 138, .box_w = 7, .box_h = 9, .ofs_x = 1, .ofs_y = 0},
    {.bitmap_index = 12045, .adv_w = 139, .box_w = 8, .box_h = 15, .ofs_x = 0, .ofs_y = -3},
    {.bitmap_index = 12105, .adv_w = 162, .box_w = 8, .box_h = 12, .ofs_x = 1, .ofs_y = -3},
    {.bitmap_index = 12153, .adv_w = 157, .box_w = 9, .box_h = 12, .ofs_x = 0, .ofs_y = 0},
    {.bitmap_index = 12207, .adv_w = 87, .box_w = 4, .box_h = 9, .ofs_x = 1, .ofs_y = 0},
    {.bitmap_index = 12225, .adv_w = 151, .box_w = 9, .box_h = 9, .ofs_x = 1, .ofs_y = 0},
    {.bitmap_index = 12266, .adv_w = 152, .box_w = 9, .box_h = 12, .ofs_x = 0, .ofs_y = 0},
    {.bitmap_index = 12320, .adv_w = 163, .box_w = 9, .box_h = 12, .ofs_x = 1, .ofs_y = -3},
    {.bitmap_index = 12374, .adv_w = 143, .box_w = 9, .box_h = 9, .ofs_x = 0, .ofs_y = 0},
    {.bitmap_index = 12415, .adv_w = 143, .box_w = 9, .box_h = 15, .ofs_x = 0, .ofs_y = -3},
    {.bitmap_index = 12483, .adv_w = 157, .box_w = 9, .box_h = 9, .ofs_x = 0, .ofs_y = 0},
    {.bitmap_index = 12524, .adv_w = 154, .box_w = 10, .box_h = 9, .ofs_x = 0, .ofs_y = 0},
    {.bitmap_index = 12569, .adv_w = 163, .box_w = 9, .box_h = 12, .ofs_x = 1, .ofs_y = -3},
    {.bitmap_index = 12623, .adv_w = 150, .box_w = 8, .box_h = 12, .ofs_x = 0, .ofs_y = -3},
    {.bitmap_index = 12671, .adv_w = 162, .box_w = 10, .box_h = 9, .ofs_x = 0, .ofs_y = 0},
    {.bitmap_index = 12716, .adv_w = 154, .box_w = 9, .box_h = 9, .ofs_x = 0, .ofs_y = 0},
    {.bitmap_index = 12757, .adv_w = 148, .box_w = 8, .box_h = 9, .ofs_x = 1, .ofs_y = 0},
    {.bitmap_index = 12793, .adv_w = 169, .box_w = 10, .box_h = 12, .ofs_x = 0, .ofs_y = -3},
    {.bitmap_index = 12853, .adv_w = 148, .box_w = 9, .box_h = 12, .ofs_x = 0, .ofs_y = -3},
    {.bitmap_index = 12907, .adv_w = 169, .box_w = 10, .box_h = 12, .ofs_x = 0, .ofs_y = -3},
    {.bitmap_index = 12967, .adv_w = 214, .box_w = 12, .box_h = 9, .ofs_x = 1, .ofs_y = 0},
    {.bitmap_index = 13021, .adv_w = 159, .box_w = 9, .box_h = 12, .ofs_x = 0, .ofs_y = 0},
    {.bitmap_index = 13075, .adv_w = 169, .box_w = 10, .box_h = 15, .ofs_x = 0, .ofs_y = -3},
    {.bitmap_index = 13150, .adv_w = 158, .box_w = 8, .box_h = 9, .ofs_x = 0, .ofs_y = 0},
    {.bitmap_index = 13186, .adv_w = 99, .box_w = 8, .box_h = 6, .ofs_x = -1, .ofs_y = 5},
    {.bitmap_index = 13210, .adv_w = 100, .box_w = 6, .box_h = 5, .ofs_x = 0, .ofs_y = 5},
    {.bitmap_index = 13225, .adv_w = 110, .box_w = 6, .box_h = 7, .ofs_x = 0, .ofs_y = 5},
    {.bitmap_index = 13246, .adv_w = 104, .box_w = 6, .box_h = 7, .ofs_x = 0, .ofs_y = 5},
    {.bitmap_index = 13267, .adv_w = 107, .box_w = 6, .box_h = 5, .ofs_x = 0, .ofs_y = 5},
    {.bitmap_index = 13282, .adv_w = 104, .box_w = 6, .box_h = 7, .ofs_x = 0, .ofs_y = 3},
    {.bitmap_index = 13303, .adv_w = 109, .box_w = 6, .box_h = 7, .ofs_x = 0, .ofs_y = 5},
    {.bitmap_index = 13324, .adv_w = 160, .box_w = 9, .box_h = 5, .ofs_x = 0, .ofs_y = 5},
    {.bitmap_index = 13347, .adv_w = 106, .box_w = 6, .box_h = 5, .ofs_x = 0, .ofs_y = 5},
    {.bitmap_index = 13362, .adv_w = 110, .box_w = 6, .box_h = 7, .ofs_x = 0, .ofs_y = 3},
    {.bitmap_index = 13383, .adv_w = 76, .box_w = 4, .box_h = 6, .ofs_x = 0, .ofs_y = 5},
    {.bitmap_index = 13395, .adv_w = 104, .box_w = 6, .box_h = 5, .ofs_x = 0, .ofs_y = 5},
    {.bitmap_index = 13410, .adv_w = 107, .box_w = 6, .box_h = 5, .ofs_x = 0, .ofs_y = 5},
    {.bitmap_index = 13425, .adv_w = 46, .box_w = 2, .box_h = 7, .ofs_x = 0, .ofs_y = 0},
    {.bitmap_index = 13432, .adv_w = 66, .box_w = 5, .box_h = 6, .ofs_x = 0, .ofs_y = 0},
    {.bitmap_index = 13447, .adv_w = 104, .box_w = 6, .box_h = 5, .ofs_x = 0, .ofs_y = 0},
    {.bitmap_index = 13462, .adv_w = 107, .box_w = 6, .box_h = 5, .ofs_x = 0, .ofs_y = 0},
    {.bitmap_index = 13477, .adv_w = 95, .box_w = 5, .box_h = 5, .ofs_x = 0, .ofs_y = 5},
    {.bitmap_index = 13490, .adv_w = 76, .box_w = 4, .box_h = 7, .ofs_x = 0, .ofs_y = 5},
    {.bitmap_index = 13504, .adv_w = 94, .box_w = 5, .box_h = 5, .ofs_x = 0, .ofs_y = 5},
    {.bitmap_index = 13517, .adv_w = 128, .box_w = 8, .box_h = 2, .ofs_x = 0, .ofs_y = 3},
    {.bitmap_index = 13525, .adv_w = 256, .box_w = 16, .box_h = 2, .ofs_x = 0, .ofs_y = 3},
    {.bitmap_index = 13541, .adv_w = 58, .box_w = 3, .box_h = 5, .ofs_x = 0, .ofs_y = 7},
    {.bitmap_index = 13549, .adv_w = 58, .box_w = 3, .box_h = 5, .ofs_x = 0, .ofs_y = 7},
    {.bitmap_index = 13557, .adv_w = 106, .box_w = 6, .box_h = 5, .ofs_x = 0, .ofs_y = 7},
    {.bitmap_index = 13572, .adv_w = 106, .box_w = 6, .box_h = 5, .ofs_x = 0, .ofs_y = 7},
    {.bitmap_index = 13587, .adv_w = 80, .box_w = 3, .box_h = 4, .ofs_x = 1, .ofs_y = 3},
    {.bitmap_index = 13593, .adv_w = 177, .box_w = 11, .box_h = 3, .ofs_x = 0, .ofs_y = 0},
    {.bitmap_index = 13610, .adv_w = 58, .box_w = 4, .box_h = 3, .ofs_x = 0, .ofs_y = 9},
    {.bitmap_index = 13616, .adv_w = 96, .box_w = 6, .box_h = 3, .ofs_x = 0, .ofs_y = 9},
    {.bitmap_index = 13625, .adv_w = 43, .box_w = 9, .box_h = 12, .ofs_x = -3, .ofs_y = 0},
    {.bitmap_index = 13679, .adv_w = 103, .box_w = 6, .box_h = 6, .ofs_x = 0, .ofs_y = 5},
    {.bitmap_index = 13697, .adv_w = 46, .box_w = 2, .box_h = 7, .ofs_x = 0, .ofs_y = 5},
    {.bitmap_index = 13704, .adv_w = 103, .box_w = 6, .box_h = 6, .ofs_x = 0, .ofs_y = 5},
    {.bitmap_index = 13722, .adv_w = 103, .box_w = 6, .box_h = 6, .ofs_x = 0, .ofs_y = 5},
    {.bitmap_index = 13740, .adv_w = 103, .box_w = 6, .box_h = 6, .ofs_x = 0, .ofs_y = 5},
    {.bitmap_index = 13758, .adv_w = 103, .box_w = 6, .box_h = 6, .ofs_x = 0, .ofs_y = 5},
    {.bitmap_index = 13776, .adv_w = 103, .box_w = 6, .box_h = 6, .ofs_x = 0, .ofs_y = 5},
    {.bitmap_index = 13794, .adv_w = 103, .box_w = 6, .box_h = 6, .ofs_x = 0, .ofs_y = 5},
    {.bitmap_index = 13812, .adv_w = 135, .box_w = 7, .box_h = 6, .ofs_x = 1, .ofs_y = 5},
    {.bitmap_index = 13833, .adv_w = 135, .box_w = 7, .box_h = 1, .ofs_x = 1, .ofs_y = 7},
    {.bitmap_index = 13837, .adv_w = 135, .box_w = 7, .box_h = 3, .ofs_x = 1, .ofs_y = 6},
    {.bitmap_index = 13848, .adv_w = 63, .box_w = 4, .box_h = 8, .ofs_x = 0, .ofs_y = 4},
    {.bitmap_index = 13864, .adv_w = 63, .box_w = 4, .box_h = 8, .ofs_x = 0, .ofs_y = 4},
    {.bitmap_index = 13880, .adv_w = 102, .box_w = 6, .box_h = 5, .ofs_x = 0, .ofs_y = 5},
    {.bitmap_index = 13895, .adv_w = 103, .box_w = 6, .box_h = 7, .ofs_x = 0, .ofs_y = 0},
    {.bitmap_index = 13916, .adv_w = 103, .box_w = 5, .box_h = 7, .ofs_x = 1, .ofs_y = 0},
    {.bitmap_index = 13934, .adv_w = 103, .box_w = 6, .box_h = 7, .ofs_x = 0, .ofs_y = 0},
    {.bitmap_index = 13955, .adv_w = 103, .box_w = 6, .box_h = 7, .ofs_x = 0, .ofs_y = 0},
    {.bitmap_index = 13976, .adv_w = 103, .box_w = 6, .box_h = 7, .ofs_x = 0, .ofs_y = 0},
    {.bitmap_index = 13997, .adv_w = 103, .box_w = 6, .box_h = 7, .ofs_x = 0, .ofs_y = 0},
    {.bitmap_index = 14018, .adv_w = 103, .box_w = 6, .box_h = 7, .ofs_x = 0, .ofs_y = 0},
    {.bitmap_index = 14039, .adv_w = 103, .box_w = 6, .box_h = 7, .ofs_x = 0, .ofs_y = 0},
    {.bitmap_index = 14060, .adv_w = 103, .box_w = 6, .box_h = 7, .ofs_x = 0, .ofs_y = 0},
    {.bitmap_index = 14081, .adv_w = 103, .box_w = 6, .box_h = 7, .ofs_x = 0, .ofs_y = 0},
    {.bitmap_index = 14102, .adv_w = 135, .box_w = 7, .box_h = 6, .ofs_x = 1, .ofs_y = 0},
    {.bitmap_index = 14123, .adv_w = 135, .box_w = 7, .box_h = 1, .ofs_x = 1, .ofs_y = 2},
    {.bitmap_index = 14127, .adv_w = 135, .box_w = 7, .box_h = 3, .ofs_x = 1, .ofs_y = 1},
    {.bitmap_index = 14138, .adv_w = 63, .box_w = 4, .box_h = 8, .ofs_x = 0, .ofs_y = -1},
    {.bitmap_index = 14154, .adv_w = 63, .box_w = 4, .box_h = 8, .ofs_x = 0, .ofs_y = -1},
    {.bitmap_index = 14170, .adv_w = 100, .box_w = 6, .box_h = 5, .ofs_x = 0, .ofs_y = 0},
    {.bitmap_index = 14185, .adv_w = 107, .box_w = 6, .box_h = 5, .ofs_x = 0, .ofs_y = 0},
    {.bitmap_index = 14200, .adv_w = 106, .box_w = 6, .box_h = 5, .ofs_x = 0, .ofs_y = 0},
    {.bitmap_index = 14215, .adv_w = 114, .box_w = 7, .box_h = 5, .ofs_x = 0, .ofs_y = 0},
    {.bitmap_index = 14233, .adv_w = 107, .box_w = 6, .box_h = 5, .ofs_x = 0, .ofs_y = 0},
    {.bitmap_index = 14248, .adv_w = 104, .box_w = 6, .box_h = 7, .ofs_x = 0, .ofs_y = 0},
    {.bitmap_index = 14269, .adv_w = 109, .box_w = 6, .box_h = 7, .ofs_x = 0, .ofs_y = 0},
    {.bitmap_index = 14290, .adv_w = 43, .box_w = 2, .box_h = 7, .ofs_x = 0, .ofs_y = 0},
    {.bitmap_index = 14297, .adv_w = 160, .box_w = 9, .box_h = 5, .ofs_x = 0, .ofs_y = 0},
    {.bitmap_index = 14320, .adv_w = 102, .box_w = 6, .box_h = 5, .ofs_x = 0, .ofs_y = 0},
    {.bitmap_index = 14335, .adv_w = 110, .box_w = 6, .box_h = 7, .ofs_x = 0, .ofs_y = -2},
    {.bitmap_index = 14356, .adv_w = 96, .box_w = 6, .box_h = 5, .ofs_x = 0, .ofs_y = 0},
    {.bitmap_index = 14371, .adv_w = 76, .box_w = 4, .box_h = 7, .ofs_x = 0, .ofs_y = 0},
    {.bitmap_index = 14385, .adv_w = 207, .box_w = 13, .box_h = 12, .ofs_x = 0, .ofs_y = 0},
    {.bitmap_index = 14463, .adv_w = 179, .box_w = 11, .box_h = 13, .ofs_x = 0, .ofs_y = -1},
    {.bitmap_index = 14535, .adv_w = 162, .box_w = 10, .box_h = 13, .ofs_x = 0, .ofs_y = 0},
    {.bitmap_index = 14600, .adv_w = 106, .box_w = 7, .box_h = 13, .ofs_x = -1, .ofs_y = -1},
    {.bitmap_index = 14646, .adv_w = 205, .box_w = 10, .box_h = 12, .ofs_x = 1, .ofs_y = 0},
    {.bitmap_index = 14706, .adv_w = 202, .box_w = 12, .box_h = 15, .ofs_x = 0, .ofs_y = -3},
    {.bitmap_index = 14796, .adv_w = 203, .box_w = 12, .box_h = 12, .ofs_x = 1, .ofs_y = 0},
    {.bitmap_index = 14868, .adv_w = 191, .box_w = 12, .box_h = 12, .ofs_x = 0, .ofs_y = 0},
    {.bitmap_index = 14940, .adv_w = 248, .box_w = 14, .box_h = 12, .ofs_x = 1, .ofs_y = 0},
    {.bitmap_index = 15024, .adv_w = 248, .box_w = 14, .box_h = 12, .ofs_x = 1, .ofs_y = 0},
    {.bitmap_index = 15108, .adv_w = 351, .box_w = 21, .box_h = 12, .ofs_x = 1, .ofs_y = 0},
    {.bitmap_index = 15234, .adv_w = 248, .box_w = 14, .box_h = 12, .ofs_x = 1, .ofs_y = 0},
    {.bitmap_index = 15318, .adv_w = 248, .box_w = 15, .box_h = 12, .ofs_x = 0, .ofs_y = 0},
    {.bitmap_index = 15408, .adv_w = 248, .box_w = 14, .box_h = 12, .ofs_x = 1, .ofs_y = 0},
    {.bitmap_index = 15492, .adv_w = 248, .box_w = 15, .box_h = 12, .ofs_x = 0, .ofs_y = 0},
    {.bitmap_index = 15582, .adv_w = 248, .box_w = 15, .box_h = 12, .ofs_x = 0, .ofs_y = 0},
    {.bitmap_index = 15672, .adv_w = 248, .box_w = 15, .box_h = 12, .ofs_x = 0, .ofs_y = 0},
    {.bitmap_index = 15762, .adv_w = 248, .box_w = 14, .box_h = 12, .ofs_x = 1, .ofs_y = 0},
    {.bitmap_index = 15846, .adv_w = 248, .box_w = 15, .box_h = 12, .ofs_x = 0, .ofs_y = 0},
    {.bitmap_index = 15936, .adv_w = 248, .box_w = 14, .box_h = 12, .ofs_x = 1, .ofs_y = 0},
    {.bitmap_index = 16020, .adv_w = 248, .box_w = 15, .box_h = 12, .ofs_x = 0, .ofs_y = 0},
    {.bitmap_index = 16110, .adv_w = 248, .box_w = 15, .box_h = 12, .ofs_x = 0, .ofs_y = 0},
    {.bitmap_index = 16200, .adv_w = 248, .box_w = 15, .box_h = 12, .ofs_x = 0, .ofs_y = 0},
    {.bitmap_index = 16290, .adv_w = 215, .box_w = 13, .box_h = 8, .ofs_x = 0, .ofs_y = 1},
    {.bitmap_index = 16342, .adv_w = 215, .box_w = 8, .box_h = 12, .ofs_x = 3, .ofs_y = 0},
    {.bitmap_index = 16390, .adv_w = 215, .box_w = 13, .box_h = 8, .ofs_x = 0, .ofs_y = 1},
    {.bitmap_index = 16442, .adv_w = 215, .box_w = 8, .box_h = 13, .ofs_x = 3, .ofs_y = -1},
    {.bitmap_index = 16494, .adv_w = 215, .box_w = 13, .box_h = 8, .ofs_x = 0, .ofs_y = 1},
    {.bitmap_index = 16546, .adv_w = 215, .box_w = 13, .box_h = 8, .ofs_x = 0, .ofs_y = 1},
    {.bitmap_index = 16598, .adv_w = 215, .box_w = 8, .box_h = 12, .ofs_x = 3, .ofs_y = 0},
    {.bitmap_index = 16646, .adv_w = 215, .box_w = 13, .box_h = 8, .ofs_x = 0, .ofs_y = 1},
    {.bitmap_index = 16698, .adv_w = 215, .box_w = 8, .box_h = 13, .ofs_x = 3, .ofs_y = -1},
    {.bitmap_index = 16750, .adv_w = 215, .box_w = 13, .box_h = 8, .ofs_x = 0, .ofs_y = 1},
    {.bitmap_index = 16802, .adv_w = 175, .box_w = 11, .box_h = 12, .ofs_x = 0, .ofs_y = 0},
    {.bitmap_index = 16868, .adv_w = 132, .box_w = 8, .box_h = 12, .ofs_x = 0, .ofs_y = -1},
    {.bitmap_index = 16916, .adv_w = 162, .box_w = 9, .box_h = 12, .ofs_x = 1, .ofs_y = 0},
    {.bitmap_index = 16970, .adv_w = 223, .box_w = 12, .box_h = 13, .ofs_x = 1, .ofs_y = -1},
    {.bitmap_index = 17048, .adv_w = 171, .box_w = 12, .box_h = 13, .ofs_x = -1, .ofs_y = -1},
    {.bitmap_index = 17126, .adv_w = 223, .box_w = 12, .box_h = 13, .ofs_x = 1, .ofs_y = -1},
    {.bitmap_index = 17204, .adv_w = 223, .box_w = 12, .box_h = 17, .ofs_x = 1, .ofs_y = -3},
    {.bitmap_index = 17306, .adv_w = 194, .box_w = 10, .box_h = 16, .ofs_x = 1, .ofs_y = -4},
    {.bitmap_index = 17386, .adv_w = 173, .box_w = 11, .box_h = 16, .ofs_x = 0, .ofs_y = -4},
    {.bitmap_index = 17474, .adv_w = 215, .box_w = 11, .box_h = 2, .ofs_x = 1, .ofs_y = 4},
    {.bitmap_index = 17485, .adv_w = 215, .box_w = 11, .box_h = 11, .ofs_x = 1, .ofs_y = 0},
    {.bitmap_index = 17546, .adv_w = 160, .box_w = 6, .box_h = 6, .ofs_x = 2, .ofs_y = 2},
    {.bitmap_index = 17564, .adv_w = 160, .box_w = 6, .box_h = 6, .ofs_x = 2, .ofs_y = 2},
    {.bitmap_index = 17582, .adv_w = 163, .box_w = 11, .box_h = 14, .ofs_x = 0, .ofs_y = -1},
    {.bitmap_index = 17659, .adv_w = 163, .box_w = 11, .box_h = 16, .ofs_x = 0, .ofs_y = -1},
    {.bitmap_index = 17747, .adv_w = 183, .box_w = 9, .box_h = 7, .ofs_x = 1, .ofs_y = 1},
    {.bitmap_index = 17779, .adv_w = 213, .box_w = 11, .box_h = 7, .ofs_x = 1, .ofs_y = 1},
    {.bitmap_index = 17818, .adv_w = 230, .box_w = 12, .box_h = 12, .ofs_x = 1, .ofs_y = 0},
    {.bitmap_index = 17890, .adv_w = 128, .box_w = 4, .box_h = 17, .ofs_x = 2, .ofs_y = -4},
    {.bitmap_index = 17924, .adv_w = 128, .box_w = 8, .box_h = 17, .ofs_x = 0, .ofs_y = -4},
    {.bitmap_index = 17992, .adv_w = 187, .box_w = 8, .box_h = 10, .ofs_x = 2, .ofs_y = 0},
    {.bitmap_index = 18032, .adv_w = 187, .box_w = 8, .box_h = 10, .ofs_x = 2, .ofs_y = 0},
    {.bitmap_index = 18072, .adv_w = 187, .box_w = 8, .box_h = 10, .ofs_x = 2, .ofs_y = 0},
    {.bitmap_index = 18112, .adv_w = 187, .box_w = 8, .box_h = 10, .ofs_x = 2, .ofs_y = 0},
    {.bitmap_index = 18152, .adv_w = 133, .box_w = 7, .box_h = 17, .ofs_x = 1, .ofs_y = -4},
    {.bitmap_index = 18212, .adv_w = 202, .box_w = 11, .box_h = 17, .ofs_x = 1, .ofs_y = -4},
    {.bitmap_index = 18306, .adv_w = 133, .box_w = 8, .box_h = 17, .ofs_x = 0, .ofs_y = -4},
    {.bitmap_index = 18374, .adv_w = 163, .box_w = 10, .box_h = 9, .ofs_x = 0, .ofs_y = 1},
    {.bitmap_index = 18419, .adv_w = 163, .box_w = 10, .box_h = 9, .ofs_x = 0, .ofs_y = 1},
    {.bitmap_index = 18464, .adv_w = 215, .box_w = 11, .box_h = 4, .ofs_x = 1, .ofs_y = 3},
    {.bitmap_index = 18486, .adv_w = 215, .box_w = 11, .box_h = 9, .ofs_x = 1, .ofs_y = 1},
    {.bitmap_index = 18536, .adv_w = 215, .box_w = 11, .box_h = 8, .ofs_x = 1, .ofs_y = 1},
    {.bitmap_index = 18580, .adv_w = 215, .box_w = 11, .box_h = 10, .ofs_x = 1, .ofs_y = 0},
    {.bitmap_index = 18635, .adv_w = 215, .box_w = 11, .box_h = 8, .ofs_x = 1, .ofs_y = 1},
    {.bitmap_index = 18679, .adv_w = 215, .box_w = 11, .box_h = 10, .ofs_x = 1, .ofs_y = 0},
    {.bitmap_index = 18734, .adv_w = 215, .box_w = 11, .box_h = 10, .ofs_x = 1, .ofs_y = 0},
    {.bitmap_index = 18789, .adv_w = 268, .box_w = 15, .box_h = 10, .ofs_x = 1, .ofs_y = 0},
    {.bitmap_index = 18864, .adv_w = 268, .box_w = 15, .box_h = 10, .ofs_x = 1, .ofs_y = 0},
    {.bitmap_index = 18939, .adv_w = 215, .box_w = 11, .box_h = 8, .ofs_x = 1, .ofs_y = 1},
    {.bitmap_index = 18983, .adv_w = 215, .box_w = 11, .box_h = 8, .ofs_x = 1, .ofs_y = 1},
    {.bitmap_index = 19027, .adv_w = 215, .box_w = 11, .box_h = 10, .ofs_x = 1, .ofs_y = 0},
    {.bitmap_index = 19082, .adv_w = 215, .box_w = 12, .box_h = 10, .ofs_x = 1, .ofs_y = 0},
    {.bitmap_index = 19142, .adv_w = 215, .box_w = 12, .box_h = 12, .ofs_x = 1, .ofs_y = -1},
    {.bitmap_index = 19214, .adv_w = 215, .box_w = 12, .box_h = 12, .ofs_x = 1, .ofs_y = -1},
    {.bitmap_index = 19286, .adv_w = 223, .box_w = 12, .box_h = 12, .ofs_x = 1, .ofs_y = 0},
    {.bitmap_index = 19358, .adv_w = 81, .box_w = 3, .box_h = 3, .ofs_x = 1, .ofs_y = 4},
    {.bitmap_index = 19363, .adv_w = 256, .box_w = 14, .box_h = 3, .ofs_x = 1, .ofs_y = 3},
    {.bitmap_index = 19384, .adv_w = 100, .box_w = 4, .box_h = 16, .ofs_x = 1, .ofs_y = -3},
    {.bitmap_index = 19416, .adv_w = 100, .box_w = 4, .box_h = 16, .ofs_x = 1, .ofs_y = -3},
    {.bitmap_index = 19448, .adv_w = 100, .box_w = 4, .box_h = 16, .ofs_x = 1, .ofs_y = -3},
    {.bitmap_index = 19480, .adv_w = 100, .box_w = 4, .box_h = 16, .ofs_x = 1, .ofs_y = -3},
    {.bitmap_index = 19512, .adv_w = 215, .box_w = 9, .box_h = 10, .ofs_x = 2, .ofs_y = 1},
    {.bitmap_index = 19557, .adv_w = 215, .box_w = 11, .box_h = 13, .ofs_x = 1, .ofs_y = -1},
    {.bitmap_index = 19629, .adv_w = 45, .box_w = 3, .box_h = 9, .ofs_x = -1, .ofs_y = -2},
    {.bitmap_index = 19643, .adv_w = 256, .box_w = 16, .box_h = 17, .ofs_x = 0, .ofs_y = -2},
    {.bitmap_index = 19779, .adv_w = 256, .box_w = 16, .box_h = 12, .ofs_x = 0, .ofs_y = 0},
    {.bitmap_index = 19875, .adv_w = 256, .box_w = 16, .box_h = 14, .ofs_x = 0, .ofs_y = -1},
    {.bitmap_index = 19987, .adv_w = 256, .box_w = 16, .box_h = 12, .ofs_x = 0, .ofs_y = 0},
    {.bitmap_index = 20083, .adv_w = 176, .box_w = 11, .box_h = 12, .ofs_x = 0, .ofs_y = 0},
    {.bitmap_index = 20149, .adv_w = 256, .box_w = 16, .box_h = 16, .ofs_x = 0, .ofs_y = -2},
    {.bitmap_index = 20277, .adv_w = 256, .box_w = 16, .box_h = 16, .ofs_x = 0, .ofs_y = -2},
    {.bitmap_index = 20405, .adv_w = 288, .box_w = 18, .box_h = 14, .ofs_x = 0, .ofs_y = -1},
    {.bitmap_index = 20531, .adv_w = 256, .box_w = 16, .box_h = 16, .ofs_x = 0, .ofs_y = -2},
    {.bitmap_index = 20659, .adv_w = 288, .box_w = 18, .box_h = 12, .ofs_x = 0, .ofs_y = 0},
    {.bitmap_index = 20767, .adv_w = 256, .box_w = 16, .box_h = 16, .ofs_x = 0, .ofs_y = -2},
    {.bitmap_index = 20895, .adv_w = 128, .box_w = 8, .box_h = 14, .ofs_x = 0, .ofs_y = -1},
    {.bitmap_index = 20951, .adv_w = 192, .box_w = 12, .box_h = 14, .ofs_x = 0, .ofs_y = -1},
    {.bitmap_index = 21035, .adv_w = 288, .box_w = 18, .box_h = 16, .ofs_x = 0, .ofs_y = -2},
    {.bitmap_index = 21179, .adv_w = 256, .box_w = 16, .box_h = 12, .ofs_x = 0, .ofs_y = 0},
    {.bitmap_index = 21275, .adv_w = 176, .box_w = 11, .box_h = 16, .ofs_x = 0, .ofs_y = -2},
    {.bitmap_index = 21363, .adv_w = 224, .box_w = 10, .box_h = 16, .ofs_x = 2, .ofs_y = -2},
    {.bitmap_index = 21443, .adv_w = 224, .box_w = 14, .box_h = 18, .ofs_x = 0, .ofs_y = -3},
    {.bitmap_index = 21569, .adv_w = 224, .box_w = 14, .box_h = 15, .ofs_x = 0, .ofs_y = -1},
    {.bitmap_index = 21674, .adv_w = 224, .box_w = 14, .box_h = 14, .ofs_x = 0, .ofs_y = -1},
    {.bitmap_index = 21772, .adv_w = 224, .box_w = 10, .box_h = 16, .ofs_x = 2, .ofs_y = -2},
    {.bitmap_index = 21852, .adv_w = 224, .box_w = 16, .box_h = 14, .ofs_x = -1, .ofs_y = -1},
    {.bitmap_index = 21964, .adv_w = 160, .box_w = 10, .box_h = 14, .ofs_x = 0, .ofs_y = -1},
    {.bitmap_index = 22034, .adv_w = 160, .box_w = 10, .box_h = 14, .ofs_x = 0, .ofs_y = -1},
    {.bitmap_index = 22104, .adv_w = 224, .box_w = 14, .box_h = 14, .ofs_x = 0, .ofs_y = -1},
    {.bitmap_index = 22202, .adv_w = 224, .box_w = 14, .box_h = 4, .ofs_x = 0, .ofs_y = 4},
    {.bitmap_index = 22230, .adv_w = 288, .box_w = 18, .box_h = 12, .ofs_x = 0, .ofs_y = 0},
    {.bitmap_index = 22338, .adv_w = 320, .box_w = 20, .box_h = 16, .ofs_x = 0, .ofs_y = -2},
    {.bitmap_index = 22498, .adv_w = 288, .box_w = 20, .box_h = 16, .ofs_x = -1, .ofs_y = -2},
    {.bitmap_index = 22658, .adv_w = 256, .box_w = 16, .box_h = 16, .ofs_x = 0, .ofs_y = -2},
    {.bitmap_index = 22786, .adv_w = 224, .box_w = 14, .box_h = 10, .ofs_x = 0, .ofs_y = 1},
    {.bitmap_index = 22856, .adv_w = 224, .box_w = 14, .box_h = 10, .ofs_x = 0, .ofs_y = 1},
    {.bitmap_index = 22926, .adv_w = 320, .box_w = 20, .box_h = 14, .ofs_x = 0, .ofs_y = -1},
    {.bitmap_index = 23066, .adv_w = 256, .box_w = 16, .box_h = 12, .ofs_x = 0, .ofs_y = 0},
    {.bitmap_index = 23162, .adv_w = 256, .box_w = 16, .box_h = 16, .ofs_x = 0, .ofs_y = -2},
    {.bitmap_index = 23290, .adv_w = 256, .box_w = 17, .box_h = 17, .ofs_x = -1, .ofs_y = -2},
    {.bitmap_index = 23435, .adv_w = 224, .box_w = 15, .box_h = 14, .ofs_x = 0, .ofs_y = -1},
    {.bitmap_index = 23540, .adv_w = 224, .box_w = 14, .box_h = 16, .ofs_x = 0, .ofs_y = -2},
    {.bitmap_index = 23652, .adv_w = 224, .box_w = 14, .box_h = 14, .ofs_x = 0, .ofs_y = -1},
    {.bitmap_index = 23750, .adv_w = 224, .box_w = 14, .box_h = 14, .ofs_x = 0, .ofs_y = -1},
    {.bitmap_index = 23848, .adv_w = 256, .box_w = 16, .box_h = 12, .ofs_x = 0, .ofs_y = 0},
    {.bitmap_index = 23944, .adv_w = 160, .box_w = 12, .box_h = 16, .ofs_x = -1, .ofs_y = -2},
    {.bitmap_index = 24040, .adv_w = 224, .box_w = 14, .box_h = 16, .ofs_x = 0, .ofs_y = -2},
    {.bitmap_index = 24152, .adv_w = 224, .box_w = 14, .box_h = 16, .ofs_x = 0, .ofs_y = -2},
    {.bitmap_index = 24264, .adv_w = 288, .box_w = 18, .box_h = 12, .ofs_x = 0, .ofs_y = 0},
    {.bitmap_index = 24372, .adv_w = 256, .box_w = 18, .box_h = 18, .ofs_x = -1, .ofs_y = -3},
    {.bitmap_index = 24534, .adv_w = 192, .box_w = 12, .box_h = 16, .ofs_x = 0, .ofs_y = -2},
    {.bitmap_index = 24630, .adv_w = 320, .box_w = 20, .box_h = 15, .ofs_x = 0, .ofs_y = -1},
    {.bitmap_index = 24780, .adv_w = 320, .box_w = 20, .box_h = 10, .ofs_x = 0, .ofs_y = 1},
    {.bitmap_index = 24880, .adv_w = 320, .box_w = 20, .box_h = 10, .ofs_x = 0, .ofs_y = 1},
    {.bitmap_index = 24980, .adv_w = 320, .box_w = 20, .box_h = 10, .ofs_x = 0, .ofs_y = 1},
    {.bitmap_index = 25080, .adv_w = 320, .box_w = 20, .box_h = 10, .ofs_x = 0, .ofs_y = 1},
    {.bitmap_index = 25180, .adv_w = 320, .box_w = 20, .box_h = 10, .ofs_x = 0, .ofs_y = 1},
    {.bitmap_index = 25280, .adv_w = 320, .box_w = 21, .box_h = 14, .ofs_x = 0, .ofs_y = -1},
    {.bitmap_index = 25427, .adv_w = 224, .box_w = 12, .box_h = 16, .ofs_x = 1, .ofs_y = -2},
    {.bitmap_index = 25523, .adv_w = 224, .box_w = 14, .box_h = 16, .ofs_x = 0, .ofs_y = -2},
    {.bitmap_index = 25635, .adv_w = 256, .box_w = 17, .box_h = 17, .ofs_x = -1, .ofs_y = -3},
    {.bitmap_index = 25780, .adv_w = 320, .box_w = 20, .box_h = 12, .ofs_x = 0, .ofs_y = 0},
    {.bitmap_index = 25900, .adv_w = 192, .box_w = 12, .box_h = 16, .ofs_x = 0, .ofs_y = -2},
    {.bitmap_index = 25996, .adv_w = 258, .box_w = 17, .box_h = 11, .ofs_x = 0, .ofs_y = 1}
};

/*---------------------
 *  CHARACTER MAPPING
 *--------------------*/

static const uint16_t unicode_list_2[] = {
    0x0, 0x2, 0x3, 0x7, 0x8, 0x31, 0x32, 0x33
};

static const uint16_t unicode_list_6[] = {
    0x0, 0x4, 0x24, 0x196f, 0x1972, 0x1976, 0x1977, 0x1978,
    0x197c, 0x197e, 0x197f, 0x1981, 0x1985, 0x1986, 0x1987, 0x198a,
    0x1991, 0x1992, 0x1993, 0x1994, 0x19cb, 0x19cf, 0x19ea, 0x1c42,
    0x1c43, 0x1c47, 0x1c48, 0x1c4b, 0x1c4c, 0x1c51, 0x1c55, 0x1c61,
    0x1c62, 0x1c73, 0x1c9f, 0x1ca0
};

static const uint16_t unicode_list_9[] = {
    0x0, 0x56, 0x63, 0x67, 0x69, 0x6e, 0x71, 0x78,
    0xa4, 0xa5, 0xa6, 0xa7, 0xa8, 0xa9, 0xaa, 0xab,
    0xac, 0xad, 0xae, 0xaf, 0xb0, 0xb1, 0xb2, 0xe4,
    0xe5, 0xe6, 0xe7, 0xe8, 0x124, 0x125, 0x126, 0x127,
    0x128, 0x154, 0x156, 0x157, 0x159, 0x15b, 0x15c, 0x15d,
    0x163, 0x165, 0x166, 0x167, 0x16c, 0x16d, 0x16e, 0x16f,
    0x171, 0x172, 0x174, 0x179, 0x17a, 0x17b, 0x17c, 0x17d,
    0x17e, 0x17f, 0x180, 0x182, 0x188, 0x189, 0x190, 0x199,
    0x19c, 0x1b4, 0x1b5, 0x1b8, 0x1b9, 0x1be, 0x1bf, 0x1d6,
    0x1d7, 0x1da, 0x1db, 0x1e9, 0x1eb, 0x1f9, 0x219, 0x243,
    0x25c, 0x25d, 0x25e, 0x25f, 0x667, 0x66b, 0xbd0, 0xcf55,
    0xcf5c, 0xcf5f, 0xcf60, 0xcf61, 0xcf65, 0xcf67, 0xcf69, 0xcf6d,
    0xcf70, 0xcf75, 0xcf7a, 0xcf7b, 0xcf7c, 0xcf92, 0xcf97, 0xcf9c,
    0xcf9f, 0xcfa0, 0xcfa1, 0xcfa5, 0xcfa6, 0xcfa7, 0xcfa8, 0xcfbb,
    0xcfbc, 0xcfc2, 0xcfc4, 0xcfc5, 0xcfc8, 0xcfcb, 0xcfcc, 0xcfcd,
    0xcfcf, 0xcfe7, 0xcfe9, 0xd018, 0xd019, 0xd01b, 0xd01d, 0xd034,
    0xd03b, 0xd03e, 0xd047, 0xd070, 0xd078, 0xd0af, 0xd13f, 0xd194,
    0xd195, 0xd196, 0xd197, 0xd198, 0xd1db, 0xd1e7, 0xd241, 0xd258,
    0xd4ae, 0xd716, 0xd7f6
};

/*Collect the unicode lists and glyph_id offsets*/
static const lv_font_fmt_txt_cmap_t cmaps[] =
{
    {
        .range_start = 32, .range_length = 95, .glyph_id_start = 1,
        .unicode_list = NULL, .glyph_id_ofs_list = NULL, .list_length = 0, .type = LV_FONT_FMT_TXT_CMAP_FORMAT0_TINY
    },
    {
        .range_start = 160, .range_length = 96, .glyph_id_start = 96,
        .unicode_list = NULL, .glyph_id_ofs_list = NULL, .list_length = 0, .type = LV_FONT_FMT_TXT_CMAP_FORMAT0_TINY
    },
    {
        .range_start = 688, .range_length = 52, .glyph_id_start = 192,
        .unicode_list = unicode_list_2, .glyph_id_ofs_list = NULL, .list_length = 8, .type = LV_FONT_FMT_TXT_CMAP_SPARSE_TINY
    },
    {
        .range_start = 913, .range_length = 17, .glyph_id_start = 200,
        .unicode_list = NULL, .glyph_id_ofs_list = NULL, .list_length = 0, .type = LV_FONT_FMT_TXT_CMAP_FORMAT0_TINY
    },
    {
        .range_start = 931, .range_length = 7, .glyph_id_start = 217,
        .unicode_list = NULL, .glyph_id_ofs_list = NULL, .list_length = 0, .type = LV_FONT_FMT_TXT_CMAP_FORMAT0_TINY
    },
    {
        .range_start = 945, .range_length = 25, .glyph_id_start = 224,
        .unicode_list = NULL, .glyph_id_ofs_list = NULL, .list_length = 0, .type = LV_FONT_FMT_TXT_CMAP_FORMAT0_TINY
    },
    {
        .range_start = 977, .range_length = 7329, .glyph_id_start = 249,
        .unicode_list = unicode_list_6, .glyph_id_ofs_list = NULL, .list_length = 36, .type = LV_FONT_FMT_TXT_CMAP_SPARSE_TINY
    },
    {
        .range_start = 8308, .range_length = 27, .glyph_id_start = 285,
        .unicode_list = NULL, .glyph_id_ofs_list = NULL, .list_length = 0, .type = LV_FONT_FMT_TXT_CMAP_FORMAT0_TINY
    },
    {
        .range_start = 8336, .range_length = 13, .glyph_id_start = 312,
        .unicode_list = NULL, .glyph_id_ofs_list = NULL, .list_length = 0, .type = LV_FONT_FMT_TXT_CMAP_FORMAT0_TINY
    },
    {
        .range_start = 8364, .range_length = 55287, .glyph_id_start = 325,
        .unicode_list = unicode_list_9, .glyph_id_ofs_list = NULL, .list_length = 147, .type = LV_FONT_FMT_TXT_CMAP_SPARSE_TINY
    }
};

/*-----------------
 *    KERNING
 *----------------*/


/*Map glyph_ids to kern left classes*/
static const uint8_t kern_left_class_mapping[] =
{
    0, 0, 1, 2, 0, 3, 4, 5,
    2, 6, 7, 8, 9, 10, 9, 10,
    11, 12, 0, 13, 14, 15, 16, 17,
    18, 19, 12, 20, 20, 0, 0, 0,
    21, 22, 23, 24, 25, 22, 26, 27,
    28, 29, 29, 30, 31, 32, 29, 29,
    22, 33, 34, 35, 3, 36, 30, 37,
    37, 38, 39, 40, 41, 42, 43, 0,
    44, 0, 45, 46, 47, 48, 49, 50,
    51, 45, 52, 52, 53, 48, 45, 45,
    46, 46, 54, 55, 56, 57, 51, 58,
    58, 59, 58, 60, 41, 0, 0, 9,
    0, 61, 47, 62, 63, 64, 0, 65,
    0, 22, 8, 66, 0, 9, 22, 0,
    67, 0, 0, 0, 0, 51, 29, 9,
    0, 0, 8, 9, 0, 0, 0, 68,
    23, 23, 23, 23, 23, 23, 26, 25,
    26, 26, 26, 26, 29, 29, 29, 29,
    22, 29, 22, 22, 22, 22, 22, 0,
    22, 30, 30, 30, 30, 39, 69, 46,
    45, 45, 45, 45, 45, 45, 49, 47,
    49, 49, 49, 49, 51, 51, 70, 51,
    71, 45, 46, 46, 46, 46, 46, 9,
    46, 51, 51, 51, 51, 58, 46, 58,
    0, 0, 0, 0, 0, 0, 0, 0,
    0, 0, 0, 0, 0, 0, 0, 0,
    0, 0, 0, 0, 0, 0, 0, 0,
    0, 0, 0, 0, 0, 0, 0, 0,
    0, 0, 0, 0, 0, 0, 0, 0,
    0, 0, 0, 0, 0, 0, 0, 0,
    0, 0, 0, 0, 0, 0, 0, 0,
    0, 0, 0, 0, 0, 0, 0, 0,
    0, 0, 0, 0, 0, 0, 0, 0,
    0, 0, 0, 0, 0, 0, 0, 0,
    0, 0, 72, 73, 72, 73, 9, 10,
    0, 0, 0, 0, 0, 0, 0, 0,
    0, 0, 0, 0, 0, 0, 0, 0,
    0, 0, 0, 0, 0, 0, 0, 0,
    0, 0, 0, 0, 0, 0, 0, 0,
    0, 0, 0, 0, 0, 0, 0, 0,
    0, 0, 0, 0, 0, 25, 0, 0,
    0, 0, 0, 0, 0, 0, 0, 0,
    0, 0, 0, 0, 0, 0, 0, 0,
    0, 0, 0, 0, 0, 0, 0, 0,
    0, 0, 0, 0, 0, 0, 0, 0,
    0, 0, 0, 0, 0, 0, 0, 0,
    0, 0, 0, 0, 0, 0, 0, 0,
    0, 0, 0, 0, 0, 0, 0, 0,
    0, 0, 0, 0, 0, 0, 0, 0,
    0, 0, 0, 0, 0, 0, 0, 0,
    0, 0, 0, 0, 0, 0, 0, 0,
    0, 0, 0, 0, 0, 0, 0, 0,
    0, 0, 0, 0, 0, 0, 0, 0,
    0, 0, 0, 0, 0, 0, 0, 0,
    0, 0, 0, 0, 0, 0, 0, 0,
    0, 0, 0, 0, 0, 0, 0, 0,
    0, 0, 0, 0, 0, 0, 0, 0,
    0, 0, 0, 0, 0, 0, 0, 0,
    0, 0, 0, 0, 0, 0, 0, 0
};

/*Map glyph_ids to kern right classes*/
static const uint8_t kern_right_class_mapping[] =
{
    0, 0, 1, 2, 0, 3, 4, 5,
    2, 6, 7, 8, 9, 10, 9, 10,
    11, 12, 13, 14, 15, 16, 17, 12,
    18, 19, 20, 21, 21, 0, 0, 0,
    22, 23, 24, 25, 23, 25, 25, 25,
    23, 25, 25, 26, 25, 25, 25, 25,
    23, 25, 23, 25, 3, 27, 28, 29,
    29, 30, 31, 32, 33, 34, 35, 0,
    36, 0, 37, 38, 39, 39, 39, 0,
    39, 38, 40, 41, 38, 38, 42, 42,
    39, 42, 39, 42, 43, 44, 45, 46,
    46, 47, 46, 48, 0, 0, 35, 9,
    0, 49, 39, 50, 51, 52, 0, 53,
    0, 23, 8, 9, 9, 9, 23, 0,
    54, 0, 0, 0, 0, 42, 55, 9,
    0, 0, 8, 56, 0, 0, 0, 57,
    24, 24, 24, 24, 24, 24, 24, 23,
    25, 25, 25, 25, 25, 25, 25, 25,
    25, 25, 23, 23, 23, 23, 23, 0,
    23, 28, 28, 28, 28, 31, 25, 38,
    37, 37, 37, 37, 37, 37, 37, 39,
    39, 39, 39, 39, 58, 42, 59, 60,
    39, 42, 39, 39, 39, 39, 39, 9,
    39, 45, 45, 45, 45, 46, 38, 46,
    0, 0, 0, 0, 0, 0, 0, 0,
    0, 0, 0, 0, 0, 0, 0, 0,
    0, 0, 0, 0, 0, 0, 0, 0,
    0, 0, 0, 0, 0, 0, 0, 0,
    0, 0, 0, 0, 0, 0, 0, 0,
    0, 0, 0, 0, 0, 0, 0, 0,
    0, 0, 0, 0, 0, 0, 0, 0,
    0, 0, 0, 0, 0, 0, 0, 0,
    0, 0, 0, 0, 0, 0, 0, 0,
    0, 0, 0, 0, 0, 0, 0, 0,
    0, 0, 61, 62, 61, 62, 9, 10,
    0, 0, 0, 0, 0, 0, 0, 0,
    0, 0, 0, 0, 0, 0, 0, 0,
    0, 0, 0, 0, 0, 0, 0, 0,
    0, 0, 0, 0, 0, 0, 0, 0,
    0, 0, 0, 0, 0, 0, 0, 0,
    0, 0, 0, 0, 0, 51, 0, 0,
    0, 0, 0, 0, 0, 0, 0, 0,
    0, 0, 0, 0, 0, 0, 0, 0,
    0, 0, 0, 0, 0, 0, 0, 0,
    0, 0, 0, 0, 0, 0, 0, 0,
    0, 0, 0, 0, 0, 0, 0, 0,
    0, 0, 0, 0, 0, 0, 0, 0,
    0, 0, 0, 0, 0, 0, 0, 0,
    0, 0, 0, 0, 0, 0, 0, 0,
    0, 0, 0, 0, 0, 0, 0, 0,
    0, 0, 0, 0, 0, 0, 0, 0,
    0, 0, 0, 0, 0, 0, 0, 0,
    0, 0, 0, 0, 0, 0, 0, 0,
    0, 0, 0, 0, 0, 0, 0, 0,
    0, 0, 0, 0, 0, 0, 0, 0,
    0, 0, 0, 0, 0, 0, 0, 0,
    0, 0, 0, 0, 0, 0, 0, 0,
    0, 0, 0, 0, 0, 0, 0, 0,
    0, 0, 0, 0, 0, 0, 0, 0
};

/*Kern values between classes*/
static const int8_t kern_class_values[] =
{
    0, 1, 0, 0, 0, 0, 0, 0,
    0, 1, 0, 0, 3, 0, 0, 0,
    0, 2, 0, 0, 0, 0, 0, 0,
    0, 0, 0, 0, 0, 0, 0, 0,
    0, 0, 1, 0, 0, 0, 0, 0,
    0, 0, 0, 0, 0, 0, 0, 0,
    0, 0, 0, 3, 0, 0, 0, 0,
    0, 0, 0, 0, 1, 1, 1, 12,
    0, 7, -6, 0, 0, 0, 0, -14,
    -15, 2, 12, 6, 4, -10, 2, 13,
    1, 11, 3, 8, 0, 0, 0, 0,
    0, 0, 0, 0, 0, 0, 0, 15,
    2, -2, 0, 0, 0, 0, 0, 0,
    0, 0, 0, 0, 0, 0, 0, 0,
    -5, 5, 0, 5, 12, 0, -11, 0,
    0, 0, 0, 0, 0, -8, 0, 0,
    0, 0, 0, -5, 4, 5, 0, 0,
    -3, 0, -2, 3, 0, -3, 0, -3,
    -1, -5, 0, 0, 0, 0, -3, 0,
    0, -3, -4, 0, 0, -3, 0, -5,
    0, 0, 0, 0, 0, 0, 0, 0,
    0, -3, -3, 0, -1, 0, 0, 0,
    0, -4, 0, 0, -3, 0, 0, 0,
    -6, -3, 0, -7, 0, -31, 0, 0,
    -5, 0, 5, 8, 0, 0, -5, 3,
    3, 8, 5, -4, 5, 0, 0, -15,
    0, 0, 0, 0, 0, 0, 0, 0,
    0, 0, 0, -9, 0, 0, 0, 0,
    0, 0, 0, 0, 0, 0, 0, 0,
    0, 0, 0, 0, 0, 0, 0, -7,
    0, 0, 0, 0, 0, 0, -5, -5,
    -3, -13, 0, -10, -2, 0, 0, 0,
    0, 1, 10, 0, -8, -2, -1, 1,
    0, -4, 0, 0, -2, -19, 0, 0,
    0, 0, 0, 0, 0, 0, 0, 0,
    0, -20, -2, 10, 0, 0, 0, 0,
    0, 0, 0, 0, 0, 0, 0, 0,
    -3, 0, 0, 0, 0, -10, -11, 0,
    -1, 0, 0, 0, -8, -7, 0, 0,
    0, 0, 0, 0, 0, 0, 0, 0,
    8, 0, 3, 0, 0, -5, 0, 0,
    0, 0, 0, 0, 0, 0, 0, 0,
    0, 0, 0, 0, 0, 0, 0, 10,
    2, 1, 0, 0, 0, 0, 0, 0,
    0, 0, 0, 0, 0, 0, 0, 0,
    0, 4, 0, 0, 0, 0, 0, 0,
    0, 0, 0, 0, 0, 0, 0, 0,
    0, 0, 0, 0, 0, 0, 0, 0,
    0, 0, 0, 0, 0, 0, 0, 0,
    0, 0, 0, 0, 0, 0, -9, 0,
    0, 0, 0, 0, 0, 0, 0, 0,
    0, 0, 0, 0, 0, 0, 0, 0,
    0, 0, 0, 0, 0, 0, 0, 0,
    0, 0, 0, 0, 0, 0, 0, 0,
    0, 0, 2, 5, 3, 8, -3, 0,
    0, 5, -3, -8, -35, 2, 7, 5,
    1, -3, 0, 9, 0, 8, 0, 8,
    0, -24, 0, -3, 8, 0, 8, -3,
    5, 3, 0, 0, 1, -3, 0, 0,
    -4, 20, 0, 20, 0, 8, 0, 11,
    3, 4, 0, 0, 2, 0, 0, 8,
    9, 3, -21, 20, 20, 20, 8, 8,
    0, 0, 0, -9, 0, 0, 0, 0,
    1, -2, 0, 2, -5, -3, -5, 2,
    0, -3, 0, 0, 0, -10, 0, 0,
    0, 0, 0, 0, 0, 0, 0, 0,
    0, -17, 0, 0, 0, 0, 0, 0,
    0, 0, 0, 0, 0, 0, 0, 0,
    0, 0, 2, -6, 3, 0, -22, -3,
    0, 0, 0, 0, 0, 0, 1, -14,
    0, -16, 0, 0, 0, 0, -2, 0,
    25, -3, -3, 3, 3, -2, 0, -3,
    3, 0, 0, -14, 0, 0, 0, 0,
    0, 0, 0, 0, 0, 0, 0, -25,
    0, 3, 0, 0, 0, 0, 0, 0,
    0, 0, 0, 0, 0, 0, 1, 0,
    -3, -8, 0, -16, -33, 1, 3, 0,
    0, 0, -5, -5, 0, 15, 0, 0,
    -9, 0, 8, 0, -17, -25, -17, -5,
    8, 0, 0, -17, 0, 3, -6, 0,
    -4, 0, 0, 0, 0, 0, 0, 0,
    0, 0, 0, 0, 0, 7, 8, -31,
    0, 0, 0, 0, 0, 0, 0, 0,
    0, 0, 0, 0, -17, -3, 0, 10,
    -5, 12, 0, -13, -19, 0, 0, 0,
    13, 13, 0, 2, 0, 0, 0, 0,
    0, 2, 2, -3, -5, 0, -1, -1,
    -3, 0, 0, -2, 0, 0, 0, -5,
    0, -2, 0, -6, -5, 0, -6, -8,
    -8, -5, 0, -5, 0, -5, 0, 0,
    0, 0, -2, 0, 0, 3, 0, 2,
    -3, 0, 0, 0, 0, -3, 0, 1,
    0, 0, -8, 0, 0, 0, 0, 0,
    0, 0, 0, 3, -2, 0, 0, 0,
    -2, 3, 3, -1, 0, 0, 0, -5,
    0, -1, 0, 0, 0, 0, 0, 1,
    0, 3, -2, 0, -3, 0, -4, 0,
    0, -2, 0, 8, 0, 0, -3, 0,
    0, 0, 0, 0, -1, 1, -2, -2,
    0, 0, 0, 0, 0, 0, 0, 0,
    0, 0, 0, 0, 0, 0, 0, -3,
    0, -3, 0, 0, 0, 0, 0, 0,
    0, 0, 0, -1, -1, 0, -3, -3,
    0, 0, 0, 0, 0, 1, 0, 0,
    -2, 0, -3, -3, -3, 0, 0, 0,
    0, 0, 0, 0, 0, 0, -2, 0,
    0, 0, 0, -2, -3, 0, 0, 0,
    0, 0, 0, -4, 0, 0, 0, 0,
    0, 0, 0, 0, 0, -8, -2, -8,
    5, 0, 0, -5, 3, 5, 7, 0,
    -6, -1, -3, 0, -1, -12, 3, -2,
    2, -14, 3, 0, 0, 1, -13, 0,
    -14, -2, -22, -2, 0, -13, 0, 5,
    7, 0, 3, 0, 0, 0, 0, 1,
    0, -5, -3, 0, 0, 3, 3, -3,
    5, -8, -5, 0, 3, 0, 0, 0,
    -6, -3, 0, 0, 0, -3, 0, 0,
    0, -3, 0, 0, 0, 0, 0, -1,
    -1, 0, -1, -3, 0, 0, 0, 0,
    0, 0, 0, -3, -3, 0, -2, -3,
    -2, 0, 0, -3, 0, 0, 0, 0,
    0, 0, 0, 0, 0, 0, 0, -2,
    -2, 0, 0, 0, 0, 0, 0, -3,
    0, 0, 0, 0, 0, 0, 0, 0,
    0, -2, 0, -5, 3, 0, 0, -3,
    1, 3, 3, 0, 0, 0, 0, 0,
    0, -2, 0, 0, 0, 0, 0, 2,
    0, 0, -3, 0, -3, -2, -3, 0,
    0, 0, 0, 0, 0, 0, 2, 0,
    -2, 0, 0, 0, 0, -3, -4, 0,
    0, 0, 3, 0, 5, -5, 0, 0,
    0, 0, 0, 0, -3, 0, 0, 8,
    -2, 1, -8, 0, 0, 7, -13, -13,
    -11, -5, 3, 0, -2, -17, -5, 0,
    -5, 0, -5, 4, -5, -16, 0, -7,
    0, 0, 1, -1, 2, -2, 0, 3,
    0, -8, -10, 0, -13, -6, -5, -6,
    -8, -3, -7, -1, -5, -7, -7, -3,
    -5, 3, -3, 2, 7, -4, -16, -6,
    -6, -6, 3, 5, 0, 1, 0, -3,
    0, 0, 0, 2, 0, 3, 0, 0,
    0, 0, 0, 0, 0, 0, 0, 0,
    0, -3, 0, -1, 0, -1, -3, 0,
    -4, -6, -6, -1, 0, -8, 0, 0,
    0, 0, 0, 0, -2, 0, 0, 0,
    0, 1, -2, 0, 0, 0, 0, -3,
    3, 0, 0, 0, -5, 0, 0, 0,
    -1, 0, 0, 3, 0, 0, 0, 0,
    0, 0, 0, 0, 12, 0, 0, 0,
    0, 0, 0, 2, 0, 0, 0, -3,
    0, 0, 0, 0, 0, 0, 0, 0,
    0, 0, 0, -5, 0, 3, 0, 0,
    0, 0, 0, 0, 0, 0, 0, 0,
    0, 0, 0, 0, 0, -10, 0, 0,
    0, 0, 0, 0, 0, 0, 0, 0,
    -2, 0, 0, 0, -5, 0, 0, 0,
    0, -13, -8, 0, 0, 0, -4, -13,
    0, 0, -3, 3, 0, -7, 0, 0,
    0, 0, 0, 0, 0, 0, 0, 0,
    -4, 0, 0, -5, 0, 0, 0, 0,
    0, 0, 0, 0, 0, 0, 0, 0,
    -2, 0, 0, -4, 0, 3, 0, 3,
    -27, 0, 0, 0, 6, 6, 0, -5,
    0, 0, 0, 0, 3, 0, 2, -5,
    -5, 0, -3, -3, -3, 0, 0, 0,
    0, 0, 0, -8, 0, -3, 0, -4,
    -3, 0, -6, -6, -8, -2, 0, -5,
    0, -8, 0, 0, 0, 0, 20, 0,
    0, 1, 0, 0, -3, 0, 0, 0,
    0, 0, 0, 3, 0, 0, -5, 0,
    0, 0, -3, -4, 0, -11, 0, 0,
    0, 0, 0, -24, -5, 8, 8, -2,
    -11, 0, 3, -4, 0, -13, -1, -3,
    3, -18, -3, 3, 0, 4, -9, -4,
    -9, -8, -11, 0, 0, -15, 0, 15,
    0, 0, -1, 0, 0, 0, -1, -1,
    -3, -7, -8, -1, 3, 0, 0, 0,
    0, -24, -20, 3, 5, 0, 0, 0,
    -8, -8, 0, 0, 0, 0, 0, 0,
    0, 0, 0, 1, 0, 0, 0, 0,
    0, 0, 0, 0, 0, 0, 0, 0,
    0, 0, 0, 0, -3, 0, -1, -3,
    -4, 0, 0, -5, 0, -3, 0, 0,
    0, 0, 0, 0, 0, 0, 0, 0,
    0, 0, 0, 0, 0, 0, 0, 0,
    0, 0, 0, 0, 0, 0, -3, -1,
    0, 0, -1, 0, -5, 0, 0, 5,
    -1, 3, 0, -6, 3, -2, -1, -7,
    -3, 0, -3, -3, -2, 0, -4, -4,
    0, 0, -2, -1, -2, -4, -3, 0,
    0, -3, 0, 3, -2, 0, -6, 0,
    0, 0, -5, 0, -4, 0, -4, -4,
    -3, 0, 0, 0, -2, 3, 2, -1,
    -3, 0, 0, 0, 1, 4, 0, 0,
    0, 0, 0, 0, 0, 0, -5, 3,
    0, -4, 0, -2, -3, -8, -2, -2,
    -2, -1, -2, -3, -1, 0, 0, 0,
    0, 0, -3, -2, -2, 0, 0, 0,
    0, 3, -2, 0, -2, 0, 0, 0,
    -2, -3, -2, -2, -3, -2, -2, 0,
    0, 0, -2, 0, 0, 0, 0, 0,
    0, 0, 0, 0, 2, 10, -1, 0,
    -7, 0, -2, 5, 0, -3, -11, -3,
    4, 0, 0, -12, -4, 3, -4, 2,
    0, -2, -2, -8, 0, -4, 1, 0,
    0, -4, 0, 0, 0, 3, 3, -5,
    -5, 0, -4, -3, -4, -3, -3, 0,
    -4, 1, -5, -4, -3, 0, 0, 0,
    -2, 8, 3, -3, -12, -3, 3, 1,
    4, 7, 0, 0, 0, 0, 0, 0,
    0, 0, 0, 3, 0, 0, 0, 0,
    0, 0, 0, 0, 0, 0, 0, 0,
    0, 0, 0, 0, 0, 0, 0, 0,
    0, 0, 0, -4, 0, 0, 0, 0,
    0, 0, 0, 0, 0, 0, 0, 0,
    0, 0, 0, 0, 0, 0, 0, 0,
    0, 0, 0, 0, 0, 0, -3, 0,
    0, 0, 0, 0, 0, 0, 0, 0,
    0, 0, 0, 0, 0, 0, 0, 0,
    0, 0, 0, 0, 0, 0, 0, 0,
    0, 0, 0, 0, -2, 0, 0, 0,
    0, 0, 0, 0, 0, 0, 0, 0,
    0, 0, 0, 0, 0, 0, 0, 0,
    0, 0, 0, 0, 0, 0, 0, 0,
    0, 0, 0, 0, 0, 0, 0, 0,
    0, 0, 0, 0, 0, 0, 0, -2,
    -3, 0, 0, 0, 0, 0, 0, 0,
    0, 0, 0, 0, 0, -4, 0, 0,
    -3, 0, 0, -3, -3, 0, 0, 0,
    0, -3, 0, 0, 0, 0, -1, 0,
    0, 0, 0, 0, -2, 0, 0, 0,
    0, 0, 0, 0, 0, 0, -2, 0,
    0, 0, 0, 0, 0, 0, -4, 0,
    -5, 0, 0, 0, -8, 0, 2, -6,
    5, 1, -2, -12, 0, 0, -6, -3,
    0, -10, -6, -7, 0, 0, -11, -3,
    -10, -10, -12, 0, -7, 0, 2, 17,
    -3, 0, -6, -3, -1, -3, -4, -7,
    -5, -9, -10, -6, 0, 0, 0, 0,
    0, -3, -2, -1, 0, -3, -3, -3,
    -5, 0, 0, 0, -2, 0, 1, 0,
    0, -18, -2, 8, 6, -6, -9, 0,
    1, -8, 0, -13, -2, -3, 5, -24,
    -3, 1, 0, 0, -17, -3, -13, -3,
    -19, 0, 0, -18, 0, 15, 1, 0,
    -2, 0, 0, 0, 0, -1, -2, -10,
    -2, 0, 0, 0, 0, 0, 0, -17,
    -20, 2, 0, 0, 0, 0, -11, -12,
    0, 0, 0, 0, -8, 0, -2, 0,
    -1, -7, -12, 0, 0, -1, -4, -8,
    -3, 0, -2, 0, 0, 0, 0, -12,
    -3, -8, -8, -2, -4, -6, -3, -4,
    0, -5, -2, -8, -4, 0, -3, -5,
    -3, -5, 0, 1, 0, -2, -8, 0,
    0, 0, 0, 0, 0, 5, 0, 0,
    -13, -5, -5, -5, 0, 3, 0, -5,
    0, 0, 0, 0, 3, 0, 2, -5,
    10, 0, -3, -3, -3, 0, 0, 0,
    0, 0, 0, -8, 0, -3, 0, -4,
    -3, 0, -6, -6, -8, -2, 0, -5,
    2, 10, 0, 0, 0, 0, 20, 0,
    0, 1, 0, 0, -3, 0, 0, 0,
    0, 0, 0, 3, 0, 0, -5, 0,
    0, 0, -3, -4, 0, 0, 0, 0,
    0, 0, 0, 0, -1, 0, 0, 0,
    0, 0, -2, -5, 0, 0, 0, 0,
    0, -1, 0, 0, 0, -3, -3, 0,
    0, -5, -3, 0, 0, -5, 0, 4,
    -1, 0, 0, 0, 0, 0, 0, 1,
    0, 0, 0, 0, 0, 0, 0, 0,
    0, 4, 0, 0, -3, 0, 0, 0,
    1, 0, 5, 2, -2, 0, -8, -4,
    0, 8, -8, -8, -5, -5, 10, 5,
    3, -22, -2, 5, -3, 0, -3, 3,
    -3, -9, 0, -3, 3, -3, -2, -8,
    -2, 0, 0, 8, 5, 0, -7, 0,
    -14, -3, 7, -3, -10, 1, -3, -8,
    -8, -3, -5, 0, 0, 0, 0, 10,
    8, -3, -15, 3, 9, 5, 7, 7,
    3, 0, -4, 0, -7, 0, 2, 8,
    -6, -9, -10, -6, 8, 0, 1, -19,
    -2, 3, -4, -2, -6, 0, -6, -9,
    -4, -4, -2, 0, 0, -6, -5, -3,
    0, 8, 6, -3, -14, 0, -14, -4,
    0, -9, -15, -1, -8, -4, -8, -7,
    -8, 0, 0, 0, 0, 7, 6, -3,
    -18, 5, 9, 5, 5, 8, 0, 0,
    -3, 0, -5, -2, 0, -3, -5, 0,
    4, -8, 3, 0, 0, -14, 0, -3,
    -6, -4, -2, -8, -6, -8, -6, 0,
    -8, -3, -6, -5, -8, -3, 0, 0,
    1, 12, -4, 0, -8, -3, 0, -3,
    -5, -6, -7, -7, -10, -3, -3, 0,
    0, 0, 0, -5, 0, -2, 1, -3,
    -3, -3, 0, 2, 5, 0, -4, 0,
    -13, -3, 2, 5, -8, -9, -5, -8,
    8, -3, 1, -24, -5, 5, -6, -4,
    -9, 0, -8, -11, -3, -3, -2, -3,
    -5, -8, -1, 0, 0, 8, 7, -2,
    -17, 0, -15, -6, 6, -10, -17, -5,
    -9, -11, -13, -8, -10, 0, 0, 0,
    -5, 5, 6, -5, -21, 8, 7, 6,
    3, 7, 0, 0, 0, 0, -3, 0,
    0, 3, -3, 5, 2, -5, 5, 0,
    0, -8, -1, 0, -1, 0, 1, 1,
    -2, 0, 0, 0, 0, 0, 0, -3,
    0, 0, 0, 0, 2, 8, 1, 0,
    -3, 0, 0, 0, 0, -2, -2, -3,
    0, 0, 1, 0, 0, 0, 0, 0,
    0, 0, 0, 0, 0, 0, 0, 0,
    1, 2, 0, 0, 0, 0, 2, 0,
    -2, 0, 10, 0, 5, 1, 1, -3,
    0, 5, 0, 0, 0, 2, 0, 0,
    0, 0, 0, 0, 0, 0, 0, 0,
    0, 8, 0, 7, 0, 0, 0, 0,
    0, 0, 0, 0, 0, 0, 0, 0,
    1, 0, 0, 4, 0, 0, 1, 0,
    0, 0, 0, 0, 0, 0, 0, -15,
    0, -3, 4, 0, 8, 0, 0, 25,
    3, -5, -5, 3, 3, -2, 1, -13,
    0, 0, 12, -15, 0, 0, 0, 0,
    0, 0, 0, 0, 0, 0, 0, -17,
    10, 36, 0, 0, 0, 0, 0, 0,
    0, 0, 0, 0, 0, 0, 10, 0,
    0, 0, 8, -15, -8, 2, 8, 0,
    0, 0, -13, -13, 0, 0, 0, 0,
    0, 0, 0, 0, 0, 0, 0, 0,
    0, 0, 0, 0, 0, 0, 0, 0,
    0, 0, 0, 0, 0, 0, -4, 0,
    0, -5, -2, 0, 0, 0, 0, 0,
    0, 0, 0, 0, 0, 0, 0, 0,
    0, 0, 0, 0, 0, 0, 0, 0,
    0, 0, 0, 0, 0, 0, 0, 0,
    0, 0, 0, -2, 0, -7, 0, 0,
    1, 0, 0, 3, 33, -5, -2, 8,
    7, -7, 3, 0, 0, 3, 3, -3,
    0, 0, 0, 0, 0, 0, 0, 0,
    0, 0, 0, -33, 7, 0, 0, 0,
    0, 0, 0, 0, 0, 0, 0, 0,
    0, 0, 3, 4, -2, -3, 7, 0,
    -18, 3, 0, 0, 0, 0, 0, 0,
    0, 0, 0, -7, 0, 0, 0, -7,
    0, 0, 0, 0, -6, -1, 0, 0,
    0, -6, 0, -3, 0, -12, 0, 0,
    0, 0, 0, 0, 0, 0, 0, 0,
    0, -17, 0, 0, 0, 0, 1, 0,
    0, 0, 0, 0, 0, -3, 0, 0,
    0, 0, 0, 0, 0, -5, -6, 0,
    0, 0, 0, 0, -3, -2, 0, -4,
    0, -7, 0, 0, 0, -4, 3, -3,
    0, 0, -7, -3, -6, 0, 0, -7,
    0, -3, 0, -12, 0, -3, 0, 0,
    -21, -5, -10, -3, -9, 0, 0, -17,
    0, -7, -1, 0, 0, 0, 0, 0,
    0, 0, 0, -4, -5, -2, 0, 0,
    0, 0, 0, -4, -6, 0, -3, 0,
    0, 0, -3, -1, 0, 0, 0, 0,
    -6, 0, -6, 3, -3, 5, 0, -2,
    -6, -2, -4, -5, 0, -3, -1, -2,
    2, -7, -1, 0, 0, 0, -23, -2,
    -4, 0, -6, 0, -2, -12, -2, 0,
    0, -2, -2, 0, 0, 0, 0, 2,
    0, -2, -4, -2, 0, 0, 0, 0,
    -2, 4, 0, 0, -2, 0, 0, 0,
    5, 6, 0, 0, 0, 0, 0, 0,
    0, 0, 0, 0, 0, 0, 0, 0,
    0, 0, 0, 0, 0, 0, 0, 0,
    0, 0, 0, 0, 0, 0, 0, 0,
    0, 0, 0, 0, 0, 0, 0, 0,
    0, 0, 0, 0, 0, 3, 0, 0,
    0, 0, 0, 0, 0, 0, 0, 0,
    0, 0, 0, 0, 0, 0, 0, 0,
    0, -6, 0, -2, 0, 0, 0, -5,
    3, 0, 0, 0, -7, -3, -5, 0,
    0, -7, 0, -3, 0, -12, 0, 0,
    0, 0, -25, 0, -5, -9, -13, 0,
    0, -17, 0, -2, -4, 0, 0, 0,
    0, 0, 0, 0, 0, -3, -4, -1,
    0, 0, 0, 0, 0, -4, -5, 0,
    -3, 0, 0, 0, -3, -1, 1, 0,
    0, 4, -3, 0, 8, 13, -3, -3,
    -8, 3, 13, 4, 6, -7, 3, 11,
    3, 7, 6, 7, 0, 0, 0, 0,
    0, 0, 0, 0, 0, 0, 0, 16,
    12, -5, -3, 0, -2, 20, 11, 20,
    0, 0, 0, 3, 0, 0, 0, 0,
    0, 0, 0, 9, 11, -1, -3, 17,
    12, 15, 12, 18, 0, 0, -4, 0,
    0, 0, 0, 0, 0, 0, 0, 0,
    -2, 0, 0, 0, 0, 0, 0, 0,
    0, 4, 0, 0, 0, 0, -22, -3,
    -2, -10, -13, 0, 0, -17, 0, 0,
    0, 0, 0, 0, 0, 0, 0, 0,
    0, 0, 0, 0, 0, 0, 0, 0,
    0, 0, 0, 0, 0, 0, 0, 0,
    0, 0, 0, 0, -4, 0, 0, 0,
    0, 0, 0, 0, 0, 0, -2, 0,
    0, 0, 0, 0, 0, 0, 0, 4,
    0, 0, 0, 0, -22, -3, -2, -10,
    -13, 0, 0, -10, 0, 0, 0, 0,
    0, 0, 0, 0, 0, 0, 0, 0,
    0, 0, 0, 0, 0, 0, 0, 0,
    0, 0, 0, 0, 0, 0, 0, 0,
    0, 0, 0, 0, -2, 0, 0, 0,
    -6, 3, 0, -3, 2, 5, 3, -8,
    0, -1, -2, 3, 0, 2, 0, 0,
    0, 0, -6, 0, -2, -2, -5, 0,
    -2, -10, 0, 16, -3, 0, -6, -2,
    0, -2, -4, 0, -3, -7, -5, -3,
    0, 0, 0, 0, 0, 0, 0, 0,
    0, -2, -2, -2, 1, 0, 0, 0,
    -4, 0, 0, 0, 0, 0, 0, 0,
    0, 0, -2, 0, 0, 0, 0, 0,
    0, 0, 0, 4, 0, 0, 0, 0,
    -22, -3, -2, -10, -13, 0, 0, -17,
    0, 0, 0, 0, 0, 0, 13, 0,
    0, 0, 0, 0, 0, 0, 0, 0,
    0, 0, 0, 0, 0, 0, 0, 0,
    0, 0, 0, 0, 0, 0, -4, 0,
    -8, -3, -2, 8, -2, -3, -10, 1,
    -2, 1, -2, -7, 1, 6, 1, 2,
    1, 2, -6, -10, -3, 0, -10, -5,
    -7, -11, -10, 0, -4, -5, -3, -3,
    -2, -2, -3, -2, 0, -2, -1, 4,
    0, 4, -2, 0, 0, 0, 0, 0,
    3, 8, 8, 1, -9, -2, -2, -2,
    8, 8, 0, 0, 0, 0, 0, 0,
    0, 0, 0, 0, 0, 0, -2, -3,
    -3, 0, 0, -7, 0, -1, 0, -4,
    0, 0, 0, 0, 0, 0, 0, 0,
    0, 0, 0, -15, 0, 0, 0, 0,
    0, 0, 0, 0, 0, 0, 0, -3,
    -3, 0, 0, 0, 0, 0, 0, -3,
    -6, 0, 0, 0, 0, 0, 0, 0,
    0, 0, 0, 0, -2, 0, 0, -4,
    -3, 3, 0, -4, -5, -2, 0, -7,
    -2, -6, -2, -3, 0, -4, 0, 0,
    0, 0, 0, 0, 0, 0, 0, 0,
    0, -17, 0, 8, 0, 0, -5, 0,
    0, 0, 0, -3, 0, -3, 0, 0,
    0, 0, 0, 0, -2, -1, -5, 0,
    0, 0, 0, 0, -2, 0, 0, 0,
    -2, 0, -6, 0, 0, 11, -3, -8,
    -8, 2, 3, 3, -1, -7, 2, 4,
    2, 8, 2, 8, -2, -7, 0, 0,
    -10, 0, 0, -8, -7, 0, 0, -5,
    0, -3, -4, 0, -4, 0, -4, 0,
    -2, 4, 0, -2, -8, -3, 0, 0,
    0, 0, 0, 9, 8, 0, -8, 0,
    0, 0, 8, 4, 0, 0, -2, 0,
    -5, 0, 0, 3, -6, 0, 3, -3,
    2, 0, 0, -8, 0, -2, -1, 0,
    -3, 3, -2, 0, 0, 0, -10, -3,
    -6, 0, -8, 0, 0, -12, 0, 9,
    -3, 0, -5, 0, 2, 0, -3, 0,
    -3, -8, 0, -3, 0, 0, 0, 0,
    0, 3, 1, 0, 0, 0, 0, 0,
    0, 0, 0, 0, 0, 0, -2, 0,
    0, 3, -3, 1, 0, 0, -3, -2,
    0, -3, 0, 0, 0, 0, 0, 0,
    0, 0, 0, 0, 0, 0, 0, 0,
    0, 0, 0, -16, 0, 6, 0, 0,
    -2, 0, 0, 0, 0, 1, 0, -3,
    -3, 0, 0, 0, 0, 0, 0, 0,
    0, 0, 0, 0, 0, 0, 0, 0,
    0, 0, 0, 0, 0, 0, 0, 0,
    0, 1, 10, 0, -5, 0, 0, 0,
    0, 0, 0, 0, 0, -1, 0, 0,
    0, 0, 0, 0, 0, 0, 0, 0,
    0, -14, 1, 3, 0, 0, 0, 0,
    0, 0, 0, 0, 0, 0, 0, 0,
    0, 0, 0, -5, 0, 0, 0, 0,
    0, 0, 0, 0, 1, 1, 0, 0,
    -3, 0, -9, 0, 0, 7, -8, -1,
    3, -9, 4, -3, -3, -9, -3, 2,
    -8, -5, -8, 0, -3, -12, 0, -5,
    0, 0, 0, -3, 3, 0, 0, 4,
    1, 4, -10, 0, -8, -5, -6, -5,
    -10, -5, -7, -5, -6, -10, -6, 0,
    0, 0, -3, 0, 3, -3, -6, -5,
    7, 2, -1, 1, 0, 0, 0, 0,
    0, 0, 0, 0, 2, -3, 0, 0,
    0, -2, 0, 0, 0, -3, 0, 0,
    0, 0, 0, 0, 0, 0, 0, 0,
    0, 0, 0, 0, 0, 0, 0, -2,
    0, 0, 0, 0, 0, 0, 0, 0,
    0, 0, 0, 0, 0, 0, 0, 0,
    0, 0, 0, 0, -2, 0, 0, 0,
    0, 0, 3, 5, 0, 0, 0, 0,
    4, 0, -6, -8, -8, -3, 8, 0,
    3, -3, 0, 7, -3, 0, -10, 0,
    0, 0, 0, 0, 0, 0, 0, 0,
    0, 0, 0, 13, 4, -3, 0, 0,
    0, 0, 0, 0, 0, 0, 0, 0,
    0, 0, -5, 0, 0, 0, 0, 0,
    0, 0, -10, 0, 0, 0, 0, 2,
    0, 0, 0, 0, 0, 0, 0, 0,
    5, 0, 6, 0, 0, 0, 0, 4,
    0, 2, 3, 0, 0, 0, 0, 0,
    0, 0, 0, 0, 0, 0, 0, 0,
    0, 0, 0, 2, 0, 0, 0, 0,
    0, 0, 0, 0, 0, 0, 0, 0,
    0, 0, 0, 0, 0, 0, 0, 0,
    0, 0, 0, 0, 3, 3, 0, 0,
    0, 0, 0, 0, 0, 0, -3, 1,
    2, 0, -1, 0, 0, 2, 2, 0,
    0, 0, 0, -3, 0, 0, 0, 0,
    0, 0, 0, 0, 0, 0, 0, -15,
    0, 3, 0, 0, 0, 0, 0, 0,
    0, 0, 0, 0, 0, 0, 0, 0,
    0, 0, 0, 0, 0, 0, 2, 0,
    0, 0, 0, 0, 0, 5, 0, 6,
    0, 0, 0, 0, 0, -16, -15, 1,
    11, 8, 4, -10, 2, 11, 0, 9,
    0, 5, 0, 0, 0, 0, 0, 0,
    0, 0, 0, 0, 0, 14, 0, 0,
    0, 0, 0, 0, 0, 0, 0, 0,
    0, 0, 0, 0, 0, 0, 0, 0,
    0, 0, 0, 0, -16, 0, 0, 0,
    0, 0, -1, -9, 0, -15, -4, 0,
    0, 0, -10, 1, 10, -12, -11, 0,
    0, -11, 0, -11, -11, 0, -1, -34,
    0, 0, 0, 0, 0, 0, 0, 0,
    0, 0, 0, -24, 2, 13, 0, 0,
    0, 0, 0, 0, 0, 0, 0, 0,
    0, 0, 0, 2, -5, -13, 1, -15,
    -23, -3, -7, 0, 0, 0, -6, -5,
    0, 0, 0, 0, 0, 0, 0, 0,
    0, -6, -8, 0, -5, -6, -5, 0,
    -3, 0, 0, 0, 0, -8, 0, -8,
    0, -10, -6, 0, -3, -8, -8, -5,
    0, -10, 0, -8, -3, 0, 0, 0,
    -3, 0, 0, 1, 0, 0, -3, 0,
    0, 0, 0, 0, 0, 0, 0, 0,
    -6, 0, 0, 0, 0, 0, 0, 0,
    -4, 0, 0, 0, 0, 20, 0, 0,
    0, 0, -2, 0, 0, 0, 0, 0,
    0, 0, 0, 10, 0, 0, 0, 0,
    -22, -3, -2, -10, -13, 0, 0, -17,
    0, 0, 0, 0, 0, 0, 0, 0,
    0, 0, 0, 0, 0, 0, 0, 0,
    0, 0, 0, 0, 0, 0, 0, 0,
    0, 0, 0, 0, 0, 0, 0, 0,
    0, 0, 0, 3, 0, -5, 0, 2,
    0, 0, -2, 0, 0, 0, 0, 0,
    0, -2, 0, 0, 0, 0, 0, 0,
    0, 0, 0, 0, 0, -3, 0, -5,
    0, 0, 0, 0, 0, 0, 0, 0,
    0, 0, 0, 0, 0, 0, 0, 0,
    0, 5, 0, 0, -2, 0, 0, 0,
    0, 3, 1, 0, 0, 10, -3, 0,
    0, 0, 0, -5, -13, 0, 9, 3,
    5, -9, 0, 11, -1, 8, 0, 9,
    0, 0, 0, 0, 0, 0, 0, 0,
    0, 0, 0, 13, 0, 0, 0, 0,
    0, 0, 0, 0, 0, 0, 0, 0,
    0, 0, 1, 0, 0, 0, 3, 0,
    9, 0, -8, 0, 0, 0, 7, 7,
    1, 0, 0, 10, -3, 0, 0, 0,
    0, -5, -13, 0, 12, 5, 4, -15,
    0, 7, 0, 3, 0, 9, 0, 0,
    0, 0, 0, 0, 0, 0, 0, 0,
    0, 13, 0, 0, 0, 0, 0, 0,
    0, 0, 0, 0, 0, 0, 0, 0,
    1, 0, 0, 2, 3, 0, 9, 0,
    -8, 0, 0, 0, 7, 7
};


/*Collect the kern class' data in one place*/
static const lv_font_fmt_txt_kern_classes_t kern_classes =
{
    .class_pair_values   = kern_class_values,
    .left_class_mapping  = kern_left_class_mapping,
    .right_class_mapping = kern_right_class_mapping,
    .left_class_cnt      = 73,
    .right_class_cnt     = 62,
};

/*--------------------
 *  ALL CUSTOM DATA
 *--------------------*/

#if LVGL_VERSION_MAJOR == 8
/*Store all the custom data of the font*/
static  lv_font_fmt_txt_glyph_cache_t cache;
#endif

#if LVGL_VERSION_MAJOR >= 8
static const lv_font_fmt_txt_dsc_t font_dsc = {
#else
static lv_font_fmt_txt_dsc_t font_dsc = {
#endif
    .glyph_bitmap = glyph_bitmap,
    .glyph_dsc = glyph_dsc,
    .cmaps = cmaps,
    .kern_dsc = &kern_classes,
    .kern_scale = 16,
    .cmap_num = 10,
    .bpp = 4,
    .kern_classes = 1,
    .bitmap_format = 0,
#if LVGL_VERSION_MAJOR == 8
    .cache = &cache
#endif
};



/*-----------------
 *  PUBLIC FONT
 *----------------*/

/*Initialize a public general font descriptor*/
#if LVGL_VERSION_MAJOR >= 8
const lv_font_t perch_font_16 = {
#else
lv_font_t perch_font_16 = {
#endif
    .get_glyph_dsc = lv_font_get_glyph_dsc_fmt_txt,    /*Function pointer to get glyph's data*/
    .get_glyph_bitmap = lv_font_get_bitmap_fmt_txt,    /*Function pointer to get glyph's bitmap*/
    .line_height = 21,          /*The maximum line height required by the font*/
    .base_line = 4,             /*Baseline measured from the bottom of the line*/
#if !(LVGL_VERSION_MAJOR == 6 && LVGL_VERSION_MINOR == 0)
    .subpx = LV_FONT_SUBPX_NONE,
#endif
#if LV_VERSION_CHECK(7, 4, 0) || LVGL_VERSION_MAJOR >= 8
    .underline_position = -1,
    .underline_thickness = 1,
#endif
    .dsc = &font_dsc,          /*The custom font data. Will be accessed by `get_glyph_bitmap/dsc` */
#if LV_VERSION_CHECK(8, 2, 0) || LVGL_VERSION_MAJOR >= 9
    .fallback = NULL,
#endif
    .user_data = NULL,
};



#endif /*#if PERCH_FONT_16*/

